feature,Acquisition_mode,RT_min,precursor_mz,metadata,coef,stderr,CI_lower,CI_upper,pval,qval,evidence,N,N.not.zero,Final_name,Name_n_features,Name_status,Kingdom,Superclass,Class,Subclass,Parent.Level.1,Parent.Level.2,Parent.Level.3,Parent.Level.4,Parent.Level.5,Annotation_Confidence,Area_CV_percent,MW,Ring_class
RP_6.745_275.15998,RP,6.745,275.15998,WT_drawdown,-2.148350077314297,0.695539477762741,-3.5116074537292694,-0.7850927008993245,0.005962818802246358,0.2561302415617493,Exploratory (nominal P < 0.05 only),27,27,NA,NA,unnamed feature,NA,NA,NA,NA,NA,NA,NA,NA,NA,L4,286,NA,NA
RP_16.161_309.13311,RP,16.161,309.13311,WT_drawdown,-2.0757021190294274,0.7513156747066283,-3.548280841454419,-0.6031233966044358,0.011935261396654262,0.30188531030500015,Exploratory (nominal P < 0.05 only),27,27,NP-016564,1,name unique to this feature,Organic compounds,Phenylpropanoids and polyketides,Isocoumarins and derivatives,,Isocoumarins and derivatives,,,,,L2,518.4,NA,Multi-ring
RP_18.275_342.33656,RP,18.275,342.33656,WT_drawdown,-2.0749441390458414,0.5710714152305407,-3.1942441128977013,-0.9556441651939815,0.0017386719602216474,0.17639264758302858,Exploratory (nominal P < 0.05 only),27,27,NA,NA,unnamed feature,NA,NA,NA,NA,NA,NA,NA,NA,NA,L4,348.5,NA,NA
RP_17.711_263.20389,RP,17.711,263.20389,WT_drawdown,-1.9182430652879048,0.5788705094209785,-3.0528292637530225,-0.783656866822787,0.002912328277248654,0.212166213219136,Exploratory (nominal P < 0.05 only),27,27,NA,NA,unnamed feature,NA,NA,NA,NA,NA,NA,NA,NA,NA,L4,197.9,NA,NA
RP_14.634_161.11713,RP,14.634,161.11713,WT_drawdown,-1.7963303450983956,0.5976359222868415,-2.967696752780605,-0.6249639374161864,0.006121843489738747,0.25752510019494673,Exploratory (nominal P < 0.05 only),27,27,NA,NA,unnamed feature,NA,NA,NA,NA,NA,NA,NA,NA,NA,L4,252.6,NA,NA
RP_14.635_245.06952,RP,14.635,245.06952,WT_drawdown,-1.7474857004554463,0.5633975150121139,-2.8517448298791894,-0.6432265710317031,0.004867716572428245,0.24269072933644575,Exploratory (nominal P < 0.05 only),27,27,NA,NA,unnamed feature,NA,NA,NA,NA,NA,NA,NA,NA,NA,L4,222.8,NA,NA
RP_20.205_479.26369,RP,20.205,479.26369,WT_drawdown,-1.686452581598294,0.5356855199344898,-2.736396200669894,-0.6365089625266942,0.005228510326855551,0.24269072933644575,Exploratory (nominal P < 0.05 only),27,27,Virescenoside U,1,name unique to this feature,Organic compounds,Lipids and lipid-like molecules,Prenol lipids,Terpene glycosides,Diterpene glycosides,,,,,L3,256.7,NA,NA
RP_14.634_263.04229,RP,14.634,263.04229,WT_drawdown,-1.6302152358601052,0.48038494828360306,-2.571769734495967,-0.6886607372242433,0.0023951995590146685,0.19266560615873032,Exploratory (nominal P < 0.05 only),27,27,NA,NA,unnamed feature,NA,NA,NA,NA,NA,NA,NA,NA,NA,NA,212.5,NA,NA
RP_20.204_443.24254,RP,20.204,443.24254,WT_drawdown,-1.621294570244356,0.5360131123179307,-2.6718802703875,-0.5707088701012117,0.006880104829716928,0.26272281342324266,Exploratory (nominal P < 0.05 only),27,27,NA,NA,unnamed feature,NA,NA,NA,NA,NA,NA,NA,NA,NA,L4,251.3,NA,NA
RP_17.254_375.25277,RP,17.254,375.25277,WT_drawdown,-1.5678518848468028,0.4901025386277781,-2.528452860557248,-0.6072509091363578,0.0038497314898428186,0.2252910778704865,Exploratory (nominal P < 0.05 only),27,27,NA,NA,unnamed feature,NA,NA,NA,NA,NA,NA,NA,NA,NA,L4,124,NA,NA
RP_12.717_257.08074,RP,12.717,257.08074,WT_drawdown,-1.5320007332236536,0.35250169144678434,-2.222904048459351,-0.8410974179879563,2.1907916041738243e-4,0.08097658161645949,Suggestive (FDR < 0.10),27,27,NA,NA,unnamed feature,NA,NA,NA,NA,NA,NA,NA,NA,NA,L4,105.2,NA,NA
RP_10.625_217.03823,RP,10.625,217.03823,WT_drawdown,-1.5271358947651394,0.49955826487785965,-2.5062700939257443,-0.5480016956045346,0.00541795056027256,0.24516822975823674,Exploratory (nominal P < 0.05 only),27,27,Nithiazide,1,name unique to this feature,Organic compounds,Organoheterocyclic compounds,Azoles,Thiazoles,Nitrothiazoles,,,,,L3,225.5,216.03171999999998,NA
RP_4.904_156.13818,RP,4.904,156.13818,WT_drawdown,-1.486456570778484,0.2145579573511974,-1.906990167186831,-1.065922974370137,9.124858125768806e-7,0.004686527133394859,Confirmatory (FDR < 0.05),27,27,NA,NA,unnamed feature,NA,NA,NA,NA,NA,NA,NA,NA,NA,L4,244.9,NA,NA
RP_10.57_481.11283,RP,10.57,481.11283,WT_drawdown,-1.4838584923809042,0.5191273863800414,-2.5013481696857855,-0.466368815076023,0.008666111867598735,0.2755984554302607,Exploratory (nominal P < 0.05 only),27,27,"3,5,7-Trihydroxy-2-[7-hydroxy-2-(4-hydroxy-3-methoxyphenyl)-3-(hydroxymethyl)-2,3-dihydro-1-benzofuran-5-yl]chromen-4-one",1,name unique to this feature,Organic compounds,Phenylpropanoids and polyketides,2-arylbenzofuran flavonoids,,2-arylbenzofuran flavonoids,,,,,L3,223.5,NA,Multi-ring
RP_18.803_239.16156,RP,18.803,239.16156,WT_drawdown,-1.4811545539842492,0.6371700118044822,-2.7300077771210343,-0.23230133084746418,0.02887835699738072,0.36175424765499364,Exploratory (nominal P < 0.05 only),27,27,NA,NA,unnamed feature,NA,NA,NA,NA,NA,NA,NA,NA,NA,L4,268.1,NA,NA
RP_16.924_261.16952,RP,16.924,261.16952,WT_drawdown,-1.4640846644231003,0.4383543651865429,-2.3232592201887243,-0.6049101086574762,0.0033431467176721725,0.22095827027813936,Exploratory (nominal P < 0.05 only),27,27,NA,NA,unnamed feature,NA,NA,NA,NA,NA,NA,NA,NA,NA,L4,389.9,NA,NA
RP_11.609_273.07563,RP,11.609,273.07563,WT_drawdown,-1.444725414553045,0.3687064509475134,-2.167390058410171,-0.7220607706959188,6.474689235479911e-4,0.1323544602923567,Exploratory (nominal P < 0.05 only),27,27,Alternariolmethylether,2,name shared with other features,NA,NA,NA,NA,NA,NA,NA,NA,NA,L2,151.6,NA,NA
RP_9.938_499.15982,RP,9.938,499.15982,WT_drawdown,-1.439828078793257,0.5028963274044207,-2.4255048805059216,-0.45415127708059233,0.00857132037709355,0.2755984554302607,Exploratory (nominal P < 0.05 only),27,27,NA,NA,unnamed feature,NA,NA,NA,NA,NA,NA,NA,NA,NA,L4,243.7,NA,NA
RP_19.241_597.37579,RP,19.241,597.37579,WT_drawdown,-1.4176872372527156,0.3045927103978936,-2.0146889496325873,-0.8206855248728442,1.4969535936067336e-4,0.07322925886416555,Suggestive (FDR < 0.10),27,27,NA,NA,unnamed feature,NA,NA,NA,NA,NA,NA,NA,NA,NA,NA,143,NA,NA
RP_10.706_291.08619,RP,10.706,291.08619,WT_drawdown,-1.3939967952356893,0.39973355830752344,-2.177474569518435,-0.6105190209529434,0.0019010679691718918,0.18422424697484596,Exploratory (nominal P < 0.05 only),27,27,NA,NA,unnamed feature,NA,NA,NA,NA,NA,NA,NA,NA,NA,L4,162.4,NA,NA
RP_9.148_263.14233,RP,9.148,263.14233,WT_drawdown,-1.3913705984453855,0.574058426506418,-2.5165251143979646,-0.26621608249280615,0.025062919281679807,0.35785245174915226,Exploratory (nominal P < 0.05 only),27,27,NA,NA,unnamed feature,NA,NA,NA,NA,NA,NA,NA,NA,NA,NA,208.6,NA,NA
RP_14.599_297.14836,RP,14.599,297.14836,WT_drawdown,-1.3777007156572467,0.5258045604910908,-2.408277654219785,-0.34712377709470865,0.016786723151611456,0.32719771955709154,Exploratory (nominal P < 0.05 only),27,27,"(1E)-1,7-bis(4-hydroxyphenyl)hept-1-en-3-one",1,name unique to this feature,Organic compounds,Phenylpropanoids and polyketides,Diarylheptanoids,Linear diarylheptanoids,Linear diarylheptanoids,,,,,L2,622.8,NA,Multi-ring
RP_12.851_147.10149,RP,12.851,147.10149,WT_drawdown,-1.3574721292281948,0.4236378427271577,-2.187802300973424,-0.5271419574829658,0.003800701424192491,0.2252910778704865,Exploratory (nominal P < 0.05 only),27,27,NA,NA,unnamed feature,NA,NA,NA,NA,NA,NA,NA,NA,NA,NA,232.8,NA,NA
RP_12.091_146.05997,RP,12.091,146.05997,WT_drawdown,-1.354279052992888,0.4060243689762345,-2.150086816186308,-0.5584712897994685,0.00354279938854875,0.2252910778704865,Exploratory (nominal P < 0.05 only),27,27,Indole-3-carboxaldehyde,2,name shared with other features,Organic compounds,Organoheterocyclic compounds,Indoles and derivatives,Indoles,Indoles,,,,,L1,528.9,145.05279000000002,NA
RP_14.183_331.11756,RP,14.183,331.11756,WT_drawdown,-1.3516009264016793,0.343545776510193,-2.0249506483616577,-0.678251204441701,8.500344744994448e-4,0.1409261400646713,Exploratory (nominal P < 0.05 only),27,27,NA,NA,unnamed feature,NA,NA,NA,NA,NA,NA,NA,NA,NA,L4,208.8,NA,NA
RP_7.453_249.12659,RP,7.453,249.12659,WT_drawdown,-1.3410304501493446,0.627903701123031,-2.571721704350485,-0.11033919594820407,0.043107570523266074,0.3873366499385136,Exploratory (nominal P < 0.05 only),27,27,Valylmethionine,1,name unique to this feature,NA,NA,NA,NA,NA,NA,NA,NA,NA,L3,NA,NA,NA
RP_7.611_194.13991,RP,7.611,194.13991,WT_drawdown,-1.3407313073851899,0.24814739193721824,-1.8271001955821375,-0.8543624191882422,3.0325572152276378e-5,0.06367998915505424,Suggestive (FDR < 0.10),27,27,NA,NA,unnamed feature,NA,NA,NA,NA,NA,NA,NA,NA,NA,L4,183.8,NA,NA
RP_14.636_143.10656,RP,14.636,143.10656,WT_drawdown,-1.3258824791555721,0.3873077680652953,-2.085005704563551,-0.5667592537475933,0.0022261026042110776,0.19225684021268957,Exploratory (nominal P < 0.05 only),27,27,NA,NA,unnamed feature,NA,NA,NA,NA,NA,NA,NA,NA,NA,NA,184.4,NA,NA
RP_18.711_221.15349,RP,18.711,221.15349,WT_drawdown,-1.3204884175774383,0.34680916057079497,-2.0002343722961964,-0.6407424628586802,0.0011709415696214173,0.14580261288236793,Exploratory (nominal P < 0.05 only),27,27,"2,6-Di-tert-butyl-1,4-benzoquinone",4,name shared with other features,Organic compounds,Lipids and lipid-like molecules,Prenol lipids,Monoterpenoids,Monocyclic monoterpenoids,,,,,L2,166.4,NA,NA
RP_7.891_249.12659,RP,7.891,249.12659,WT_drawdown,-1.3086134629621533,0.49766982330005904,-2.284046316630269,-0.3331806092940376,0.014689836073167001,0.32195644898059395,Exploratory (nominal P < 0.05 only),27,27,2-[(2-Azaniumyl-4-methylsulfanylbutanoyl)amino]-3-methylbutanoate,1,name unique to this feature,Organic compounds,Organic acids and derivatives,Carboxylic acids and derivatives,"Amino acids, peptides, and analogues",Peptides,Dipeptides,,,,L3,210.8,NA,NA
RP_12.28_217.04942,RP,12.28,217.04942,WT_drawdown,-1.3077657684512514,0.3397476125116006,-1.9736710889739886,-0.6418604479285142,7.705831502354265e-4,0.13809684481411327,Exploratory (nominal P < 0.05 only),27,27,NP-002016,1,name unique to this feature,NA,NA,NA,NA,NA,NA,NA,NA,NA,L2,118.2,NA,NA
RP_10.533_516.18636,RP,10.533,516.18636,WT_drawdown,-1.2738458846276894,0.4824994203169142,-2.219544748448841,-0.3281470208065377,0.014339734442767843,0.3216108126552648,Exploratory (nominal P < 0.05 only),27,27,13-Dihydrocarminomycin,1,name unique to this feature,NA,NA,NA,NA,NA,NA,NA,NA,NA,L3,227.2,515.17924,NA
RP_7.106_206.08103,RP,7.106,206.08103,WT_drawdown,-1.2692685414706648,0.49044917298282237,-2.2305489205169966,-0.307988162424333,0.016136898347982057,0.32374652310639,Exploratory (nominal P < 0.05 only),27,27,NA,NA,unnamed feature,NA,NA,NA,NA,NA,NA,NA,NA,NA,L4,123.9,NA,NA
RP_1.48_116.08168,RP,1.48,116.08168,WT_drawdown,-1.2690815508304318,0.34268517923156844,-1.940744502124306,-0.5974185995365577,0.0011109734154077433,0.14500847011928786,Exploratory (nominal P < 0.05 only),27,27,N-(aminomethylidene)-N'-(2-hydroxyethyl)methanimidamide,1,name unique to this feature,NA,NA,NA,NA,NA,NA,NA,NA,NA,L3,111.9,NA,NA
RP_9.507_146.05995,RP,9.507,146.05995,WT_drawdown,-1.2657549872013147,0.3601863835871991,-1.9717202990322251,-0.5597896753704045,0.001778894370007822,0.17639264758302858,Exploratory (nominal P < 0.05 only),27,27,8-Hydroxyquinoline,1,name unique to this feature,Organic compounds,Organoheterocyclic compounds,Quinolines and derivatives,8-hydroxyquinolines,8-hydroxyquinolines,,,,,L2,175,NA,NA
RP_12.828_191.08141,RP,12.828,191.08141,WT_drawdown,-1.2469745245197308,0.4164234798947291,-2.0631645451133998,-0.4307845039260617,0.006287541156914704,0.2582971683559236,Exploratory (nominal P < 0.05 only),27,27,2-[(1S)-1-Hydroxyethyl]-4(1H)-quinazolinone,1,name unique to this feature,Organic compounds,Organoheterocyclic compounds,Diazanaphthalenes,Benzodiazines,Quinazolines,,,,,L2,108.7,NA,NA
RP_14.251_349.10696,RP,14.251,349.10696,WT_drawdown,-1.243876311841596,0.584815904321057,-2.3901154843108676,-0.09763713937232432,0.04390102640401489,0.39009631766612535,Exploratory (nominal P < 0.05 only),27,27,Calopogoniumisoflavone B,1,name unique to this feature,Organic compounds,Phenylpropanoids and polyketides,Isoflavonoids,Pyranoisoflavonoids,Pyranoisoflavonoids,,,,,L3,152.6,NA,Multi-ring
RP_1.156_219.13376,RP,1.156,219.13376,WT_drawdown,-1.2369225831591077,0.5070284574104275,-2.2306983596835455,-0.24314680663466992,0.02456812309823264,0.35785245174915226,Exploratory (nominal P < 0.05 only),27,27,NA,NA,unnamed feature,NA,NA,NA,NA,NA,NA,NA,NA,NA,L4,255,NA,NA
RP_1.191_122.06328,RP,1.191,122.06328,WT_drawdown,-1.23415644105343,0.41621692308926317,-2.0499416103083856,-0.4183712717984742,0.006740031007962377,0.26272281342324266,Exploratory (nominal P < 0.05 only),27,27,NA,NA,unnamed feature,NA,NA,NA,NA,NA,NA,NA,NA,NA,L4,262.9,NA,NA
RP_3.552_121.03951,RP,3.552,121.03951,WT_drawdown,-1.2330545639580452,0.271021624533676,-1.7642569480440502,-0.7018521798720403,2.2035750019902447e-4,0.08097658161645949,Suggestive (FDR < 0.10),27,27,NA,NA,unnamed feature,NA,NA,NA,NA,NA,NA,NA,NA,NA,L4,179.1,NA,NA
RP_1.154_90.06613,RP,1.154,90.06613,WT_drawdown,-1.2114373514869783,0.34645329147000614,-1.8904858027681903,-0.5323889002057662,0.0018575413740848706,0.18172061899618847,Exploratory (nominal P < 0.05 only),27,27,1-(Aminomethyl)urea,1,name unique to this feature,Organic compounds,Organic acids and derivatives,Organic carbonic acids and derivatives,Ureas,Ureas,,,,,L3,141,NA,NA
RP_18.428_574.35978,RP,18.428,574.35978,WT_drawdown,-1.1993503339560279,0.35832598276510474,-1.901669260175633,-0.4970314077364226,0.0032360504966007335,0.22076969241454145,Exploratory (nominal P < 0.05 only),27,27,NA,NA,unnamed feature,NA,NA,NA,NA,NA,NA,NA,NA,NA,NA,136.1,NA,NA
RP_13.134_257.08073,RP,13.134,257.08073,WT_drawdown,-1.1888558096012314,0.3181374462769943,-1.8124052043041403,-0.5653064148983226,0.0010214468750465852,0.14178786892538545,Exploratory (nominal P < 0.05 only),27,27,NA,NA,unnamed feature,NA,NA,NA,NA,NA,NA,NA,NA,NA,NA,110,NA,NA
RP_19.578_317.23205,RP,19.578,317.23205,WT_drawdown,-1.1656887263405977,0.36953484709973944,-1.8899770266560871,-0.44140042602510843,0.004287251093034069,0.23604531454731714,Exploratory (nominal P < 0.05 only),27,27,Butalamine,1,name unique to this feature,Organic compounds,Organoheterocyclic compounds,Azoles,Oxadiazoles,"1,2,4-oxadiazoles",Phenyloxadiazoles,,,,L3,311.5,NA,NA
RP_20.134_576.41052,RP,20.134,576.41052,WT_drawdown,-1.161381590760024,0.5085443648373016,-2.158128545841135,-0.1646346356789129,0.03649788025926281,0.37724509919752675,Exploratory (nominal P < 0.05 only),27,27,NA,NA,unnamed feature,NA,NA,NA,NA,NA,NA,NA,NA,NA,NA,526.5,NA,NA
RP_20.135_576.41027,RP,20.135,576.41027,WT_drawdown,-1.161381590760024,0.5085443648373016,-2.158128545841135,-0.1646346356789129,0.03649788025926281,0.37724509919752675,Exploratory (nominal P < 0.05 only),27,27,NA,NA,unnamed feature,NA,NA,NA,NA,NA,NA,NA,NA,NA,L4,526.4,NA,NA
RP_15.925_247.15383,RP,15.925,247.15383,WT_drawdown,-1.1582952548964376,0.3860714903754824,-1.914995376032383,-0.40159513376049216,0.007266737302662319,0.2652521786891046,Exploratory (nominal P < 0.05 only),27,27,NA,NA,unnamed feature,NA,NA,NA,NA,NA,NA,NA,NA,NA,L4,369.9,NA,NA
RP_11.798_230.05589,RP,11.798,230.05589,WT_drawdown,-1.157106710922816,0.46508404534483316,-2.068671439798689,-0.24554198204694289,0.02018790635215674,0.34005146047338436,Exploratory (nominal P < 0.05 only),27,27,NA,NA,unnamed feature,NA,NA,NA,NA,NA,NA,NA,NA,NA,NA,135.9,NA,NA
RP_7.15_153.04061,RP,7.15,153.04061,WT_drawdown,-1.153309104199924,0.41599477243898847,-1.9686588581803415,-0.3379593502195065,0.010585057000564089,0.28994588135945154,Exploratory (nominal P < 0.05 only),27,27,Xanthine,3,name shared with other features,Organic compounds,Organoheterocyclic compounds,Imidazopyrimidines,Purines and purine derivatives,Xanthines,,,,,L3,308.1,136.03851,NA
RP_11.805_233.04431,RP,11.805,233.04431,WT_drawdown,-1.1462167189284975,0.42766224695928495,-1.984434722968696,-0.307998714888299,0.013086966004663848,0.3117847972007533,Exploratory (nominal P < 0.05 only),27,27,NA,NA,unnamed feature,NA,NA,NA,NA,NA,NA,NA,NA,NA,NA,136.5,NA,NA
RP_19.629_611.39138,RP,19.629,611.39138,WT_drawdown,-1.1373563981206138,0.31286013825245085,-1.7505622690954175,-0.5241505271458102,0.0016742338200595296,0.17598026837267078,Exploratory (nominal P < 0.05 only),27,27,NA,NA,unnamed feature,NA,NA,NA,NA,NA,NA,NA,NA,NA,NA,112,NA,NA
RP_10.621_229.10044,RP,10.621,229.10044,WT_drawdown,-1.1371958215839502,0.3702225471762144,-1.8628320140493302,-0.41155962911857,0.005231029260349036,0.24269072933644575,Exploratory (nominal P < 0.05 only),27,27,NA,NA,unnamed feature,NA,NA,NA,NA,NA,NA,NA,NA,NA,NA,359.6,NA,NA
RP_10.585_332.1703,RP,10.585,332.1703,WT_drawdown,-1.1348156226513257,0.4336187949657839,-1.9847084607842622,-0.28492278451838926,0.01789668058873425,0.3366935952517916,Exploratory (nominal P < 0.05 only),27,27,NA,NA,unnamed feature,NA,NA,NA,NA,NA,NA,NA,NA,NA,L4,98.8,NA,NA
RP_18.828_583.36022,RP,18.828,583.36022,WT_drawdown,-1.1287558916046037,0.2591145346313692,-1.6366203794820873,-0.62089140372712,3.0838046629468084e-4,0.10558947165929872,Exploratory (nominal P < 0.05 only),27,27,NA,NA,unnamed feature,NA,NA,NA,NA,NA,NA,NA,NA,NA,NA,162.8,NA,NA
RP_5.243_251.10589,RP,5.243,251.10589,WT_drawdown,-1.127588478665957,0.48289634539638304,-2.0740653156428674,-0.18111164168904614,0.030486920229062086,0.3619749586380606,Exploratory (nominal P < 0.05 only),27,27,2-[(2-Amino-3-hydroxybutanoyl)amino]-4-methylsulfanylbutanoic acid,1,name unique to this feature,NA,NA,NA,NA,NA,NA,NA,NA,NA,L3,204.8,NA,NA
RP_10.47_289.10694,RP,10.47,289.10694,WT_drawdown,-1.0993445732744984,0.41415672666322184,-1.9110917575344133,-0.28759738901458365,0.013879949662771871,0.3182474172678407,Exploratory (nominal P < 0.05 only),27,27,NA,NA,unnamed feature,NA,NA,NA,NA,NA,NA,NA,NA,NA,L4,122.2,NA,NA
RP_9.152_479.13351,RP,9.152,479.13351,WT_drawdown,-1.0961746244933683,0.3905934232196456,-1.8617377340038737,-0.330611514982863,0.009781848275620814,0.2851523638098641,Exploratory (nominal P < 0.05 only),27,27,Phelligridin F,1,name unique to this feature,Organic compounds,Benzenoids,Phenols,Benzenediols,Catechols,,,,,L3,233.8,NA,Single-ring
RP_16.8_461.32596,RP,16.8,461.32596,WT_drawdown,-1.0718713744800215,0.3455165854360002,-1.749083881934582,-0.39465886702546105,0.0048614568220057275,0.24269072933644575,Exploratory (nominal P < 0.05 only),27,27,NA,NA,unnamed feature,NA,NA,NA,NA,NA,NA,NA,NA,NA,L4,171.1,NA,NA
RP_2.781_89.0419,RP,2.781,89.0419,WT_drawdown,-1.0703359985337049,0.3540132000626754,-1.7642018706565485,-0.3764701264108611,0.00681529579639068,0.26272281342324266,Exploratory (nominal P < 0.05 only),27,27,(Z)-Methyl 1-propenyl sulfide,1,name unique to this feature,Organic compounds,Organosulfur compounds,Thioethers,Thioenol ethers,Thioenol ethers,,,,,L3,382,NA,NA
RP_16.814_230.21131,RP,16.814,230.21131,WT_drawdown,-1.0632806346967976,0.21566566636321388,-1.4859853407686967,-0.6405759286248984,4.961350778004972e-5,0.06370374398958384,Suggestive (FDR < 0.10),27,27,2S-Amino-tridecanoic acid,1,name unique to this feature,Organic compounds,Lipids and lipid-like molecules,Fatty Acyls,Fatty acids and conjugates,Long-chain fatty acids,,,,,L3,155.4,229.20430000000002,NA
RP_18.148_328.24808,RP,18.148,328.24808,WT_drawdown,-1.057578462461188,0.3291294660216027,-1.7026722158635292,-0.4124847090588466,0.0037192894850986663,0.2252910778704865,Exploratory (nominal P < 0.05 only),27,27,nitro-9E-octadecenoic acid,3,name shared with other features,Organic compounds,Lipids and lipid-like molecules,Fatty Acyls,Fatty acids and conjugates,Long-chain fatty acids,,,,,L3,267.4,NA,NA
RP_18.361_465.29965,RP,18.361,465.29965,WT_drawdown,-1.051061814240099,0.23289263630602733,-1.5075313813999125,-0.5945922470802854,2.36782959461402e-4,0.0838701572271559,Suggestive (FDR < 0.10),27,27,NA,NA,unnamed feature,NA,NA,NA,NA,NA,NA,NA,NA,NA,NA,99,NA,NA
RP_15.323_231.11269,RP,15.323,231.11269,WT_drawdown,-1.0476104659915026,0.4656936920140249,-1.9603701023389914,-0.13485082964401385,0.03391957410923074,0.37019348368127586,Exploratory (nominal P < 0.05 only),27,27,NA,NA,unnamed feature,NA,NA,NA,NA,NA,NA,NA,NA,NA,L4,135.3,NA,NA
RP_14.495_259.11882,RP,14.495,259.11882,WT_drawdown,-1.0446733323221609,0.3599608145579978,-1.7501965288558365,-0.3391501357884852,0.007819885637879468,0.27343307460659627,Exploratory (nominal P < 0.05 only),27,27,NA,NA,unnamed feature,NA,NA,NA,NA,NA,NA,NA,NA,NA,NA,214.7,NA,NA
RP_17.864_520.363,RP,17.864,520.363,WT_drawdown,-1.0442357263269892,0.2698808533433653,-1.5732021988799851,-0.5152692537739932,7.32732677398921e-4,0.13809684481411327,Exploratory (nominal P < 0.05 only),27,27,NA,NA,unnamed feature,NA,NA,NA,NA,NA,NA,NA,NA,NA,NA,100.5,NA,NA
RP_3.554_139.0501,RP,3.554,139.0501,WT_drawdown,-1.0417556646410338,0.22070924719003204,-1.4743457891334966,-0.6091655401485709,1.5282290623443008e-4,0.07322925886416555,Suggestive (FDR < 0.10),27,27,Urocanic acid,2,name shared with other features,Organic compounds,Organoheterocyclic compounds,Azoles,Imidazoles,Substituted imidazoles,Imidazolyl carboxylic acids and derivatives,,,,L2,161,138.04294000000002,NA
RP_9.285_193.07189,RP,9.285,193.07189,WT_drawdown,-1.0413547979652504,0.4984977039601013,-2.018410297727049,-0.06429929820345193,0.04748816843919577,0.39918041424502365,Exploratory (nominal P < 0.05 only),27,27,NA,NA,unnamed feature,NA,NA,NA,NA,NA,NA,NA,NA,NA,NA,NA,NA,NA
RP_13.886_267.10144,RP,13.886,267.10144,WT_drawdown,-1.035132412007485,0.3300396265617661,-1.6820100800685465,-0.38825474394642345,0.004478224508436796,0.2408393829877632,Exploratory (nominal P < 0.05 only),27,27,NA,NA,unnamed feature,NA,NA,NA,NA,NA,NA,NA,NA,NA,L4,111.8,NA,NA
RP_17.571_459.3467,RP,17.571,459.3467,WT_drawdown,-1.0333545190701532,0.34906402067215125,-1.7175199995875696,-0.34918903855273675,0.006817323350005719,0.26272281342324266,Exploratory (nominal P < 0.05 only),27,27,NA,NA,unnamed feature,NA,NA,NA,NA,NA,NA,NA,NA,NA,NA,129.7,NA,NA
RP_19.522_445.31566,RP,19.522,445.31566,WT_drawdown,-1.0318243112169554,0.31273000077214086,-1.6447751127303514,-0.4188735097035593,0.003016244651681804,0.21381617777182907,Exploratory (nominal P < 0.05 only),27,27,NA,NA,unnamed feature,NA,NA,NA,NA,NA,NA,NA,NA,NA,NA,103.2,NA,NA
RP_19.979_625.40715,RP,19.979,625.40715,WT_drawdown,-1.03022054264243,0.2634100886167701,-1.5465043163312995,-0.5139367689535606,8.671364549686046e-4,0.1409261400646713,Exploratory (nominal P < 0.05 only),27,27,NA,NA,unnamed feature,NA,NA,NA,NA,NA,NA,NA,NA,NA,NA,98,NA,NA
RP_18.191_503.33653,RP,18.191,503.33653,WT_drawdown,-1.0233493000262346,0.19075772329928875,-1.3972344376928405,-0.6494641623596287,3.877160379986333e-5,0.06367998915505424,Suggestive (FDR < 0.10),27,27,NA,NA,unnamed feature,NA,NA,NA,NA,NA,NA,NA,NA,NA,NA,106.9,NA,NA
RP_17.165_519.33149,RP,17.165,519.33149,WT_drawdown,-1.0193997493556677,0.24706504891199133,-1.5036472452231706,-0.5351522534881648,5.293489143920786e-4,0.1294636202056055,Exploratory (nominal P < 0.05 only),27,27,Corosin,2,name shared with other features,Organic compounds,Lipids and lipid-like molecules,Prenol lipids,Triterpenoids,Triterpenoids,,,,,L3,99.8,NA,NA
RP_13.077_333.09681,RP,13.077,333.09681,WT_drawdown,-1.01668211421428,0.27598860333205044,-1.5576197767450988,-0.475744451683461,0.0011666343829801733,0.14580261288236793,Exploratory (nominal P < 0.05 only),27,27,NA,NA,unnamed feature,NA,NA,NA,NA,NA,NA,NA,NA,NA,NA,124.9,NA,NA
RP_17.622_359.25788,RP,17.622,359.25788,WT_drawdown,-1.014843242677262,0.22075662876176816,-1.4475262350503275,-0.5821602503041965,1.9076903631412524e-4,0.08097658161645949,Suggestive (FDR < 0.10),27,27,NA,NA,unnamed feature,NA,NA,NA,NA,NA,NA,NA,NA,NA,NA,108.8,NA,NA
RP_8.882_167.01604,RP,8.882,167.01604,WT_drawdown,-1.0135655378523785,0.19658298674287514,-1.3988681918684138,-0.6282628838363432,2.8016298596069698e-5,0.06367998915505424,Suggestive (FDR < 0.10),27,27,NA,NA,unnamed feature,NA,NA,NA,NA,NA,NA,NA,NA,NA,L4,162.9,NA,NA
RP_18.578_417.28455,RP,18.578,417.28455,WT_drawdown,-1.0122569036610152,0.3257552721801707,-1.6507372371341498,-0.3737765701878806,0.004801301277505666,0.24269072933644575,Exploratory (nominal P < 0.05 only),27,27,NA,NA,unnamed feature,NA,NA,NA,NA,NA,NA,NA,NA,NA,NA,147.9,NA,NA
RP_18.082_453.33606,RP,18.082,453.33606,WT_drawdown,-1.0118142591811494,0.23844848682945566,-1.4791732933668826,-0.5444552249954163,4.072199341439838e-4,0.11951323324362861,Exploratory (nominal P < 0.05 only),27,27,Tyromycic acid,2,name shared with other features,Organic compounds,Lipids and lipid-like molecules,Prenol lipids,Triterpenoids,Triterpenoids,,,,,L3,86.6,NA,NA
RP_16.342_503.33662,RP,16.342,503.33662,WT_drawdown,-1.0117391414155401,0.24837662222839058,-1.4985573209831857,-0.5249209618478946,6.137701429343891e-4,0.1323544602923567,Exploratory (nominal P < 0.05 only),27,27,NA,NA,unnamed feature,NA,NA,NA,NA,NA,NA,NA,NA,NA,NA,103.1,NA,NA
RP_18.507_441.33602,RP,18.507,441.33602,WT_drawdown,-1.0117256041392197,0.25733826633788837,-1.516108606161481,-0.5073426021169586,6.263717928878273e-4,0.1323544602923567,Exploratory (nominal P < 0.05 only),27,27,Pfaffic acid,3,name shared with other features,Organic compounds,Lipids and lipid-like molecules,Prenol lipids,Triterpenoids,Triterpenoids,,,,,L3,149.4,440.32925,NA
RP_9.152_514.17074,RP,9.152,514.17074,WT_drawdown,-1.0102276633978142,0.3692623817794165,-1.7339819316854705,-0.2864733951101579,0.011518905046407504,0.29954985477645035,Exploratory (nominal P < 0.05 only),27,27,Carminomycin,1,name unique to this feature,Organic compounds,Phenylpropanoids and polyketides,Anthracyclines,,Anthracyclines,,,,,L3,228.9,543.17415,Multi-ring
RP_1.253_212.07631,RP,1.253,212.07631,WT_drawdown,-1.0063938455864432,0.3051651436200518,-1.6045175270817449,-0.4082701640911416,0.0030276233573218866,0.21381617777182907,Exploratory (nominal P < 0.05 only),27,27,6-Amino-l-gulonic acid,1,name unique to this feature,NA,NA,NA,NA,NA,NA,NA,NA,NA,L3,149.8,NA,NA
RP_13.468_203.07014,RP,13.468,203.07014,WT_drawdown,-1.0047831984701296,0.26748135091609665,-1.529046646265679,-0.4805197506745802,9.726662451260581e-4,0.14178786892538545,Exploratory (nominal P < 0.05 only),27,27,NA,NA,unnamed feature,NA,NA,NA,NA,NA,NA,NA,NA,NA,L4,89.2,NA,NA
RP_16.594_487.34162,RP,16.594,487.34162,WT_drawdown,-1.004720112684236,0.21964336725873118,-1.435221112511349,-0.5742191128571229,2.2073055736573848e-4,0.08097658161645949,Suggestive (FDR < 0.10),27,27,CID 23132228,1,name unique to this feature,Organic compounds,Lipids and lipid-like molecules,Prenol lipids,Triterpenoids,Triterpenoids,,,,,L3,131.5,NA,NA
RP_2.102_219.09743,RP,2.102,219.09743,WT_drawdown,-1.00263152631787,0.4189418727509402,-1.8237575969097128,-0.18150545572602728,0.026771471280206766,0.35785245174915226,Exploratory (nominal P < 0.05 only),27,27,NA,NA,unnamed feature,NA,NA,NA,NA,NA,NA,NA,NA,NA,L4,232.6,NA,NA
RP_20.274_473.34686,RP,20.274,473.34686,WT_drawdown,-1.0009861052859756,0.32013557456018166,-1.6284518314239316,-0.3735203791480196,0.004583230409125082,0.24165109484267375,Exploratory (nominal P < 0.05 only),27,27,NA,NA,unnamed feature,NA,NA,NA,NA,NA,NA,NA,NA,NA,NA,144.8,NA,NA
RP_8.827_182.04939,RP,8.827,182.04939,WT_drawdown,-0.9956848388889261,0.34821577788348174,-1.6781877635405502,-0.3131819142373019,0.00864546514104249,0.2755984554302607,Exploratory (nominal P < 0.05 only),27,27,2-Amino-6-methylmercaptopurine,1,name unique to this feature,Organic compounds,Organoheterocyclic compounds,Imidazopyrimidines,Purines and purine derivatives,6-thiopurines,,,,,L2,153.4,NA,NA
RP_7.488_177.10215,RP,7.488,177.10215,WT_drawdown,-0.9872871730455649,0.3208939268337802,-1.616239269639774,-0.35833507645135576,0.005168513690892329,0.24269072933644575,Exploratory (nominal P < 0.05 only),27,27,NA,NA,unnamed feature,NA,NA,NA,NA,NA,NA,NA,NA,NA,L4,122.3,NA,NA
RP_10.373_189.06575,RP,10.373,189.06575,WT_drawdown,-0.9847624820830985,0.3377578438525735,-1.6467678560341426,-0.3227571081320544,0.007577177774763164,0.27025267396655284,Exploratory (nominal P < 0.05 only),27,27,NA,NA,unnamed feature,NA,NA,NA,NA,NA,NA,NA,NA,NA,L4,95.3,NA,NA
RP_18.878_588.37539,RP,18.878,588.37539,WT_drawdown,-0.9844505605177312,0.32104602246780123,-1.6137007645546215,-0.3552003564808408,0.0061023045990787695,0.25752510019494673,Exploratory (nominal P < 0.05 only),27,27,NA,NA,unnamed feature,NA,NA,NA,NA,NA,NA,NA,NA,NA,NA,111.7,NA,NA
RP_3.208_130.09738,RP,3.208,130.09738,WT_drawdown,-0.9809713808390327,0.1862113669867458,-1.3459456601330544,-0.615997101545011,3.981350178343961e-5,0.06367998915505424,Suggestive (FDR < 0.10),27,27,4-Guanidinobutanal,3,name shared with other features,Organic compounds,Organic oxygen compounds,Organooxygen compounds,Carbonyl compounds,Aldehydes,Alpha-hydrogen aldehydes,,,,L3,122,129.09025,NA
RP_20.275_513.33952,RP,20.275,513.33952,WT_drawdown,-0.98088659492973,0.3450865961573229,-1.6572563233980828,-0.3045168664613771,0.010175250224553234,0.2879343534617378,Exploratory (nominal P < 0.05 only),27,27,NA,NA,unnamed feature,NA,NA,NA,NA,NA,NA,NA,NA,NA,NA,146,NA,NA
RP_17.906_403.28407,RP,17.906,403.28407,WT_drawdown,-0.9798206094555632,0.24378133452065473,-1.4576320251160464,-0.5020091937950799,7.614555843692764e-4,0.13809684481411327,Exploratory (nominal P < 0.05 only),27,27,7b-Hydroxy-3-oxo-5b-cholanoic acid,1,name unique to this feature,Organic compounds,Lipids and lipid-like molecules,Steroids and steroid derivatives,"Bile acids, alcohols and derivatives","Bile acids, alcohols and derivatives",,,,,L3,123.4,NA,NA
RP_17.117_505.35229,RP,17.117,505.35229,WT_drawdown,-0.974579602354443,0.3163968948300316,-1.594717516221305,-0.35444168848758106,0.00604029651308003,0.2574519742006559,Exploratory (nominal P < 0.05 only),27,27,NA,NA,unnamed feature,NA,NA,NA,NA,NA,NA,NA,NA,NA,L4,140.3,NA,NA
RP_15.642_186.09124,RP,15.642,186.09124,WT_drawdown,-0.9678778239400602,0.2802276000064974,-1.517123919952795,-0.4186317279273253,0.0020645778309404494,0.187675606012569,Exploratory (nominal P < 0.05 only),27,27,Naphthaleneacetamide,1,name unique to this feature,Organic compounds,Benzenoids,Naphthalenes,,Naphthalenes,,,,,L2,145.8,185.08411,Multi-ring
RP_17.797_503.33653,RP,17.797,503.33653,WT_drawdown,-0.9609931966976959,0.316043029353852,-1.5804375342312458,-0.341548859164146,0.005632552546055823,0.25093972052753155,Exploratory (nominal P < 0.05 only),27,27,NA,NA,unnamed feature,NA,NA,NA,NA,NA,NA,NA,NA,NA,NA,129.2,NA,NA
RP_16.916_262.14362,RP,16.916,262.14362,WT_drawdown,-0.9542166697090716,0.29629139867462945,-1.5349478111113453,-0.37348552830679793,0.0043487693860436395,0.23604531454731714,Exploratory (nominal P < 0.05 only),27,27,"(3r,11Bs)-9-methoxy-1,3,4,6,7,11b-hexahydro-2h-pyrido[2,1-a]isoquinoline-3-carboxylic acid",1,name unique to this feature,Organic compounds,Organoheterocyclic compounds,Tetrahydroisoquinolines,,Tetrahydroisoquinolines,,,,,L3,141.6,NA,NA
RP_18.404_429.29964,RP,18.404,429.29964,WT_drawdown,-0.9524274728303227,0.4118598880511537,-1.7596728534105839,-0.1451820922500615,0.029640907660626215,0.3619749586380606,Exploratory (nominal P < 0.05 only),27,27,NA,NA,unnamed feature,NA,NA,NA,NA,NA,NA,NA,NA,NA,L4,203.7,NA,NA
RP_18.632_417.2997,RP,18.632,417.2997,WT_drawdown,-0.9492067205202664,0.3110393247480296,-1.5588437970264044,-0.3395696440141285,0.006985223062786175,0.26398710840621337,Exploratory (nominal P < 0.05 only),27,27,NA,NA,unnamed feature,NA,NA,NA,NA,NA,NA,NA,NA,NA,L4,113.9,NA,NA
RP_15.86_419.27901,RP,15.86,419.27901,WT_drawdown,-0.9409446279763172,0.32717319659661553,-1.5822040933056836,-0.2996851626469508,0.009754886725972505,0.2851523638098641,Exploratory (nominal P < 0.05 only),27,27,NA,NA,unnamed feature,NA,NA,NA,NA,NA,NA,NA,NA,NA,NA,143.6,NA,NA
RP_19.9_625.4072,RP,19.9,625.4072,WT_drawdown,-0.9403948088618324,0.25691980689871685,-1.4439576303833173,-0.43683198734034734,0.001548779056102525,0.17292454852483846,Exploratory (nominal P < 0.05 only),27,27,Malpibaldin B,1,name unique to this feature,,,,,,,,,,L3,107.6,NA,NA
RP_18.094_491.37295,RP,18.094,491.37295,WT_drawdown,-0.938712731707503,0.2827169149044282,-1.4928378849201822,-0.38458757849482383,0.003766508599383769,0.2252910778704865,Exploratory (nominal P < 0.05 only),27,27,NA,NA,unnamed feature,NA,NA,NA,NA,NA,NA,NA,NA,NA,NA,138.3,NA,NA
RP_7.891_203.02256,RP,7.891,203.02256,WT_drawdown,-0.9306502971466052,0.38570956463031275,-1.6866410438220183,-0.1746595504711922,0.023830454528519673,0.35729344828780824,Exploratory (nominal P < 0.05 only),27,27,NA,NA,unnamed feature,NA,NA,NA,NA,NA,NA,NA,NA,NA,L4,133.8,NA,NA
RP_10.87_261.07563,RP,10.87,261.07563,WT_drawdown,-0.9287004166480757,0.43264093974542656,-1.7766766585491118,-0.08072417474703963,0.04214332407950296,0.38425797911550424,Exploratory (nominal P < 0.05 only),27,27,NA,NA,unnamed feature,NA,NA,NA,NA,NA,NA,NA,NA,NA,NA,109.3,NA,NA
RP_18.505_429.29961,RP,18.505,429.29961,WT_drawdown,-0.9273250218593133,0.19982275387135,-1.3189776194471594,-0.5356724242714672,1.0353151050017169e-4,0.07322925886416555,Suggestive (FDR < 0.10),27,27,NA,NA,unnamed feature,NA,NA,NA,NA,NA,NA,NA,NA,NA,NA,125.1,NA,NA
RP_14.785_287.12766,RP,14.785,287.12766,WT_drawdown,-0.9233186681002574,0.2693916657678495,-1.4513263330052424,-0.39531100319527235,0.0022037952584702887,0.19225684021268957,Exploratory (nominal P < 0.05 only),27,27,NA,NA,unnamed feature,NA,NA,NA,NA,NA,NA,NA,NA,NA,L4,110.9,NA,NA
RP_20.675_399.31025,RP,20.675,399.31025,WT_drawdown,-0.9187365313710627,0.3335896960259505,-1.5725723355819257,-0.26490072716019974,0.01104303035124101,0.29540106189569704,Exploratory (nominal P < 0.05 only),27,27,NA,NA,unnamed feature,NA,NA,NA,NA,NA,NA,NA,NA,NA,NA,142.3,NA,NA
RP_18.325_451.32041,RP,18.325,451.32041,WT_drawdown,-0.9148366401282151,0.2003117626120166,-1.3074476948477676,-0.5222255854086626,2.1027928738151503e-4,0.08097658161645949,Suggestive (FDR < 0.10),27,27,Tyromycic acid F,5,name shared with other features,Organic compounds,Lipids and lipid-like molecules,Prenol lipids,Sesquiterpenoids,Sesquiterpenoids,,,,,L3,93.9,NA,NA
RP_17.671_459.34671,RP,17.671,459.34671,WT_drawdown,-0.9065323056986279,0.38264111176163956,-1.6565088847514415,-0.1565557266458143,0.026217988928310232,0.35785245174915226,Exploratory (nominal P < 0.05 only),27,27,NP-003692,1,name unique to this feature,NA,NA,NA,NA,NA,NA,NA,NA,NA,L2,136.1,NA,NA
RP_18.267_429.29966,RP,18.267,429.29966,WT_drawdown,-0.9062838263539114,0.3092154798302544,-1.51234616682121,-0.3002214858866128,0.007308399980121473,0.2652716770169886,Exploratory (nominal P < 0.05 only),27,27,Schidigeragenin B,1,name unique to this feature,NA,NA,NA,NA,NA,NA,NA,NA,NA,L3,137.3,NA,NA
RP_17.254_461.28952,RP,17.254,461.28952,WT_drawdown,-0.9061896912835646,0.3537206207868183,-1.5994821080257284,-0.21289727454140073,0.01862293491885219,0.33989357385424357,Exploratory (nominal P < 0.05 only),27,27,Hydrocortisone caproate,1,name unique to this feature,Organic compounds,Lipids and lipid-like molecules,Steroids and steroid derivatives,Pregnane steroids,"Gluco/mineralocorticoids, progestogins and derivatives",,,,,L3,109.2,460.28265999999996,NA
RP_10.962_241.06062,RP,10.962,241.06062,WT_drawdown,-0.898003365203649,0.3936847682962834,-1.6696255110643645,-0.12638121934293356,0.03171558055434473,0.3652755967663922,Exploratory (nominal P < 0.05 only),27,27,2-hydroxyphenazine-1-carboxylic acid,1,name unique to this feature,Organic compounds,Organoheterocyclic compounds,Diazanaphthalenes,Benzodiazines,Quinoxalines,Phenazines and derivatives,,,,L3,146.9,NA,NA
RP_17.086_297.14839,RP,17.086,297.14839,WT_drawdown,-0.8977652635143366,0.40004826327531195,-1.681859859533948,-0.11367066749472521,0.038475494785280916,0.3808598866918036,Exploratory (nominal P < 0.05 only),27,27,"1-(4-Hydroxyphenyl)-7-phenylhepta-3,5-dione",1,name unique to this feature,Organic compounds,Phenylpropanoids and polyketides,Diarylheptanoids,Linear diarylheptanoids,Linear diarylheptanoids,,,,,L3,298.2,NA,Multi-ring
RP_17.03_359.25796,RP,17.03,359.25796,WT_drawdown,-0.8967658241252667,0.28208209039477616,-1.449646721299028,-0.3438849269515054,0.005089803397413199,0.24269072933644575,Exploratory (nominal P < 0.05 only),27,27,NA,NA,unnamed feature,NA,NA,NA,NA,NA,NA,NA,NA,NA,L4,127.9,NA,NA
RP_8.179_162.05488,RP,8.179,162.05488,WT_drawdown,-0.893895630198876,0.318981312098774,-1.519099001912473,-0.2686922584852789,0.009875244295893666,0.2851523638098641,Exploratory (nominal P < 0.05 only),27,27,NA,NA,unnamed feature,NA,NA,NA,NA,NA,NA,NA,NA,NA,L4,125.9,NA,NA
RP_19.276_337.23475,RP,19.276,337.23475,WT_drawdown,-0.8935695193153923,0.23895433802189814,-1.3619200218383125,-0.425219016792472,0.0010148847358655631,0.14178786892538545,Exploratory (nominal P < 0.05 only),27,27,NA,NA,unnamed feature,NA,NA,NA,NA,NA,NA,NA,NA,NA,NA,294.8,NA,NA
RP_18.527_427.28399,RP,18.527,427.28399,WT_drawdown,-0.8919094897045206,0.2965439551775293,-1.473135641852478,-0.3106833375565632,0.006093472672551765,0.25752510019494673,Exploratory (nominal P < 0.05 only),27,27,NA,NA,unnamed feature,NA,NA,NA,NA,NA,NA,NA,NA,NA,L4,171.5,NA,NA
RP_7.892_220.99534,RP,7.892,220.99534,WT_drawdown,-0.8913391102103458,0.3981665435818623,-1.671745535630796,-0.11093268478989571,0.03471981158563201,0.37304865803149845,Exploratory (nominal P < 0.05 only),27,27,NA,NA,unnamed feature,NA,NA,NA,NA,NA,NA,NA,NA,NA,L4,133.1,NA,NA
RP_16.259_241.12216,RP,16.259,241.12216,WT_drawdown,-0.8790280191521315,0.2338032482305449,-1.3372823856839995,-0.42077365262026345,9.648235423300081e-4,0.14178786892538545,Exploratory (nominal P < 0.05 only),27,27,NA,NA,unnamed feature,NA,NA,NA,NA,NA,NA,NA,NA,NA,L4,77.3,NA,NA
RP_17.878_519.3315,RP,17.878,519.3315,WT_drawdown,-0.8789798748591999,0.2907160155471144,-1.448783265331544,-0.30917648438685574,0.005868338870939867,0.2561302415617493,Exploratory (nominal P < 0.05 only),27,27,Corosin,2,name shared with other features,Organic compounds,Lipids and lipid-like molecules,Prenol lipids,Triterpenoids,Triterpenoids,,,,,L3,123.4,NA,NA
RP_15.693_261.11204,RP,15.693,261.11204,WT_drawdown,-0.8644008085520362,0.29810789262991355,-1.4486922781066667,-0.28010933899740564,0.00985181335737661,0.2851523638098641,Exploratory (nominal P < 0.05 only),27,27,NA,NA,unnamed feature,NA,NA,NA,NA,NA,NA,NA,NA,NA,L4,89,NA,NA
RP_13.19_311.12763,RP,13.19,311.12763,WT_drawdown,-0.8618925244950426,0.32913426509566535,-1.5069956840825467,-0.21678936490753853,0.015054713009823951,0.32284344892883426,Exploratory (nominal P < 0.05 only),27,27,NA,NA,unnamed feature,NA,NA,NA,NA,NA,NA,NA,NA,NA,L4,210.2,NA,NA
RP_18.512_451.32037,RP,18.512,451.32037,WT_drawdown,-0.8588926292646001,0.2130723168103364,-1.2765143702128594,-0.44127088831634076,6.700186852806218e-4,0.1323544602923567,Exploratory (nominal P < 0.05 only),27,27,Tyromycic acid F,5,name shared with other features,Organic compounds,Lipids and lipid-like molecules,Prenol lipids,Sesquiterpenoids,Sesquiterpenoids,,,,,L3,97.7,NA,NA
RP_17.06_361.27358,RP,17.06,361.27358,WT_drawdown,-0.8550914064009679,0.240658189412788,-1.3267814576500323,-0.3834013551519035,0.002119458309885321,0.18942469046492796,Exploratory (nominal P < 0.05 only),27,27,NA,NA,unnamed feature,NA,NA,NA,NA,NA,NA,NA,NA,NA,NA,149.7,NA,NA
RP_13.25_325.10695,RP,13.25,325.10695,WT_drawdown,-0.8547451775103085,0.2656465754769637,-1.3754124654451574,-0.3340778895754597,0.0036803388121691666,0.2252910778704865,Exploratory (nominal P < 0.05 only),27,27,NA,NA,unnamed feature,NA,NA,NA,NA,NA,NA,NA,NA,NA,NA,115.8,NA,NA
RP_20.401_489.35726,RP,20.401,489.35726,WT_drawdown,-0.8544852143336464,0.215459329555031,-1.2767855002615072,-0.4321849284057857,8.043759622372245e-4,0.14004321837458933,Exploratory (nominal P < 0.05 only),27,27,NA,NA,unnamed feature,NA,NA,NA,NA,NA,NA,NA,NA,NA,L4,117.5,NA,NA
RP_17.118_451.32045,RP,17.118,451.32045,WT_drawdown,-0.8503397466788377,0.2743188075483076,-1.3880046094735206,-0.31267488388415476,0.005692071152931741,0.25093972052753155,Exploratory (nominal P < 0.05 only),27,27,Tyromycic acid F,5,name shared with other features,Organic compounds,Lipids and lipid-like molecules,Prenol lipids,Sesquiterpenoids,Sesquiterpenoids,,,,,L3,102.8,NA,NA
RP_7.711_196.09668,RP,7.711,196.09668,WT_drawdown,-0.8475223483798778,0.23346389612527446,-1.3051115847854158,-0.3899331119743399,0.0016424238990667224,0.1757393572001393,Exploratory (nominal P < 0.05 only),27,27,"1-(3,4-dimethoxyphenyl)ethan-1-one oxime",2,name shared with other features,Organic compounds,Benzenoids,Benzene and substituted derivatives,Methoxybenzenes,Dimethoxybenzenes,,,,,L2,145.8,NA,Single-ring
RP_19.336_602.39105,RP,19.336,602.39105,WT_drawdown,-0.8467901473152685,0.29293013711276567,-1.420933216056289,-0.27264707857424775,0.009107070090090293,0.28075022470249605,Exploratory (nominal P < 0.05 only),27,27,NA,NA,unnamed feature,NA,NA,NA,NA,NA,NA,NA,NA,NA,NA,90.7,NA,NA
RP_18.888_429.29965,RP,18.888,429.29965,WT_drawdown,-0.8465012664037577,0.40234962177536016,-1.6351065250834635,-0.05789600772405179,0.04604946428858201,0.39418341431026205,Exploratory (nominal P < 0.05 only),27,27,NA,NA,unnamed feature,NA,NA,NA,NA,NA,NA,NA,NA,NA,NA,147,NA,NA
RP_18.289_315.25287,RP,18.289,315.25287,WT_drawdown,-0.8451434269597554,0.2975215523869385,-1.428285669638155,-0.262001184281356,0.009033272495949183,0.27986517690866564,Exploratory (nominal P < 0.05 only),27,27,NA,NA,unnamed feature,NA,NA,NA,NA,NA,NA,NA,NA,NA,L4,102.2,NA,NA
RP_16.532_331.24778,RP,16.532,331.24778,WT_drawdown,-0.8406945617352741,0.297284805331537,-1.4233727801850866,-0.25801634328546164,0.010575324322570087,0.28994588135945154,Exploratory (nominal P < 0.05 only),27,27,NA,NA,unnamed feature,NA,NA,NA,NA,NA,NA,NA,NA,NA,L4,190.1,NA,NA
RP_18.07_503.3366,RP,18.07,503.3366,WT_drawdown,-0.838735795543244,0.20120913010304164,-1.2331056905452056,-0.44436590054128233,5.435419376468379e-4,0.12984332054670508,Exploratory (nominal P < 0.05 only),27,27,"10-Hydroxy-9-(hydroxymethyl)-2,6a,6b,9,12a-pentamethyl-1,3,4,5,6,6a,7,8,8a,10,11,12,13,14b-tetradecahydropicene-2,4a-dicarboxylic acid",1,name unique to this feature,Organic compounds,Lipids and lipid-like molecules,Prenol lipids,Triterpenoids,Triterpenoids,,,,,L3,102.6,NA,NA
RP_8.709_295.16508,RP,8.709,295.16508,WT_drawdown,-0.8348323072807635,0.20686422147321065,-1.2402861813682564,-0.4293784331932706,4.814943519602538e-4,0.12500540200839247,Exploratory (nominal P < 0.05 only),27,27,NA,NA,unnamed feature,NA,NA,NA,NA,NA,NA,NA,NA,NA,L4,126.5,NA,NA
RP_18.073_457.33103,RP,18.073,457.33103,WT_drawdown,-0.8348078284360639,0.21305384089379237,-1.252393356587897,-0.4172223002842309,9.121073010006126e-4,0.14178786892538545,Exploratory (nominal P < 0.05 only),27,27,Callystatin A,3,name shared with other features,Organic compounds,Lipids and lipid-like molecules,Prenol lipids,Terpene lactones,Diterpene lactones,,,,,L3,101.2,456.32416,NA
RP_1.48_191.10246,RP,1.48,191.10246,WT_drawdown,-0.8321283841006623,0.3391115491569089,-1.4967870204482037,-0.16746974775312085,0.024035219311417007,0.35729344828780824,Exploratory (nominal P < 0.05 only),27,27,NA,NA,unnamed feature,NA,NA,NA,NA,NA,NA,NA,NA,NA,L4,175.7,NA,NA
RP_7.014_279.13379,RP,7.014,279.13379,WT_drawdown,-0.8317491996395373,0.17488200496002443,-1.1745179293611852,-0.48898046991788946,7.721581831923456e-5,0.07322925886416555,Suggestive (FDR < 0.10),27,27,NA,NA,unnamed feature,NA,NA,NA,NA,NA,NA,NA,NA,NA,NA,87.8,NA,NA
RP_14.916_367.08117,RP,14.916,367.08117,WT_drawdown,-0.8312847053740343,0.34328080537196926,-1.504115083903094,-0.15845432684497462,0.023376377927267895,0.3564147602860695,Exploratory (nominal P < 0.05 only),27,27,NA,NA,unnamed feature,NA,NA,NA,NA,NA,NA,NA,NA,NA,L4,176.1,NA,NA
RP_15.344_548.35553,RP,15.344,548.35553,WT_drawdown,-0.8301226107609098,0.3287967180520512,-1.4745641781429302,-0.18568104337888947,0.02024537094177521,0.34005146047338436,Exploratory (nominal P < 0.05 only),27,27,NA,NA,unnamed feature,NA,NA,NA,NA,NA,NA,NA,NA,NA,NA,220.2,NA,NA
RP_20.593_459.38306,RP,20.593,459.38306,WT_drawdown,-0.8297819608066083,0.38245606361582235,-1.57939584549362,-0.08016807611959642,0.04016222805764029,0.3808598866918036,Exploratory (nominal P < 0.05 only),27,27,NA,NA,unnamed feature,NA,NA,NA,NA,NA,NA,NA,NA,NA,L4,115.7,NA,NA
RP_10.155_263.08138,RP,10.155,263.08138,WT_drawdown,-0.8283251737959558,0.3159098649247279,-1.4475085090484225,-0.20914183854348922,0.01657602371679635,0.3255619801509218,Exploratory (nominal P < 0.05 only),27,27,Irrepairzepine,1,name unique to this feature,Organic compounds,Organoheterocyclic compounds,Benzazepines,,Benzazepines,,,,,L3,106.4,NA,NA
RP_1.408_543.13208,RP,1.408,543.13208,WT_drawdown,-0.824792563414524,0.39902103138585165,-1.6068737849307932,-0.04271134189825476,0.04967908031077155,0.40208733366281413,Exploratory (nominal P < 0.05 only),27,27,NA,NA,unnamed feature,NA,NA,NA,NA,NA,NA,NA,NA,NA,NA,NA,NA,NA
RP_7.551_169.09704,RP,7.551,169.09704,WT_drawdown,-0.8247101791353668,0.31488767751699176,-1.4418900270686708,-0.207530331202063,0.015041204819775389,0.32284344892883426,Exploratory (nominal P < 0.05 only),27,27,NA,NA,unnamed feature,NA,NA,NA,NA,NA,NA,NA,NA,NA,L4,64.1,NA,NA
RP_17.118_527.3342,RP,17.118,527.3342,WT_drawdown,-0.8232973947049455,0.34641902222877063,-1.5022786782733357,-0.14431611113655507,0.027573811118784434,0.35785245174915226,Exploratory (nominal P < 0.05 only),27,27,NA,NA,unnamed feature,NA,NA,NA,NA,NA,NA,NA,NA,NA,NA,122.2,NA,NA
RP_16.561_361.27357,RP,16.561,361.27357,WT_drawdown,-0.8208995666684062,0.24849418221940642,-1.307948163818443,-0.3338509695183697,0.0037076728681480664,0.2252910778704865,Exploratory (nominal P < 0.05 only),27,27,NA,NA,unnamed feature,NA,NA,NA,NA,NA,NA,NA,NA,NA,L4,156.8,NA,NA
RP_20.169_407.3306,RP,20.169,407.3306,WT_drawdown,-0.8178593072687182,0.2861088688835602,-1.3786326902804962,-0.2570859242569403,0.008662279000982539,0.2755984554302607,Exploratory (nominal P < 0.05 only),27,27,NA,NA,unnamed feature,NA,NA,NA,NA,NA,NA,NA,NA,NA,L4,84.5,NA,NA
RP_18.944_489.35721,RP,18.944,489.35721,WT_drawdown,-0.8175481099705603,0.1960808075284516,-1.2018664927263254,-0.43322972721479514,4.8678116046881796e-4,0.12500540200839247,Exploratory (nominal P < 0.05 only),27,27,NA,NA,unnamed feature,NA,NA,NA,NA,NA,NA,NA,NA,NA,NA,77.3,NA,NA
RP_7.891_250.01327,RP,7.891,250.01327,WT_drawdown,-0.8156042026341244,0.3735349788893108,-1.5477327612571736,-0.08347564401107521,0.03901068956711124,0.3808598866918036,Exploratory (nominal P < 0.05 only),27,27,NA,NA,unnamed feature,NA,NA,NA,NA,NA,NA,NA,NA,NA,L4,129,NA,NA
RP_9.449_378.20218,RP,9.449,378.20218,WT_drawdown,-0.8154435098676737,0.17816934334204101,-1.164655422818074,-0.4662315969172733,1.2182308013616997e-4,0.07322925886416555,Suggestive (FDR < 0.10),27,27,NA,NA,unnamed feature,NA,NA,NA,NA,NA,NA,NA,NA,NA,NA,121.1,NA,NA
RP_18.773_459.34664,RP,18.773,459.34664,WT_drawdown,-0.8140178768933166,0.2346325570323617,-1.2738976886767455,-0.3541380651098877,0.0019874331697962134,0.18489349315368306,Exploratory (nominal P < 0.05 only),27,27,"2-(Methoxycarbonyl)-5-methyl-2,4-bis(3-methyl-2-butenyl)-6-(2-methyl-1-oxopropyl)-5-(4-methyl-3-pentenyl)cyclohexanone",2,name shared with other features,Organic compounds,Lipids and lipid-like molecules,Prenol lipids,Monoterpenoids,Monocyclic monoterpenoids,,,,,L3,139.5,NA,NA
RP_6.812_209.08067,RP,6.812,209.08067,WT_drawdown,-0.813543179149726,0.2772934818479118,-1.3570384035716332,-0.27004795472781884,0.008213869225641093,0.2755984554302607,Exploratory (nominal P < 0.05 only),27,27,NA,NA,unnamed feature,NA,NA,NA,NA,NA,NA,NA,NA,NA,L4,110.7,NA,NA
RP_9.686_217.09705,RP,9.686,217.09705,WT_drawdown,-0.8089621912693011,0.386304390288055,-1.566118796233889,-0.051805586304713325,0.04932803629576126,0.4015365255913905,Exploratory (nominal P < 0.05 only),27,27,NA,NA,unnamed feature,NA,NA,NA,NA,NA,NA,NA,NA,NA,L4,NA,NA,NA
RP_6.015_181.01302,RP,6.015,181.01302,WT_drawdown,-0.8086340654718281,0.17317324036943235,-1.1480536165959156,-0.46921451434774075,9.622502592199057e-5,0.07322925886416555,Suggestive (FDR < 0.10),27,27,NA,NA,unnamed feature,NA,NA,NA,NA,NA,NA,NA,NA,NA,L4,133.2,NA,NA
RP_18.529_445.29459,RP,18.529,445.29459,WT_drawdown,-0.8040508270566471,0.33243064642832504,-1.4556148940561642,-0.15248676005713002,0.023525039668414634,0.3564147602860695,Exploratory (nominal P < 0.05 only),27,27,NP-017176,1,name unique to this feature,NA,NA,NA,NA,NA,NA,NA,NA,NA,L2,168.8,NA,NA
RP_19.429_313.27348,RP,19.429,313.27348,WT_drawdown,-0.7984745170309012,0.38347313197231037,-1.5500818556966296,-0.04686717836517296,0.048154501035992656,0.3992929477622153,Exploratory (nominal P < 0.05 only),27,27,10-oxo-nonadecanoic acid,2,name shared with other features,Organic compounds,Lipids and lipid-like molecules,Fatty Acyls,Fatty acids and conjugates,Long-chain fatty acids,,,,,L3,NA,NA,NA
RP_13.536_315.08617,RP,13.536,315.08617,WT_drawdown,-0.7981053003178443,0.21911673100754195,-1.2275740930926267,-0.3686365075430621,0.0012936313592209518,0.15273771634388064,Exploratory (nominal P < 0.05 only),27,27,NA,NA,unnamed feature,NA,NA,NA,NA,NA,NA,NA,NA,NA,L4,145.2,NA,NA
RP_18.947_425.34114,RP,18.947,425.34114,WT_drawdown,-0.7968494676632326,0.30777357276033707,-1.4000856702734934,-0.19361326505297194,0.016096696627279534,0.32357195255462895,Exploratory (nominal P < 0.05 only),27,27,"4,4'-Methylenebis(2,6-DI-tert-butylphenol)",1,name unique to this feature,Organic compounds,Benzenoids,Benzene and substituted derivatives,Diphenylmethanes,Diphenylmethanes,,,,,L3,88.1,NA,Single-ring
RP_11.882_233.04433,RP,11.882,233.04433,WT_drawdown,-0.79556440469662,0.2493541639324488,-1.2842985660042197,-0.3068302433890204,0.0039300059104667925,0.2270248290859218,Exploratory (nominal P < 0.05 only),27,27,NA,NA,unnamed feature,NA,NA,NA,NA,NA,NA,NA,NA,NA,NA,117.4,NA,NA
RP_8.408_140.14327,RP,8.408,140.14327,WT_drawdown,-0.7939579618145873,0.18358405576771544,-1.1537827111193095,-0.4341332125098651,3.383397909541503e-4,0.11119866062720006,Exploratory (nominal P < 0.05 only),27,27,NA,NA,unnamed feature,NA,NA,NA,NA,NA,NA,NA,NA,NA,L4,205.7,NA,NA
RP_16.868_241.12214,RP,16.868,241.12214,WT_drawdown,-0.791717980837652,0.2371955887515573,-1.2566213347907043,-0.32681462688459967,0.003327702464455695,0.22095827027813936,Exploratory (nominal P < 0.05 only),27,27,NA,NA,unnamed feature,NA,NA,NA,NA,NA,NA,NA,NA,NA,L4,130.3,NA,NA
RP_14.978_375.25283,RP,14.978,375.25283,WT_drawdown,-0.7857886717548908,0.2588566403583876,-1.2931476868573304,-0.278429656652451,0.006918198672551919,0.26319902505353077,Exploratory (nominal P < 0.05 only),27,27,NA,NA,unnamed feature,NA,NA,NA,NA,NA,NA,NA,NA,NA,L4,126.2,NA,NA
RP_15.916_255.07629,RP,15.916,255.07629,WT_drawdown,-0.7846950922947692,0.2842543786779008,-1.3418336745034547,-0.22755651008608357,0.010879785379199213,0.2940790873504082,Exploratory (nominal P < 0.05 only),27,27,NA,NA,unnamed feature,NA,NA,NA,NA,NA,NA,NA,NA,NA,L4,132.5,NA,NA
RP_4.004_153.0406,RP,4.004,153.0406,WT_drawdown,-0.7845876279726156,0.2784723809943855,-1.3303934947216112,-0.23878176122362005,0.009533933170121817,0.2851523638098641,Exploratory (nominal P < 0.05 only),27,27,Xanthine,3,name shared with other features,Organic compounds,Organoheterocyclic compounds,Imidazopyrimidines,Purines and purine derivatives,Xanthines,,,,,L1,240.9,136.03851,NA
RP_6.581_257.11306,RP,6.581,257.11306,WT_drawdown,-0.7824200916576671,0.23047415687328193,-1.2341494391292998,-0.33069074418603456,0.002387750995391153,0.19266560615873032,Exploratory (nominal P < 0.05 only),27,27,"1-(beta-D-Ribofuranosyl)-1,4-dihydronicotinamide",3,name shared with other features,Organic compounds,Organic oxygen compounds,Organooxygen compounds,Carbohydrates and carbohydrate conjugates,Glycosyl compounds,Glycosylamines,,,,L3,168.1,256.10597,NA
RP_20.274_508.38422,RP,20.274,508.38422,WT_drawdown,-0.7782248786225021,0.30601904033262783,-1.3780221976744527,-0.17842755957055156,0.01966088487234369,0.33989357385424357,Exploratory (nominal P < 0.05 only),27,27,NA,NA,unnamed feature,NA,NA,NA,NA,NA,NA,NA,NA,NA,L4,146.5,NA,NA
RP_18.439_489.35734,RP,18.439,489.35734,WT_drawdown,-0.7767182318839176,0.23563179728168201,-1.2385565545560144,-0.3148799092118209,0.0030390539286104987,0.21381617777182907,Exploratory (nominal P < 0.05 only),27,27,NA,NA,unnamed feature,NA,NA,NA,NA,NA,NA,NA,NA,NA,L4,97.4,NA,NA
RP_6.465_253.11811,RP,6.465,253.11811,WT_drawdown,-0.7758747850754566,0.22088474917682763,-1.2088088934620387,-0.34294067668887446,0.00178590686805247,0.17639264758302858,Exploratory (nominal P < 0.05 only),27,27,Ala-Tyr(Alanyltyrosine),1,name unique to this feature,NA,NA,NA,NA,NA,NA,NA,NA,NA,L3,114.3,NA,NA
RP_18.106_489.35732,RP,18.106,489.35732,WT_drawdown,-0.7755068753170253,0.30307094452805017,-1.3695259265920037,-0.181487824042047,0.017231235508574548,0.3315858102132968,Exploratory (nominal P < 0.05 only),27,27,NA,NA,unnamed feature,NA,NA,NA,NA,NA,NA,NA,NA,NA,L4,124.3,NA,NA
RP_14.139_363.0862,RP,14.139,363.0862,WT_drawdown,-0.7743167889300179,0.2982768966603144,-1.358939506384234,-0.18969407147580175,0.01584822849096473,0.3233631855252037,Exploratory (nominal P < 0.05 only),27,27,NA,NA,unnamed feature,NA,NA,NA,NA,NA,NA,NA,NA,NA,NA,124.5,NA,NA
RP_8.779_162.05488,RP,8.779,162.05488,WT_drawdown,-0.7740361489449409,0.31121242630808454,-1.3840125045087865,-0.16405979338109522,0.020223300068348195,0.34005146047338436,Exploratory (nominal P < 0.05 only),27,27,NA,NA,unnamed feature,NA,NA,NA,NA,NA,NA,NA,NA,NA,L4,85.4,NA,NA
RP_6.164_188.07048,RP,6.164,188.07048,WT_drawdown,-0.7734099719242026,0.2751032615948891,-1.3126123646501853,-0.23420757919821988,0.009670799248418087,0.2851523638098641,Exploratory (nominal P < 0.05 only),27,27,Indoleacrylicacid,3,name shared with other features,Organic compounds,Organoheterocyclic compounds,Indoles and derivatives,Indoles,Indoles,,,,,L3,126.7,NA,NA
RP_3.347_158.15385,RP,3.347,158.15385,WT_drawdown,-0.7725074698804522,0.16320683373019526,-1.092392863991635,-0.45262207576926944,1.3497526916166725e-4,0.07322925886416555,Suggestive (FDR < 0.10),27,27,"2,2,6,6-Tetramethyl-4-piperidinol",3,name shared with other features,Organic compounds,Organoheterocyclic compounds,Piperidines,,Piperidines,,,,,L2,69.5,NA,NA
RP_11.423_227.02204,RP,11.423,227.02204,WT_drawdown,-0.7720814591378065,0.16294418225416846,-1.0914520563559766,-0.4527108619196363,1.3973053482490422e-4,0.07322925886416555,Suggestive (FDR < 0.10),27,27,NA,NA,unnamed feature,NA,NA,NA,NA,NA,NA,NA,NA,NA,L4,76.9,NA,NA
RP_4.296_206.97968,RP,4.296,206.97968,WT_drawdown,-0.7720229210106494,0.28910796282654544,-1.3386745281506784,-0.20537131387062035,0.013384223184716867,0.3124607739850265,Exploratory (nominal P < 0.05 only),27,27,O-methyl phenylphosphonochloridothioate,1,name unique to this feature,Organic compounds,Benzenoids,Benzene and substituted derivatives,,Benzene and substituted derivatives,,,,,L3,123.3,NA,Single-ring
RP_15.935_295.13276,RP,15.935,295.13276,WT_drawdown,-0.7701891083159046,0.33524600342396865,-1.4272712750268832,-0.11310694160492607,0.03062124495584925,0.3619749586380606,Exploratory (nominal P < 0.05 only),27,27,NA,NA,unnamed feature,NA,NA,NA,NA,NA,NA,NA,NA,NA,L4,102.9,NA,NA
RP_17.118_469.331,RP,17.118,469.331,WT_drawdown,-0.7692064519349583,0.2601447953877242,-1.2790902508948978,-0.2593226529750188,0.007815265094148548,0.27343307460659627,Exploratory (nominal P < 0.05 only),27,27,NA,NA,unnamed feature,NA,NA,NA,NA,NA,NA,NA,NA,NA,L4,103.4,NA,NA
RP_8.369_380.18147,RP,8.369,380.18147,WT_drawdown,-0.7681614293472423,0.20130554697474898,-1.1627203014177503,-0.3736025572767343,8.379157327469124e-4,0.1409261400646713,Exploratory (nominal P < 0.05 only),27,27,NA,NA,unnamed feature,NA,NA,NA,NA,NA,NA,NA,NA,NA,NA,112.6,NA,NA
RP_13.698_315.04983,RP,13.698,315.04983,WT_drawdown,-0.7657122336359556,0.34614125624318515,-1.4441490958725987,-0.08727537139931274,0.03989771098496935,0.3808598866918036,Exploratory (nominal P < 0.05 only),27,27,NA,NA,unnamed feature,NA,NA,NA,NA,NA,NA,NA,NA,NA,NA,89,NA,NA
RP_7.557_127.05007,RP,7.557,127.05007,WT_drawdown,-0.7652563209163263,0.30441246151654566,-1.3619047454887558,-0.16860789634389683,0.01905555234658567,0.33989357385424357,Exploratory (nominal P < 0.05 only),27,27,NA,NA,unnamed feature,NA,NA,NA,NA,NA,NA,NA,NA,NA,L4,140.3,NA,NA
RP_10.407_329.14946,RP,10.407,329.14946,WT_drawdown,-0.7639943229863742,0.20152365282826,-1.1589806825297637,-0.36900796344298453,8.917639314839986e-4,0.1409261400646713,Exploratory (nominal P < 0.05 only),27,27,NA,NA,unnamed feature,NA,NA,NA,NA,NA,NA,NA,NA,NA,L4,121.4,NA,NA
RP_14.672_203.09126,RP,14.672,203.09126,WT_drawdown,-0.7636437390032209,0.3451122808410695,-1.440063809451717,-0.08722366855472474,0.03938886480438761,0.3808598866918036,Exploratory (nominal P < 0.05 only),27,27,NA,NA,unnamed feature,NA,NA,NA,NA,NA,NA,NA,NA,NA,L4,105.2,NA,NA
RP_2.854_228.09774,RP,2.854,228.09774,WT_drawdown,-0.761217125299103,0.32572455116734034,-1.39963724558709,-0.12279700501111601,0.028113451962750544,0.3587558370502424,Exploratory (nominal P < 0.05 only),27,27,2'-Deoxycytidine,1,name unique to this feature,Organic compounds,"Nucleosides, nucleotides, and analogues",Pyrimidine nucleosides,Pyrimidine 2'-deoxyribonucleosides,Pyrimidine 2'-deoxyribonucleosides,,,,,L1,132.2,307.05696,NA
RP_12.851_129.09089,RP,12.851,129.09089,WT_drawdown,-0.7596158515084735,0.26535310705070037,-1.2797079413278463,-0.23952376168910083,0.008579566848003973,0.2755984554302607,Exploratory (nominal P < 0.05 only),27,27,Cyclohexanecarboxylic acid,1,name unique to this feature,Organic compounds,Organic acids and derivatives,Carboxylic acids and derivatives,Carboxylic acids,Carboxylic acids,,,,,L2,112.6,128.08378,NA
RP_18.107_487.34169,RP,18.107,487.34169,WT_drawdown,-0.7594716219914125,0.24030287932809585,-1.2304652654744803,-0.2884779785083446,0.0049692783611144375,0.24269072933644575,Exploratory (nominal P < 0.05 only),27,27,NA,NA,unnamed feature,NA,NA,NA,NA,NA,NA,NA,NA,NA,L4,85.1,NA,NA
RP_16.738_383.14877,RP,16.738,383.14877,WT_drawdown,-0.7584663455089663,0.3599109737273164,-1.4638918540145065,-0.05304083700342621,0.047946824269927586,0.3992929477622153,Exploratory (nominal P < 0.05 only),27,27,NA,NA,unnamed feature,NA,NA,NA,NA,NA,NA,NA,NA,NA,L4,NA,NA,NA
RP_8.25_174.09125,RP,8.25,174.09125,WT_drawdown,-0.7570469516794915,0.18846016819342024,-1.1264288813385952,-0.3876650220203879,5.047320251133402e-4,0.12645383809668853,Exploratory (nominal P < 0.05 only),27,27,NA,NA,unnamed feature,NA,NA,NA,NA,NA,NA,NA,NA,NA,L4,112.9,NA,NA
RP_12.048_174.14875,RP,12.048,174.14875,WT_drawdown,-0.7569655601526565,0.24175728946093106,-1.2308098474960814,-0.2831212728092316,0.004535620639407239,0.24165109484267375,Exploratory (nominal P < 0.05 only),27,27,9-amino-nonanoic acid,2,name shared with other features,Organic compounds,Lipids and lipid-like molecules,Fatty Acyls,Fatty acids and conjugates,Medium-chain fatty acids,,,,,L3,121.4,NA,NA
RP_19.105_503.33658,RP,19.105,503.33658,WT_drawdown,-0.7568431831377097,0.2664931528156149,-1.279169762656315,-0.23451660361910442,0.010217660022150066,0.288215602273468,Exploratory (nominal P < 0.05 only),27,27,NA,NA,unnamed feature,NA,NA,NA,NA,NA,NA,NA,NA,NA,NA,101.4,NA,NA
RP_8.266_343.19748,RP,8.266,343.19748,WT_drawdown,-0.7562140080893044,0.3329770580335056,-1.4088490418349753,-0.1035789743436335,0.03239844583641673,0.36832456057447244,Exploratory (nominal P < 0.05 only),27,27,NA,NA,unnamed feature,NA,NA,NA,NA,NA,NA,NA,NA,NA,L4,163.9,NA,NA
RP_18.74_427.28402,RP,18.74,427.28402,WT_drawdown,-0.754056730946891,0.2893289980552203,-1.3211415671351228,-0.18697189475865927,0.01718442719355077,0.3315858102132968,Exploratory (nominal P < 0.05 only),27,27,NA,NA,unnamed feature,NA,NA,NA,NA,NA,NA,NA,NA,NA,L4,121,NA,NA
RP_7.694_281.14944,RP,7.694,281.14944,WT_drawdown,-0.7536669316943188,0.1927132262508928,-1.1313848551460686,-0.3759490082425689,6.598934277367505e-4,0.1323544602923567,Exploratory (nominal P < 0.05 only),27,27,NA,NA,unnamed feature,NA,NA,NA,NA,NA,NA,NA,NA,NA,L4,121.3,NA,NA
RP_20.741_457.33102,RP,20.741,457.33102,WT_drawdown,-0.7518815112012264,0.28426011272000573,-1.3090313321324376,-0.19473169027001513,0.014179216387985754,0.3194055060030475,Exploratory (nominal P < 0.05 only),27,27,Callystatin A,3,name shared with other features,Organic compounds,Lipids and lipid-like molecules,Prenol lipids,Terpene lactones,Diterpene lactones,,,,,L3,79.1,456.32416,NA
RP_18.381_427.28405,RP,18.381,427.28405,WT_drawdown,-0.7472826932041331,0.28051399646739095,-1.2970901262802195,-0.19747526012804684,0.01494643321993592,0.32284344892883426,Exploratory (nominal P < 0.05 only),27,27,NA,NA,unnamed feature,NA,NA,NA,NA,NA,NA,NA,NA,NA,L4,92.2,NA,NA
RP_17.458_680.31225,RP,17.458,680.31225,WT_drawdown,-0.7470341271389682,0.27182857425812584,-1.2798181326848947,-0.21425012159304158,0.01119472250751489,0.2977022026017044,Exploratory (nominal P < 0.05 only),27,27,NA,NA,unnamed feature,NA,NA,NA,NA,NA,NA,NA,NA,NA,L4,308.1,NA,NA
RP_20.62_495.34427,RP,20.62,495.34427,WT_drawdown,-0.7466691480998119,0.29353491530848363,-1.3219975821044399,-0.17134071409518392,0.01941821024875645,0.33989357385424357,Exploratory (nominal P < 0.05 only),27,27,Maslinic acid,3,name shared with other features,Organic compounds,Lipids and lipid-like molecules,Prenol lipids,Triterpenoids,Triterpenoids,,,,,L2,69.9,NA,NA
RP_8.835_195.11268,RP,8.835,195.11268,WT_drawdown,-0.7436597082805978,0.271481158964538,-1.2757627798510924,-0.21155663671010327,0.011427193670322836,0.29954985477645035,Exploratory (nominal P < 0.05 only),27,27,NA,NA,unnamed feature,NA,NA,NA,NA,NA,NA,NA,NA,NA,L4,70.8,NA,NA
RP_9.806_202.04975,RP,9.806,202.04975,WT_drawdown,-0.7432708441952318,0.30623953800692527,-1.3435003386888054,-0.14304134970165827,0.023095339084762512,0.3550690467855879,Exploratory (nominal P < 0.05 only),27,27,NA,NA,unnamed feature,NA,NA,NA,NA,NA,NA,NA,NA,NA,NA,112.4,NA,NA
RP_18.404_461.32589,RP,18.404,461.32589,WT_drawdown,-0.7430588423832593,0.26598460551885483,-1.2643886692002146,-0.22172901556630376,0.010077446608227247,0.28674662481914204,Exploratory (nominal P < 0.05 only),27,27,NA,NA,unnamed feature,NA,NA,NA,NA,NA,NA,NA,NA,NA,L4,146.2,NA,NA
RP_10.532_179.03376,RP,10.532,179.03376,WT_drawdown,-0.7417551497218728,0.1488562836825076,-1.0335134657395877,-0.44999683370415794,4.3395631238841485e-5,0.06367998915505424,Suggestive (FDR < 0.10),27,27,NA,NA,unnamed feature,NA,NA,NA,NA,NA,NA,NA,NA,NA,L4,55.6,NA,NA
RP_14.635_125.09597,RP,14.635,125.09597,WT_drawdown,-0.7408107730121817,0.3301146195475587,-1.3878354273253968,-0.09378611869896658,0.03431666879674803,0.3713088637481804,Exploratory (nominal P < 0.05 only),27,27,NA,NA,unnamed feature,NA,NA,NA,NA,NA,NA,NA,NA,NA,L4,129.7,NA,NA
RP_2.775_123.0473,RP,2.775,123.0473,WT_drawdown,-0.7401672151018983,0.2995664173558545,-1.3273173931193731,-0.1530170370844235,0.020971174963194703,0.34356604341616587,Exploratory (nominal P < 0.05 only),27,27,Thiodiglycol,1,name unique to this feature,Organic compounds,Organosulfur compounds,Thioethers,Dialkylthioethers,Dialkylthioethers,,,,,L3,281.8,NA,NA
RP_12.26_235.05997,RP,12.26,235.05997,WT_drawdown,-0.7375364172846549,0.2587903929490634,-1.2447655874648191,-0.23030724710449058,0.010346860428517705,0.28844500385293775,Exploratory (nominal P < 0.05 only),27,27,NA,NA,unnamed feature,NA,NA,NA,NA,NA,NA,NA,NA,NA,L4,105.7,NA,NA
RP_15.288_325.14336,RP,15.288,325.14336,WT_drawdown,-0.7345481844906125,0.17735248353080213,-1.0821590522109847,-0.3869373167702404,3.680641025433024e-4,0.11119866062720006,Exploratory (nominal P < 0.05 only),27,27,Flemistrictin E,2,name shared with other features,Organic compounds,Phenylpropanoids and polyketides,Cinnamic acids and derivatives,,Cinnamic acids and derivatives,,,,,L3,79.6,NA,Single-ring
RP_19.007_459.34661,RP,19.007,459.34661,WT_drawdown,-0.7340607920139188,0.21299244104053336,-1.1515259764533643,-0.31659560757447347,0.0028150814148235445,0.21051713081499157,Exploratory (nominal P < 0.05 only),27,27,NA,NA,unnamed feature,NA,NA,NA,NA,NA,NA,NA,NA,NA,L4,125.9,NA,NA
RP_18.297_489.35732,RP,18.297,489.35732,WT_drawdown,-0.7338579358388684,0.2991959676325229,-1.3202820323986133,-0.14743383927912357,0.02425769858831045,0.35785245174915226,Exploratory (nominal P < 0.05 only),27,27,"(3S,4S,4Ar,6aR,6bS,8R,8aS,9S,12aS,14aR,14bR)-3,8,9-trihydroxy-8a-(hydroxymethyl)-4,6a,6b,11,11,14b-hexamethyl-1,2,3,4a,5,6,7,8,9,10,12,12a,14,14a-tetradecahydropicene-4-carbaldehyde",1,name unique to this feature,Organic compounds,Lipids and lipid-like molecules,Prenol lipids,Triterpenoids,Triterpenoids,,,,,L3,131.9,NA,NA
RP_18.197_852.38562,RP,18.197,852.38562,WT_drawdown,-0.7325634484300346,0.2570047576981187,-1.2362927735183473,-0.22883412334172193,0.00882935602131794,0.27671437054958253,Exploratory (nominal P < 0.05 only),27,27,NA,NA,unnamed feature,NA,NA,NA,NA,NA,NA,NA,NA,NA,NA,264.9,NA,NA
RP_7.364_152.07051,RP,7.364,152.07051,WT_drawdown,-0.7321611835723599,0.3188338954546712,-1.3570756186635156,-0.1072467484812043,0.030687980667216595,0.3619749586380606,Exploratory (nominal P < 0.05 only),27,27,NA,NA,unnamed feature,NA,NA,NA,NA,NA,NA,NA,NA,NA,L4,140.4,NA,NA
RP_15.713_331.22664,RP,15.713,331.22664,WT_drawdown,-0.7320712303164145,0.27801029818004974,-1.2769714147493119,-0.18717104588351707,0.016514750825216678,0.3255619801509218,Exploratory (nominal P < 0.05 only),27,27,Hydroxyprogesterone,2,name shared with other features,Organic compounds,Lipids and lipid-like molecules,Steroids and steroid derivatives,Pregnane steroids,"Gluco/mineralocorticoids, progestogins and derivatives",,,,,L3,122.8,330.21963,NA
RP_9.006_295.16508,RP,9.006,295.16508,WT_drawdown,-0.7317993661416183,0.18638620490522131,-1.097116327755852,-0.36648240452738456,6.347159441155567e-4,0.1323544602923567,Exploratory (nominal P < 0.05 only),27,27,NA,NA,unnamed feature,NA,NA,NA,NA,NA,NA,NA,NA,NA,L4,116.9,NA,NA
RP_14.727_347.24271,RP,14.727,347.24271,WT_drawdown,-0.7313003785352354,0.2556912029425046,-1.2324551363025444,-0.23014562076792644,0.008631284413504421,0.2755984554302607,Exploratory (nominal P < 0.05 only),27,27,NA,NA,unnamed feature,NA,NA,NA,NA,NA,NA,NA,NA,NA,NA,154.4,NA,NA
RP_19.244_429.29966,RP,19.244,429.29966,WT_drawdown,-0.7312174693677445,0.3112889448188477,-1.3413438012126861,-0.12109113752280287,0.027391551422952135,0.35785245174915226,Exploratory (nominal P < 0.05 only),27,27,NA,NA,unnamed feature,NA,NA,NA,NA,NA,NA,NA,NA,NA,NA,133.1,NA,NA
RP_15.998_173.10722,RP,15.998,173.10722,WT_drawdown,-0.7297150875231191,0.24603495559344224,-1.2119436004862658,-0.2474865745599723,0.006728488116812659,0.26272281342324266,Exploratory (nominal P < 0.05 only),27,27,Deoxypeganine,1,name unique to this feature,Organic compounds,Organoheterocyclic compounds,Diazanaphthalenes,Benzodiazines,Quinazolines,,,,,L3,158.8,172.1001,NA
RP_13.945_243.08748,RP,13.945,243.08748,WT_drawdown,-0.7290960038081,0.32127778557213915,-1.3588004635294928,-0.09939154408670725,0.032516850182228135,0.36832456057447244,Exploratory (nominal P < 0.05 only),27,27,Lumichrome,1,name unique to this feature,Organic compounds,Organoheterocyclic compounds,Pteridines and derivatives,Alloxazines and isoalloxazines,Flavins,,,,,L1,177.2,242.08040000000003,NA
RP_7.15_269.08786,RP,7.15,269.08786,WT_drawdown,-0.7284321782722422,0.27909891155004773,-1.2754660449103357,-0.18139831163414866,0.015355139230610285,0.3233631855252037,Exploratory (nominal P < 0.05 only),27,27,Inosine,1,name unique to this feature,Organic compounds,"Nucleosides, nucleotides, and analogues",Purine nucleosides,,Purine nucleosides,,,,,L3,279.5,507.97974999999997,NA
RP_6.454_239.10247,RP,6.454,239.10247,WT_drawdown,-0.7265608471718566,0.19578260251793336,-1.110294748107006,-0.3428269462367073,0.0010897488970780468,0.14500847011928786,Exploratory (nominal P < 0.05 only),27,27,NA,NA,unnamed feature,NA,NA,NA,NA,NA,NA,NA,NA,NA,L4,126.2,NA,NA
RP_1.203_277.13921,RP,1.203,277.13921,WT_drawdown,-0.7260064375760978,0.3097584329555686,-1.3331329661690123,-0.11887990898318335,0.029408106930119325,0.3619749586380606,Exploratory (nominal P < 0.05 only),27,27,NA,NA,unnamed feature,NA,NA,NA,NA,NA,NA,NA,NA,NA,L4,178.4,NA,NA
RP_14.492_271.09637,RP,14.492,271.09637,WT_drawdown,-0.7250084905565899,0.29035710112241486,-1.2941084087565229,-0.15590857235665678,0.019787836548859735,0.33989357385424357,Exploratory (nominal P < 0.05 only),27,27,NA,NA,unnamed feature,NA,NA,NA,NA,NA,NA,NA,NA,NA,L4,96.1,NA,NA
RP_19.612_471.34659,RP,19.612,471.34659,WT_drawdown,-0.72436930513053,0.2442654937976587,-1.2031296729739411,-0.24560893728711897,0.007728232352822473,0.27343307460659627,Exploratory (nominal P < 0.05 only),27,27,18-β-Glycyrrhetinic acid,6,name shared with other features,Organic compounds,Lipids and lipid-like molecules,Prenol lipids,Triterpenoids,Triterpenoids,,,,,L2,87.4,NA,NA
RP_10.62_115.07524,RP,10.62,115.07524,WT_drawdown,-0.7220921529343175,0.23851089262032799,-1.1895735024701604,-0.25461080339847464,0.0068113548929747865,0.26272281342324266,Exploratory (nominal P < 0.05 only),27,27,gamma-Hexanolactone,1,name unique to this feature,Organic compounds,Organoheterocyclic compounds,Lactones,Gamma butyrolactones,Gamma butyrolactones,,,,,L1,138.8,NA,NA
RP_8.267_260.16032,RP,8.267,260.16032,WT_drawdown,-0.7213728845584089,0.22923174299368368,-1.1706671008260288,-0.27207866829078886,0.0043661029754663416,0.23604531454731714,Exploratory (nominal P < 0.05 only),27,27,Lysyl-Hydroxyproline,5,name shared with other features,Organic compounds,Organic acids and derivatives,Carboxylic acids and derivatives,"Amino acids, peptides, and analogues",Peptides,Dipeptides,,,,L3,164.6,NA,NA
RP_9.482_296.13519,RP,9.482,296.13519,WT_drawdown,-0.720619845591001,0.2862874729768569,-1.2817432926256407,-0.15949639855636144,0.018918274363690618,0.33989357385424357,Exploratory (nominal P < 0.05 only),27,27,NA,NA,unnamed feature,NA,NA,NA,NA,NA,NA,NA,NA,NA,NA,157.7,NA,NA
RP_9.111_314.20728,RP,9.111,314.20728,WT_drawdown,-0.7205191587187325,0.23710160651487264,-1.185238307487883,-0.25580000994958213,0.005657347517690722,0.25093972052753155,Exploratory (nominal P < 0.05 only),27,27,2-[[1-(2-amino-3-methylbutanoyl)pyrrolidine-2-carbonyl]amino]-3-methylbutanoic acid,3,name shared with other features,Organic compounds,Organic acids and derivatives,Carboxylic acids and derivatives,"Amino acids, peptides, and analogues",Peptides,Oligopeptides,,,,L3,122.7,NA,NA
RP_1.483_351.2236,RP,1.483,351.2236,WT_drawdown,-0.7202249049757656,0.24593159504927167,-1.2022508312723381,-0.23819897867919315,0.008365774691977423,0.2755984554302607,Exploratory (nominal P < 0.05 only),27,27,NA,NA,unnamed feature,NA,NA,NA,NA,NA,NA,NA,NA,NA,L4,152.5,NA,NA
RP_20.267_469.33097,RP,20.267,469.33097,WT_drawdown,-0.7192992412337732,0.21221781718644114,-1.1352461629191979,-0.30335231954834857,0.002419573909119569,0.19266560615873032,Exploratory (nominal P < 0.05 only),27,27,Diisodecyl phthalate,4,name shared with other features,Organic compounds,Benzenoids,Benzene and substituted derivatives,Benzoic acids and derivatives,Benzoic acid esters,,,,,L2,92.7,446.33982000000003,Single-ring
RP_9.926_161.07086,RP,9.926,161.07086,WT_drawdown,-0.7177507464140911,0.25071456575603834,-1.2091512952959262,-0.22635019753225594,0.010058022944403283,0.28674662481914204,Exploratory (nominal P < 0.05 only),27,27,medorinone,2,name shared with other features,Organic compounds,Organoheterocyclic compounds,Diazanaphthalenes,Naphthyridines,Naphthyridines,,,,,L3,122.6,NA,NA
RP_16.742_345.16946,RP,16.742,345.16946,WT_drawdown,-0.7172055552929638,0.23687726637985337,-1.1814849973974764,-0.2529261131884512,0.006864542001618606,0.26272281342324266,Exploratory (nominal P < 0.05 only),27,27,"(6alpha)-11,12-Dihydroxy-6,20-epoxyabieta-8(14),9(11),12-triene-7,20-dione",1,name unique to this feature,Organic compounds,Lipids and lipid-like molecules,Prenol lipids,Terpene lactones,Diterpene lactones,,,,,L2,230.8,NA,NA
RP_16.892_237.14844,RP,16.892,237.14844,WT_drawdown,-0.7158219365854956,0.21679605720517295,-1.1407422087076347,-0.2909016644633567,0.0036564791850151354,0.2252910778704865,Exploratory (nominal P < 0.05 only),27,27,NA,NA,unnamed feature,NA,NA,NA,NA,NA,NA,NA,NA,NA,NA,98.5,NA,NA
RP_15.327_345.09681,RP,15.327,345.09681,WT_drawdown,-0.7152085615083144,0.23017646579705275,-1.1663544344705379,-0.26406268854609094,0.004803570696475914,0.24269072933644575,Exploratory (nominal P < 0.05 only),27,27,NA,NA,unnamed feature,NA,NA,NA,NA,NA,NA,NA,NA,NA,L4,130,NA,NA
RP_19.418_363.25276,RP,19.418,363.25276,WT_drawdown,-0.7132001682915357,0.25034183266270144,-1.2038701603104305,-0.22253017627264082,0.010696945627467775,0.2914563010221458,Exploratory (nominal P < 0.05 only),27,27,NA,NA,unnamed feature,NA,NA,NA,NA,NA,NA,NA,NA,NA,NA,111.6,NA,NA
RP_6.796_297.10794,RP,6.796,297.10794,WT_drawdown,-0.7124752764677622,0.189440119826847,-1.0837779113283823,-0.3411726416071421,9.617785927692983e-4,0.14178786892538545,Exploratory (nominal P < 0.05 only),27,27,4-Nitrophenyl-3-ketovalidamine,1,name unique to this feature,Organic compounds,Benzenoids,Benzene and substituted derivatives,Nitrobenzenes,Nitrobenzenes,,,,,L3,144.9,296.10087999999996,Single-ring
RP_19.601_616.40666,RP,19.601,616.40666,WT_drawdown,-0.7119833383834416,0.28249024871401385,-1.2656642258629087,-0.15830245090397455,0.020386327136656144,0.34005146047338436,Exploratory (nominal P < 0.05 only),27,27,NA,NA,unnamed feature,NA,NA,NA,NA,NA,NA,NA,NA,NA,NA,87.7,NA,NA
RP_2.371_113.03444,RP,2.371,113.03444,WT_drawdown,-0.7104837673860327,0.24352178665899277,-1.1877864692376585,-0.23318106553440687,0.00841481043178514,0.2755984554302607,Exploratory (nominal P < 0.05 only),27,27,Uracil,2,name shared with other features,Organic compounds,Organoheterocyclic compounds,Diazines,Pyrimidines and pyrimidine derivatives,Pyrimidones,,,,,L3,190.8,112.02727999999999,NA
RP_11.923_213.06574,RP,11.923,213.06574,WT_drawdown,-0.7100888423812598,0.2534200079160536,-1.2067920578967248,-0.2133856268657947,0.009882616970045912,0.2851523638098641,Exploratory (nominal P < 0.05 only),27,27,Isophenoxazine,2,name shared with other features,Organic compounds,Organoheterocyclic compounds,Benzoxazines,Phenoxazines,Phenoxazines,,,,,L3,129.2,212.05859999999998,NA
RP_9.544_300.19167,RP,9.544,300.19167,WT_drawdown,-0.7093879126285065,0.2629279193563508,-1.224726634566954,-0.194049190690059,0.012563236382081778,0.30799418643614324,Exploratory (nominal P < 0.05 only),27,27,2-[[1-(2-aminopropanoyl)pyrrolidine-2-carbonyl]amino]-4-methylpentanoic acid,2,name shared with other features,Organic compounds,Organic acids and derivatives,Carboxylic acids and derivatives,"Amino acids, peptides, and analogues",Peptides,Oligopeptides,,,,L3,157.3,NA,NA
RP_11.602_176.0705,RP,11.602,176.0705,WT_drawdown,-0.7073576351721711,0.32326428554211495,-1.3409556348347165,-0.07375963550962583,0.03862732409137725,0.3808598866918036,Exploratory (nominal P < 0.05 only),27,27,Indole-3-acetic acid,2,name shared with other features,Organic compounds,Organoheterocyclic compounds,Indoles and derivatives,Indolyl carboxylic acids and derivatives,Indole-3-acetic acid derivatives,,,,,L2,157.9,175.06336000000002,NA
RP_16.509_443.27898,RP,16.509,443.27898,WT_drawdown,-0.7057626771534465,0.2477970791374333,-1.1914449522628159,-0.2200804020440773,0.008875709770543729,0.27671437054958253,Exploratory (nominal P < 0.05 only),27,27,NA,NA,unnamed feature,NA,NA,NA,NA,NA,NA,NA,NA,NA,L4,100.8,NA,NA
RP_15.507_214.08613,RP,15.507,214.08613,WT_drawdown,-0.7052233607888652,0.21511761509837266,-1.1268538863816755,-0.28359283519605477,0.0031754402464447655,0.21891357188913177,Exploratory (nominal P < 0.05 only),27,27,Benzyl nicotinate,1,name unique to this feature,Organic compounds,Benzenoids,Benzene and substituted derivatives,Benzyloxycarbonyls,Benzyloxycarbonyls,,,,,L3,109.5,213.07902,Single-ring
RP_9.241_278.11342,RP,9.241,278.11342,WT_drawdown,-0.7004206252525156,0.24552182269384795,-1.1816433977324576,-0.2191978527725736,0.01038986092538814,0.28844500385293775,Exploratory (nominal P < 0.05 only),27,27,NA,NA,unnamed feature,NA,NA,NA,NA,NA,NA,NA,NA,NA,L4,205.3,NA,NA
RP_12.769_307.10764,RP,12.769,307.10764,WT_drawdown,-0.7003848638066004,0.3069344475891288,-1.3019763810812928,-0.09879334653190797,0.03165788260001021,0.3652755967663922,Exploratory (nominal P < 0.05 only),27,27,NA,NA,unnamed feature,NA,NA,NA,NA,NA,NA,NA,NA,NA,NA,89.9,NA,NA
RP_12.284_189.0545,RP,12.284,189.0545,WT_drawdown,-0.6999716181592773,0.2119849590426066,-1.1154621378827863,-0.28448109843576835,0.003807683864880488,0.2252910778704865,Exploratory (nominal P < 0.05 only),27,27,NA,NA,unnamed feature,NA,NA,NA,NA,NA,NA,NA,NA,NA,NA,69.1,NA,NA
RP_7.138_419.11587,RP,7.138,419.11587,WT_drawdown,-0.6990627196980247,0.18775895030532672,-1.0670702622964652,-0.3310551770995843,0.0013772412300296054,0.15895530241420344,Exploratory (nominal P < 0.05 only),27,27,NA,NA,unnamed feature,NA,NA,NA,NA,NA,NA,NA,NA,NA,NA,109.9,NA,NA
RP_17.46_469.33099,RP,17.46,469.33099,WT_drawdown,-0.6989276777372234,0.22284640449176996,-1.1357066305410926,-0.26214872493335434,0.005213075215624757,0.24269072933644575,Exploratory (nominal P < 0.05 only),27,27,NA,NA,unnamed feature,NA,NA,NA,NA,NA,NA,NA,NA,NA,L4,100.2,NA,NA
RP_10.196_184.09673,RP,10.196,184.09673,WT_drawdown,-0.6981083801732091,0.2649131236382703,-1.2173381025042187,-0.17887865784219936,0.014499115620780685,0.32177250850644373,Exploratory (nominal P < 0.05 only),27,27,NA,NA,unnamed feature,NA,NA,NA,NA,NA,NA,NA,NA,NA,L4,97.1,NA,NA
RP_14.86_278.13857,RP,14.86,278.13857,WT_drawdown,-0.6959417410013974,0.18983351842147225,-1.068015437107483,-0.3238680448953118,0.0015869716179421041,0.1748787582228233,Exploratory (nominal P < 0.05 only),27,27,NA,NA,unnamed feature,NA,NA,NA,NA,NA,NA,NA,NA,NA,L4,116,NA,NA
RP_18.504_423.3255,RP,18.504,423.3255,WT_drawdown,-0.695732457902403,0.30507674773550536,-1.2936828834639935,-0.09778203234081251,0.033787271731131746,0.36960900449646994,Exploratory (nominal P < 0.05 only),27,27,NA,NA,unnamed feature,NA,NA,NA,NA,NA,NA,NA,NA,NA,L4,128.5,NA,NA
RP_19.069_443.35168,RP,19.069,443.35168,WT_drawdown,-0.6926813171242883,0.21276379713327812,-1.1096983595055134,-0.27566427474306315,0.0033556746654390328,0.22095827027813936,Exploratory (nominal P < 0.05 only),27,27,NA,NA,unnamed feature,NA,NA,NA,NA,NA,NA,NA,NA,NA,NA,108.4,NA,NA
RP_14.057_297.14833,RP,14.057,297.14833,WT_drawdown,-0.6926143976815058,0.3145869044991394,-1.3092047304998191,-0.07602406486319258,0.03754488056544493,0.37958761138607316,Exploratory (nominal P < 0.05 only),27,27,NA,NA,unnamed feature,NA,NA,NA,NA,NA,NA,NA,NA,NA,L4,987.1,NA,NA
RP_17.738_451.32043,RP,17.738,451.32043,WT_drawdown,-0.6922525671206394,0.18359725023661105,-1.0521031775843972,-0.33240195665688177,0.001208992089076795,0.1478424611785338,Exploratory (nominal P < 0.05 only),27,27,NA,NA,unnamed feature,NA,NA,NA,NA,NA,NA,NA,NA,NA,NA,111.3,NA,NA
RP_18.476_938.42268,RP,18.476,938.42268,WT_drawdown,-0.6914172736963582,0.27229650033539293,-1.2251184143537284,-0.15771613303898802,0.018006642778246297,0.33814302489606207,Exploratory (nominal P < 0.05 only),27,27,NA,NA,unnamed feature,NA,NA,NA,NA,NA,NA,NA,NA,NA,NA,334.4,NA,NA
RP_13.262_247.05997,RP,13.262,247.05997,WT_drawdown,-0.6913960324367204,0.26127583898513407,-1.2034966768475832,-0.17929538802585765,0.014141107573119902,0.3194055060030475,Exploratory (nominal P < 0.05 only),27,27,NA,NA,unnamed feature,NA,NA,NA,NA,NA,NA,NA,NA,NA,L4,82.3,NA,NA
RP_6.743_283.12866,RP,6.743,283.12866,WT_drawdown,-0.6888844207173928,0.2040513717469881,-1.0888251093414894,-0.2889437320932961,0.0025005211039536416,0.19533761260157673,Exploratory (nominal P < 0.05 only),27,27,L-threonyl-L-tyrosine,1,name unique to this feature,Organic compounds,Organic acids and derivatives,Carboxylic acids and derivatives,"Amino acids, peptides, and analogues",Peptides,Dipeptides,,,,L3,123.4,NA,NA
RP_14.238_242.09358,RP,14.238,242.09358,WT_drawdown,-0.6881833289843351,0.2919525196669902,-1.2604102675316358,-0.11595639043703432,0.026909561271262608,0.35785245174915226,Exploratory (nominal P < 0.05 only),27,27,NA,NA,unnamed feature,NA,NA,NA,NA,NA,NA,NA,NA,NA,NA,123,NA,NA
RP_20.483_357.27863,RP,20.483,357.27863,WT_drawdown,-0.6879006616910632,0.2561057925501,-1.1898680150892593,-0.18593330829286725,0.012914178811733892,0.3117847972007533,Exploratory (nominal P < 0.05 only),27,27,NA,NA,unnamed feature,NA,NA,NA,NA,NA,NA,NA,NA,NA,L4,120.3,NA,NA
RP_18.364_491.37297,RP,18.364,491.37297,WT_drawdown,-0.6851852650642054,0.2684400044036774,-1.211327673695413,-0.15904285643299776,0.019350236596501393,0.33989357385424357,Exploratory (nominal P < 0.05 only),27,27,Theasapogenol B,1,name unique to this feature,Organic compounds,Lipids and lipid-like molecules,Prenol lipids,Triterpenoids,Triterpenoids,,,,,L3,140.7,NA,NA
RP_9.985_316.22292,RP,9.985,316.22292,WT_drawdown,-0.6833774857498831,0.2676305600223497,-1.2079333833936885,-0.15882158810607772,0.017441213724157852,0.3323963582390792,Exploratory (nominal P < 0.05 only),27,27,NA,NA,unnamed feature,NA,NA,NA,NA,NA,NA,NA,NA,NA,L4,135.6,NA,NA
RP_9.127_330.20222,RP,9.127,330.20222,WT_drawdown,-0.682743851116506,0.16828829261831127,-1.0125889046483962,-0.35289879758461595,4.5619409555765244e-4,0.12500540200839247,Exploratory (nominal P < 0.05 only),27,27,"(2S)-1-[(2S,3R)-2-[[(2S,3S)-2-amino-3-methylpentanoyl]amino]-3-hydroxybutanoyl]pyrrolidine-2-carboxylic acid",4,name shared with other features,Organic compounds,Organic acids and derivatives,Carboxylic acids and derivatives,"Amino acids, peptides, and analogues",Peptides,Oligopeptides,,,,L3,141,NA,NA
RP_1.067_182.1022,RP,1.067,182.1022,WT_drawdown,-0.6816978504685333,0.29681639444183266,-1.2634579835745252,-0.0999377173625412,0.03066642975644797,0.3619749586380606,Exploratory (nominal P < 0.05 only),27,27,"(2-Hydroxy-1,1-bis(hydroxymethyl)ethyl)ammonium acetate",2,name shared with other features,Organic compounds,Organic nitrogen compounds,Organonitrogen compounds,Amines,Alkanolamines,"1,2-aminoalcohols",,,,L3,245.6,NA,NA
RP_17.858_359.25789,RP,17.858,359.25789,WT_drawdown,-0.6815700447260148,0.21525830178700334,-1.1034763162285413,-0.25966377322348827,0.005006430126993508,0.24269072933644575,Exploratory (nominal P < 0.05 only),27,27,NA,NA,unnamed feature,NA,NA,NA,NA,NA,NA,NA,NA,NA,L4,86.9,NA,NA
RP_8.895_330.20224,RP,8.895,330.20224,WT_drawdown,-0.681287586333461,0.24210705455884693,-1.1558174132688008,-0.20675775939812102,0.009611390978335571,0.2851523638098641,Exploratory (nominal P < 0.05 only),27,27,"(2S)-1-[(2S,3R)-2-[[(2S,3S)-2-amino-3-methylpentanoyl]amino]-3-hydroxybutanoyl]pyrrolidine-2-carboxylic acid",4,name shared with other features,Organic compounds,Organic acids and derivatives,Carboxylic acids and derivatives,"Amino acids, peptides, and analogues",Peptides,Oligopeptides,,,,L3,165.8,NA,NA
RP_17.46_451.32045,RP,17.46,451.32045,WT_drawdown,-0.6796811828777735,0.22686297977649184,-1.1243326232396975,-0.23502974251584946,0.007169586678413587,0.26447125596668825,Exploratory (nominal P < 0.05 only),27,27,Tyromycic acid F,5,name shared with other features,Organic compounds,Lipids and lipid-like molecules,Prenol lipids,Sesquiterpenoids,Sesquiterpenoids,,,,,L3,112.9,NA,NA
RP_8.321_286.17598,RP,8.321,286.17598,WT_drawdown,-0.6788632924347139,0.2677830152323657,-1.2037180022901506,-0.15400858257927708,0.018172013058522028,0.3392509685989666,Exploratory (nominal P < 0.05 only),27,27,Leu-Gly-Pro,4,name shared with other features,Organic compounds,Organic acids and derivatives,Carboxylic acids and derivatives,"Amino acids, peptides, and analogues",Peptides,Oligopeptides,,,,L3,139.9,285.16894,NA
RP_8.234_181.09706,RP,8.234,181.09706,WT_drawdown,-0.6772664452377473,0.27333216989613623,-1.2129974982341742,-0.14153539224132028,0.020647363691076902,0.3404329371344173,Exploratory (nominal P < 0.05 only),27,27,5-Hydroxykynurenamine,2,name shared with other features,Organic compounds,Organic oxygen compounds,Organooxygen compounds,Carbonyl compounds,Ketones,Aryl ketones,Phenylketones,Alkyl-phenylketones,,L3,117.9,180.08992,NA
RP_18.938_588.37535,RP,18.938,588.37535,WT_drawdown,-0.6745546036770385,0.2677033382670316,-1.1992531466804204,-0.14985606067365653,0.018806075958702772,0.33989357385424357,Exploratory (nominal P < 0.05 only),27,27,NA,NA,unnamed feature,NA,NA,NA,NA,NA,NA,NA,NA,NA,L4,111.2,NA,NA
RP_10.203_304.16539,RP,10.203,304.16539,WT_drawdown,-0.6732219536370115,0.2431526715041974,-1.1498011897852385,-0.19664271748878465,0.010675860548292726,0.2914563010221458,Exploratory (nominal P < 0.05 only),27,27,NA,NA,unnamed feature,NA,NA,NA,NA,NA,NA,NA,NA,NA,L4,183.6,NA,NA
RP_14.436_322.02596,RP,14.436,322.02596,WT_drawdown,-0.6703672286247508,0.17917513659078033,-1.0215504963426802,-0.3191839609068214,0.001010045591727477,0.14178786892538545,Exploratory (nominal P < 0.05 only),27,27,NA,NA,unnamed feature,NA,NA,NA,NA,NA,NA,NA,NA,NA,L4,92.3,NA,NA
RP_10.587_328.22297,RP,10.587,328.22297,WT_drawdown,-0.6684652862707742,0.19480037609162465,-1.0502740234103585,-0.2866565491311899,0.0021815531706133933,0.19225684021268957,Exploratory (nominal P < 0.05 only),27,27,NA,NA,unnamed feature,NA,NA,NA,NA,NA,NA,NA,NA,NA,L4,107.5,NA,NA
RP_16.141_447.3103,RP,16.141,447.3103,WT_drawdown,-0.6680130357045998,0.2103718255768902,-1.0803418138353045,-0.25568425757389507,0.004836558022801326,0.24269072933644575,Exploratory (nominal P < 0.05 only),27,27,NA,NA,unnamed feature,NA,NA,NA,NA,NA,NA,NA,NA,NA,NA,145.9,NA,NA
RP_8.656_195.02868,RP,8.656,195.02868,WT_drawdown,-0.6677071634419834,0.2283249978631428,-1.1152241592537433,-0.22019016763022353,0.007421993902594598,0.2675042854998306,Exploratory (nominal P < 0.05 only),27,27,"4,6,7-Trihydroxycoumarin",1,name unique to this feature,Organic compounds,Phenylpropanoids and polyketides,Coumarins and derivatives,Hydroxycoumarins,7-hydroxycoumarins,,,,,L3,113.8,NA,Multi-ring
RP_8.602_223.10759,RP,8.602,223.10759,WT_drawdown,-0.6674979981442645,0.2825370974929194,-1.2212707092303865,-0.11372528705814244,0.026599042660665075,0.35785245174915226,Exploratory (nominal P < 0.05 only),27,27,Glycyl-L-phenylalanine,2,name shared with other features,Organic compounds,Organic acids and derivatives,Carboxylic acids and derivatives,"Amino acids, peptides, and analogues",Peptides,,,,,L1,133.5,NA,NA
RP_17.863_766.34895,RP,17.863,766.34895,WT_drawdown,-0.6672651510458172,0.25029402505460707,-1.157841440152847,-0.17668886193878736,0.013520465119421902,0.3131958115317417,Exploratory (nominal P < 0.05 only),27,27,NA,NA,unnamed feature,NA,NA,NA,NA,NA,NA,NA,NA,NA,NA,248,NA,NA
RP_2.854_112.05041,RP,2.854,112.05041,WT_drawdown,-0.6661947069948903,0.30372587114775684,-1.2614974144444937,-0.0708919995452868,0.03820389554730654,0.3808598866918036,Exploratory (nominal P < 0.05 only),27,27,Cytosine,3,name shared with other features,Organic compounds,Organoheterocyclic compounds,Diazines,Pyrimidines and pyrimidine derivatives,Pyrimidones,,,,,L2,136.6,111.04327,NA
RP_8.066_288.19163,RP,8.066,288.19163,WT_drawdown,-0.666112778622991,0.2658386839182326,-1.1871565991027269,-0.14506895814325504,0.019406127977315907,0.33989357385424357,Exploratory (nominal P < 0.05 only),27,27,2-[[2-[(2-amino-4-methylpentanoyl)amino]acetyl]amino]-3-methylbutanoic acid,1,name unique to this feature,Organic compounds,Organic acids and derivatives,Carboxylic acids and derivatives,"Amino acids, peptides, and analogues",Peptides,Oligopeptides,,,,L3,117.9,NA,NA
RP_19.504_475.3779,RP,19.504,475.3779,WT_drawdown,-0.6656862886807137,0.26038158119069904,-1.1760341878144838,-0.15533838954694357,0.01982103331120656,0.33989357385424357,Exploratory (nominal P < 0.05 only),27,27,Soyasapogenol A,1,name unique to this feature,Organic compounds,Lipids and lipid-like molecules,Prenol lipids,Triterpenoids,Triterpenoids,,,,,L3,115.4,458.37623,NA
RP_9.487_316.22294,RP,9.487,316.22294,WT_drawdown,-0.6654996157579298,0.24863169332434573,-1.1528177346736475,-0.17818149684221218,0.013193392895238836,0.3117847972007533,Exploratory (nominal P < 0.05 only),27,27,2-[[2-[(2-Amino-3-methylbutanoyl)amino]-3-methylbutanoyl]amino]-3-methylbutanoic acid,9,name shared with other features,Organic compounds,Organic acids and derivatives,Carboxylic acids and derivatives,"Amino acids, peptides, and analogues",Peptides,Oligopeptides,,,,L3,111.7,NA,NA
RP_7.816_281.14944,RP,7.816,281.14944,WT_drawdown,-0.6649802087749764,0.20640758652004051,-1.0695390783542558,-0.26042133919569704,0.003644088553562516,0.2252910778704865,Exploratory (nominal P < 0.05 only),27,27,NA,NA,unnamed feature,NA,NA,NA,NA,NA,NA,NA,NA,NA,L4,138,NA,NA
RP_20.134_487.34162,RP,20.134,487.34162,WT_drawdown,-0.6647310906315107,0.2295520867464173,-1.1146531806544886,-0.2148090006085328,0.007938609576810255,0.27343307460659627,Exploratory (nominal P < 0.05 only),27,27,"10,11-Dihydroxy-9-(hydroxymethyl)-1,6a,6b,9,12a-pentamethyl-2-methylidene-1,3,4,5,6,6a,7,8,8a,10,11,12,13,14b-tetradecahydropicene-4a-carboxylic acid",1,name unique to this feature,Organic compounds,Lipids and lipid-like molecules,Prenol lipids,Triterpenoids,Triterpenoids,,,,,L3,63.7,NA,NA
RP_11.091_330.23864,RP,11.091,330.23864,WT_drawdown,-0.6637801979166336,0.25704487085398264,-1.1675881447904395,-0.15997225104282764,0.01634276004191402,0.32533494409019537,Exploratory (nominal P < 0.05 only),27,27,NA,NA,unnamed feature,NA,NA,NA,NA,NA,NA,NA,NA,NA,L4,132.4,NA,NA
RP_14.814_263.08143,RP,14.814,263.08143,WT_drawdown,-0.663468467324061,0.314585349687217,-1.2800557527110064,-0.04688118193711566,0.04781453926154997,0.3992929477622153,Exploratory (nominal P < 0.05 only),27,27,NA,NA,unnamed feature,NA,NA,NA,NA,NA,NA,NA,NA,NA,NA,102.1,NA,NA
RP_1.077_161.98476,RP,1.077,161.98476,WT_drawdown,-0.6630693156629146,0.24729566965330244,-1.1477688281833873,-0.17836980314244183,0.013054386316869093,0.3117847972007533,Exploratory (nominal P < 0.05 only),27,27,NA,NA,unnamed feature,NA,NA,NA,NA,NA,NA,NA,NA,NA,NA,129.8,NA,NA
RP_18.556_471.34665,RP,18.556,471.34665,WT_drawdown,-0.6624788813432924,0.2317785285001071,-1.1167647972035022,-0.20819296548308242,0.01001822973476549,0.28674662481914204,Exploratory (nominal P < 0.05 only),27,27,NA,NA,unnamed feature,NA,NA,NA,NA,NA,NA,NA,NA,NA,L4,87.1,NA,NA
RP_14.07_241.08579,RP,14.07,241.08579,WT_drawdown,-0.6619484206859768,0.31257161257364174,-1.2745887813303147,-0.04930806004163901,0.044747560003971155,0.3908735213658182,Exploratory (nominal P < 0.05 only),27,27,NA,NA,unnamed feature,NA,NA,NA,NA,NA,NA,NA,NA,NA,L4,101.1,NA,NA
RP_1.321_349.90173,RP,1.321,349.90173,WT_drawdown,-0.6615662391253461,0.2073589989210147,-1.067989877010535,-0.25514260124015725,0.004583375018883019,0.24165109484267375,Exploratory (nominal P < 0.05 only),27,27,NA,NA,unnamed feature,NA,NA,NA,NA,NA,NA,NA,NA,NA,NA,102,NA,NA
RP_8.501_300.19165,RP,8.501,300.19165,WT_drawdown,-0.6604586204239044,0.20532521076892557,-1.0628960335309985,-0.2580212073168102,0.0036888817409524025,0.2252910778704865,Exploratory (nominal P < 0.05 only),27,27,NA,NA,unnamed feature,NA,NA,NA,NA,NA,NA,NA,NA,NA,L4,100.8,NA,NA
RP_6.749_204.0865,RP,6.749,204.0865,WT_drawdown,-0.6603090428811921,0.1901971324440042,-1.0330954224714404,-0.28752266329094384,0.0019757964880975976,0.18489349315368306,Exploratory (nominal P < 0.05 only),27,27,NA,NA,unnamed feature,NA,NA,NA,NA,NA,NA,NA,NA,NA,L4,242.1,NA,NA
RP_20.165_453.33606,RP,20.165,453.33606,WT_drawdown,-0.6602198070859167,0.30047536887002846,-1.2491515300711724,-0.0712880841006609,0.03789580878298311,0.3805279633864707,Exploratory (nominal P < 0.05 only),27,27,Boldenone undecylenate,5,name shared with other features,Organic compounds,Lipids and lipid-like molecules,Steroids and steroid derivatives,Steroid esters,Steroid esters,,,,,L2,78.1,NA,NA
RP_12.448_376.22294,RP,12.448,376.22294,WT_drawdown,-0.6601434094319618,0.22838991141711812,-1.1077876358095133,-0.2124991830544103,0.00803901757507711,0.27343307460659627,Exploratory (nominal P < 0.05 only),27,27,NA,NA,unnamed feature,NA,NA,NA,NA,NA,NA,NA,NA,NA,L4,153,NA,NA
RP_15.831_243.10145,RP,15.831,243.10145,WT_drawdown,-0.660121976857652,0.2546077937712521,-1.159153252649306,-0.16109070106599788,0.01596553099981637,0.3233631855252037,Exploratory (nominal P < 0.05 only),27,27,NA,NA,unnamed feature,NA,NA,NA,NA,NA,NA,NA,NA,NA,L4,88.8,NA,NA
RP_8.221_316.18656,RP,8.221,316.18656,WT_drawdown,-0.6600087603773743,0.23684555490730308,-1.1242260479956885,-0.19579147275906028,0.010241305960846554,0.288215602273468,Exploratory (nominal P < 0.05 only),27,27,Threonyl-valyl-proline,2,name shared with other features,Organic compounds,Organic acids and derivatives,Carboxylic acids and derivatives,"Amino acids, peptides, and analogues",Peptides,,,,,L3,141,NA,NA
RP_15.816_443.27886,RP,15.816,443.27886,WT_drawdown,-0.6595236855220785,0.29285065256002363,-1.2335109645397249,-0.08553640650443217,0.033738541304172316,0.36960900449646994,Exploratory (nominal P < 0.05 only),27,27,NA,NA,unnamed feature,NA,NA,NA,NA,NA,NA,NA,NA,NA,NA,367.6,NA,NA
RP_5.868_253.11811,RP,5.868,253.11811,WT_drawdown,-0.6588159463666793,0.21849267762463812,-1.08706159451097,-0.23057029822238856,0.005984351438358629,0.2561302415617493,Exploratory (nominal P < 0.05 only),27,27,Tyrosylalanine,1,name unique to this feature,Organic compounds,Organic acids and derivatives,Carboxylic acids and derivatives,"Amino acids, peptides, and analogues",Peptides,Dipeptides,,,,L2,122.3,NA,NA
RP_6.669_310.13959,RP,6.669,310.13959,WT_drawdown,-0.658810910788169,0.17474256262237012,-1.0013063335280143,-0.3163154880483236,9.397859385498751e-4,0.14178786892538545,Exploratory (nominal P < 0.05 only),27,27,NA,NA,unnamed feature,NA,NA,NA,NA,NA,NA,NA,NA,NA,L4,146.9,NA,NA
RP_9.299_295.16505,RP,9.299,295.16505,WT_drawdown,-0.6587108462542073,0.23339206642588617,-1.1161592964489442,-0.20126239605947038,0.009426528925877661,0.2851523638098641,Exploratory (nominal P < 0.05 only),27,27,NA,NA,unnamed feature,NA,NA,NA,NA,NA,NA,NA,NA,NA,L4,159.6,NA,NA
RP_1.394_290.01936,RP,1.394,290.01936,WT_drawdown,-0.6581686089006878,0.2250812549900808,-1.0993278686812462,-0.21700934912012948,0.008427601764188391,0.2755984554302607,Exploratory (nominal P < 0.05 only),27,27,NA,NA,unnamed feature,NA,NA,NA,NA,NA,NA,NA,NA,NA,L4,170.4,NA,NA
RP_7.058_279.10079,RP,7.058,279.10079,WT_drawdown,-0.6579179342902939,0.2457516676096418,-1.1395912028051918,-0.176244665775396,0.013177803059092425,0.3117847972007533,Exploratory (nominal P < 0.05 only),27,27,gamma-Glutamylmethionine,1,name unique to this feature,Organic compounds,Organic acids and derivatives,Carboxylic acids and derivatives,"Amino acids, peptides, and analogues",Peptides,Dipeptides,,,,L3,135.7,NA,NA
RP_1.481_168.0654,RP,1.481,168.0654,WT_drawdown,-0.6576401899462921,0.23877467580059564,-1.1256385545154597,-0.1896418253771247,0.011039517757013052,0.29540106189569704,Exploratory (nominal P < 0.05 only),27,27,NA,NA,unnamed feature,NA,NA,NA,NA,NA,NA,NA,NA,NA,L4,206.7,NA,NA
RP_19.083_325.2372,RP,19.083,325.2372,WT_drawdown,-0.6569353898328897,0.20834612455717819,-1.065293793964959,-0.24857698570082043,0.005205378131410844,0.24269072933644575,Exploratory (nominal P < 0.05 only),27,27,1-Acetoxy-2-hydroxy-16-heptadecyn-4-one,2,name shared with other features,Organic compounds,Lipids and lipid-like molecules,Fatty Acyls,Fatty alcohols,Long-chain fatty alcohols,,,,,L3,58.8,NA,NA
RP_13.046_407.1335,RP,13.046,407.1335,WT_drawdown,-0.6544396906564885,0.2402936177184048,-1.1254151813845619,-0.18346419992841517,0.013323034258121542,0.3117847972007533,Exploratory (nominal P < 0.05 only),27,27,Piceatannol 4'-glucoside,1,name unique to this feature,Organic compounds,Phenylpropanoids and polyketides,Stilbenes,Stilbene glycosides,Stilbene glycosides,,,,,L3,101,NA,Multi-ring
RP_18.742_459.31026,RP,18.742,459.31026,WT_drawdown,-0.6537377774915493,0.22598846474013937,-1.0966751683822225,-0.21080038660087613,0.007994406435026073,0.27343307460659627,Exploratory (nominal P < 0.05 only),27,27,NA,NA,unnamed feature,NA,NA,NA,NA,NA,NA,NA,NA,NA,L4,92.5,NA,NA
RP_17.916_896.41208,RP,17.916,896.41208,WT_drawdown,-0.6524030285633879,0.2199740007879653,-1.0835520701077999,-0.22125398701897597,0.007957194962787698,0.27343307460659627,Exploratory (nominal P < 0.05 only),27,27,NA,NA,unnamed feature,NA,NA,NA,NA,NA,NA,NA,NA,NA,NA,100.4,NA,NA
RP_11.435_241.03766,RP,11.435,241.03766,WT_drawdown,-0.6521791967918894,0.14595717420662924,-0.9382552582368827,-0.3661031353468961,1.6055214847279892e-4,0.07322925886416555,Suggestive (FDR < 0.10),27,27,NA,NA,unnamed feature,NA,NA,NA,NA,NA,NA,NA,NA,NA,NA,83.6,NA,NA
RP_17.301_255.1378,RP,17.301,255.1378,WT_drawdown,-0.6513160838218256,0.1739583950591183,-0.9922745381376975,-0.3103576295059537,0.0013944229117002606,0.15915013498872307,Exploratory (nominal P < 0.05 only),27,27,NA,NA,unnamed feature,NA,NA,NA,NA,NA,NA,NA,NA,NA,NA,79.8,NA,NA
RP_7.161_203.13888,RP,7.161,203.13888,WT_drawdown,-0.651088861827076,0.31475916243354396,-1.2680168201968223,-0.034160903457329916,0.049527529003533084,0.4015365255913905,Exploratory (nominal P < 0.05 only),27,27,alanylleucine,1,name unique to this feature,Organic compounds,Organic acids and derivatives,Carboxylic acids and derivatives,"Amino acids, peptides, and analogues",Peptides,,,,,L3,149.3,NA,NA
RP_17.619_225.09086,RP,17.619,225.09086,WT_drawdown,-0.6493811774617184,0.2417356670881508,-1.123183084954494,-0.17557926996894285,0.012904561094677696,0.3117847972007533,Exploratory (nominal P < 0.05 only),27,27,Flavanone,2,name shared with other features,Organic compounds,Phenylpropanoids and polyketides,Flavonoids,Flavans,Flavanones,,,,,L4,139.2,272.06851,Multi-ring
RP_16.989_333.26341,RP,16.989,333.26341,WT_drawdown,-0.6493273863707058,0.22863370285646062,-1.0974494439693685,-0.20120532877204295,0.009045486636845502,0.27986517690866564,Exploratory (nominal P < 0.05 only),27,27,NA,NA,unnamed feature,NA,NA,NA,NA,NA,NA,NA,NA,NA,L4,145.4,NA,NA
RP_8.183_288.19163,RP,8.183,288.19163,WT_drawdown,-0.6477992511573996,0.2481679814014362,-1.1342084947042146,-0.16139000761058464,0.015341833735137164,0.3233631855252037,Exploratory (nominal P < 0.05 only),27,27,2-[[2-[(2-amino-3-methylbutanoyl)amino]-3-methylpentanoyl]amino]acetic acid,1,name unique to this feature,NA,NA,NA,NA,NA,NA,NA,NA,NA,L3,120.9,NA,NA
RP_10.728_330.23862,RP,10.728,330.23862,WT_drawdown,-0.647510720760534,0.23810628469777678,-1.1141990387681764,-0.18082240275289146,0.011961382524740563,0.30188531030500015,Exploratory (nominal P < 0.05 only),27,27,NA,NA,unnamed feature,NA,NA,NA,NA,NA,NA,NA,NA,NA,L4,141.9,NA,NA
RP_18.383_417.28458,RP,18.383,417.28458,WT_drawdown,-0.6466009307588348,0.27745079765092995,-1.1904044941546577,-0.10279736736301215,0.030709024425828745,0.3619749586380606,Exploratory (nominal P < 0.05 only),27,27,NA,NA,unnamed feature,NA,NA,NA,NA,NA,NA,NA,NA,NA,NA,129.4,NA,NA
RP_1.23_418.01954,RP,1.23,418.01954,WT_drawdown,-0.6452299564275453,0.2051079300051953,-1.0472414992377281,-0.24321841361736252,0.0056761394633351985,0.25093972052753155,Exploratory (nominal P < 0.05 only),27,27,NA,NA,unnamed feature,NA,NA,NA,NA,NA,NA,NA,NA,NA,L4,121.6,NA,NA
RP_19.398_475.37785,RP,19.398,475.37785,WT_drawdown,-0.6428570311151526,0.24930672873245693,-1.1314982194307681,-0.15421584279953698,0.018676239862422304,0.33989357385424357,Exploratory (nominal P < 0.05 only),27,27,NA,NA,unnamed feature,NA,NA,NA,NA,NA,NA,NA,NA,NA,L4,135.1,NA,NA
RP_6.57_286.17598,RP,6.57,286.17598,WT_drawdown,-0.6423934932858998,0.1691148622862713,-0.9738586233669915,-0.31092836320480804,8.75193831821885e-4,0.1409261400646713,Exploratory (nominal P < 0.05 only),27,27,Leu-Gly-Pro,4,name shared with other features,Organic compounds,Organic acids and derivatives,Carboxylic acids and derivatives,"Amino acids, peptides, and analogues",Peptides,Oligopeptides,,,,L3,107.2,285.16894,NA
RP_18.506_487.34149,RP,18.506,487.34149,WT_drawdown,-0.6422676896531975,0.23252894974493746,-1.098024431153275,-0.18651094815312008,0.010840640335177112,0.2938128166832171,Exploratory (nominal P < 0.05 only),27,27,NA,NA,unnamed feature,NA,NA,NA,NA,NA,NA,NA,NA,NA,L4,127,NA,NA
RP_1.228_349.03264,RP,1.228,349.03264,WT_drawdown,-0.641622115442146,0.27964238221857374,-1.1897211845905504,-0.09352304629374142,0.03294994360726484,0.36926339873281705,Exploratory (nominal P < 0.05 only),27,27,NA,NA,unnamed feature,NA,NA,NA,NA,NA,NA,NA,NA,NA,NA,157.2,NA,NA
RP_10.005_372.21272,RP,10.005,372.21272,WT_drawdown,-0.641165442063386,0.2150051190662458,-1.0625754754332277,-0.2197554086935442,0.0064751970142677955,0.2619300609355013,Exploratory (nominal P < 0.05 only),27,27,Propioxatin A,1,name unique to this feature,NA,NA,NA,NA,NA,NA,NA,NA,NA,L3,178.2,NA,NA
RP_7.511_243.13377,RP,7.511,243.13377,WT_drawdown,-0.6407439286925006,0.27871807922981556,-1.187031363982939,-0.09445649340206219,0.030521934499766732,0.3619749586380606,Exploratory (nominal P < 0.05 only),27,27,Matsudipeptide B,1,name unique to this feature,Organic compounds,Organic acids and derivatives,Carboxylic acids and derivatives,"Amino acids, peptides, and analogues",Amino acids and derivatives,Alpha amino acids and derivatives,,,,L3,152.8,NA,NA
RP_12.706_176.0705,RP,12.706,176.0705,WT_drawdown,-0.6403446703412936,0.2528412316739305,-1.1359134844221974,-0.1447758562603898,0.018275140059707515,0.3392509685989666,Exploratory (nominal P < 0.05 only),27,27,NA,NA,unnamed feature,NA,NA,NA,NA,NA,NA,NA,NA,NA,L4,226.4,NA,NA
RP_12.191_333.09685,RP,12.191,333.09685,WT_drawdown,-0.6402416654264466,0.25376862665280336,-1.137628173665941,-0.14285515718695196,0.01867419794193603,0.33989357385424357,Exploratory (nominal P < 0.05 only),27,27,Sulochrin,1,name unique to this feature,Organic compounds,Benzenoids,Benzene and substituted derivatives,Benzophenones,Benzophenones,,,,,L3,84.3,332.08965,Single-ring
RP_19.083_343.24774,RP,19.083,343.24774,WT_drawdown,-0.6401594644044062,0.2345223968280104,-1.0998233621873066,-0.1804955666215058,0.01168369525082587,0.3015450191368928,Exploratory (nominal P < 0.05 only),27,27,NA,NA,unnamed feature,NA,NA,NA,NA,NA,NA,NA,NA,NA,L4,100.2,NA,NA
RP_9.308_295.16506,RP,9.308,295.16506,WT_drawdown,-0.6381547831028024,0.22743827692287452,-1.0839338058716366,-0.1923757603339683,0.009795424349082598,0.2851523638098641,Exploratory (nominal P < 0.05 only),27,27,NA,NA,unnamed feature,NA,NA,NA,NA,NA,NA,NA,NA,NA,L4,162.4,NA,NA
RP_8.825_233.09196,RP,8.825,233.09196,WT_drawdown,-0.6374471990885057,0.23833933139734223,-1.1045922886272965,-0.17030210954971492,0.013257219688494916,0.3117847972007533,Exploratory (nominal P < 0.05 only),27,27,NA,NA,unnamed feature,NA,NA,NA,NA,NA,NA,NA,NA,NA,L4,128.7,NA,NA
RP_14.552_347.24273,RP,14.552,347.24273,WT_drawdown,-0.6373515028760325,0.22647068609907134,-1.0812340476302122,-0.19346895812185266,0.009605019149431099,0.2851523638098641,Exploratory (nominal P < 0.05 only),27,27,NA,NA,unnamed feature,NA,NA,NA,NA,NA,NA,NA,NA,NA,L4,181.5,NA,NA
RP_17.463_505.35232,RP,17.463,505.35232,WT_drawdown,-0.6370329070692226,0.282194694300856,-1.1901345078989003,-0.08393130623954481,0.035455668383382134,0.37469200168117417,Exploratory (nominal P < 0.05 only),27,27,NA,NA,unnamed feature,NA,NA,NA,NA,NA,NA,NA,NA,NA,L4,135.4,NA,NA
RP_9.204_293.11305,RP,9.204,293.11305,WT_drawdown,-0.6363402602884772,0.17292505498235872,-0.9752733680539003,-0.29740715252305416,0.0011781169070518437,0.14580261288236793,Exploratory (nominal P < 0.05 only),27,27,NA,NA,unnamed feature,NA,NA,NA,NA,NA,NA,NA,NA,NA,L4,102.5,NA,NA
RP_6.572_218.10216,RP,6.572,218.10216,WT_drawdown,-0.6362978395626074,0.16914074356730363,-0.9678136969545226,-0.3047819821706923,0.0012398363503364057,0.14983057636065364,Exploratory (nominal P < 0.05 only),27,27,1-Isothiocyanato-8-(methylthio)octane,1,name unique to this feature,Organic compounds,Organosulfur compounds,Isothiocyanates,,Isothiocyanates,,,,,L3,60.4,NA,NA
RP_18.77_375.23752,RP,18.77,375.23752,WT_drawdown,-0.635513532873285,0.22964097104622067,-1.0856098361238775,-0.18541722962269253,0.012044720218601016,0.3022190161439412,Exploratory (nominal P < 0.05 only),27,27,Tsangane L 3-glucoside,1,name unique to this feature,Organic compounds,Lipids and lipid-like molecules,Prenol lipids,Terpene glycosides,Terpene glycosides,,,,,L3,421.8,NA,NA
RP_11.33_330.23862,RP,11.33,330.23862,WT_drawdown,-0.6354197869826808,0.258224810223407,-1.1415404150205584,-0.12929915894480304,0.021444005033036895,0.3449203318961806,Exploratory (nominal P < 0.05 only),27,27,2-[[2-[(2-amino-3-methylbutanoyl)amino]-3-methylbutanoyl]amino]-4-methylpentanoic acid,2,name shared with other features,Organic compounds,Organic acids and derivatives,Carboxylic acids and derivatives,"Amino acids, peptides, and analogues",Peptides,Oligopeptides,,,,L3,129.2,NA,NA
RP_8.41_345.14437,RP,8.41,345.14437,WT_drawdown,-0.6324037010164504,0.19734432556627393,-1.0191985791263471,-0.2456088229065535,0.0037984210932875528,0.2252910778704865,Exploratory (nominal P < 0.05 only),27,27,NA,NA,unnamed feature,NA,NA,NA,NA,NA,NA,NA,NA,NA,L4,116.9,NA,NA
RP_9.516_265.15452,RP,9.516,265.15452,WT_drawdown,-0.6323231867489815,0.2692654368092677,-1.160083442895146,-0.10456293060281685,0.02743154880273227,0.35785245174915226,Exploratory (nominal P < 0.05 only),27,27,2-(2-amino-3-methylbutanamido)-3-phenylpropanoic acid,2,name shared with other features,Organic compounds,Organic acids and derivatives,Carboxylic acids and derivatives,"Amino acids, peptides, and analogues",Peptides,Dipeptides,,,,L2,143.4,NA,NA
RP_7.557_243.09737,RP,7.557,243.09737,WT_drawdown,-0.6322537663624668,0.2730415293072276,-1.1674151638046328,-0.09709236892030071,0.029443980388956403,0.3619749586380606,Exploratory (nominal P < 0.05 only),27,27,Thymidine,1,name unique to this feature,Organic compounds,"Nucleosides, nucleotides, and analogues",Pyrimidine nucleosides,Pyrimidine 2'-deoxyribonucleosides,Pyrimidine 2'-deoxyribonucleosides,,,,,L1,140.6,242.09031,NA
RP_17.938_487.34163,RP,17.938,487.34163,WT_drawdown,-0.6281979383206556,0.17853889842550041,-0.9781341792346364,-0.27826169740667483,0.0022272745312801848,0.19225684021268957,Exploratory (nominal P < 0.05 only),27,27,NA,NA,unnamed feature,NA,NA,NA,NA,NA,NA,NA,NA,NA,L4,67.7,NA,NA
RP_15.806_319.17505,RP,15.806,319.17505,WT_drawdown,-0.6280162608901696,0.1869846146657815,-0.9945061056351013,-0.26152641614523786,0.0031445164731725697,0.2182464406245178,Exploratory (nominal P < 0.05 only),27,27,NA,NA,unnamed feature,NA,NA,NA,NA,NA,NA,NA,NA,NA,L4,411.4,NA,NA
RP_9.361_286.176,RP,9.361,286.176,WT_drawdown,-0.6268846719973816,0.2484268770691961,-1.113801351053006,-0.13996799294175727,0.018654073241409115,0.33989357385424357,Exploratory (nominal P < 0.05 only),27,27,Leu-Gly-Pro,4,name shared with other features,Organic compounds,Organic acids and derivatives,Carboxylic acids and derivatives,"Amino acids, peptides, and analogues",Peptides,Oligopeptides,,,,L3,168.2,285.16894,NA
RP_6.009_229.08173,RP,6.009,229.08173,WT_drawdown,-0.6268620140322624,0.29456688570477385,-1.204213110013619,-0.04951091805090568,0.043798386446800674,0.3898587743340871,Exploratory (nominal P < 0.05 only),27,27,Deoxyuridine,1,name unique to this feature,Organic compounds,"Nucleosides, nucleotides, and analogues",Pyrimidine nucleosides,Pyrimidine 2'-deoxyribonucleosides,Pyrimidine 2'-deoxyribonucleosides,,,,,L3,225.1,308.04097,NA
RP_10.313_288.1916,RP,10.313,288.1916,WT_drawdown,-0.6226504016671687,0.2131743539473009,-1.0404721354038784,-0.20482866793045895,0.007483833197650595,0.2687899811407934,Exploratory (nominal P < 0.05 only),27,27,NA,NA,unnamed feature,NA,NA,NA,NA,NA,NA,NA,NA,NA,L4,121.6,NA,NA
RP_9.911_314.20729,RP,9.911,314.20729,WT_drawdown,-0.6210849863977623,0.27698144646051803,-1.1639686214603777,-0.07820135133514694,0.03444591917604279,0.3714386445563334,Exploratory (nominal P < 0.05 only),27,27,NA,NA,unnamed feature,NA,NA,NA,NA,NA,NA,NA,NA,NA,L4,182.5,NA,NA
RP_12.213_342.23859,RP,12.213,342.23859,WT_drawdown,-0.6204933533513253,0.26387378258636374,-1.1376859672205981,-0.10330073948205232,0.027244604819943636,0.35785245174915226,Exploratory (nominal P < 0.05 only),27,27,Diprotin A,2,name shared with other features,Organic compounds,Organic acids and derivatives,Carboxylic acids and derivatives,"Amino acids, peptides, and analogues",Peptides,Oligopeptides,,,,L3,135.5,NA,NA
RP_7.726_298.17601,RP,7.726,298.17601,WT_drawdown,-0.6202010092157697,0.2513480596604226,-1.112843206150198,-0.12755881228134136,0.021124851130652652,0.34388981111579087,Exploratory (nominal P < 0.05 only),27,27,NA,NA,unnamed feature,NA,NA,NA,NA,NA,NA,NA,NA,NA,L4,192.3,NA,NA
RP_20.492_487.3416,RP,20.492,487.3416,WT_drawdown,-0.617791637782998,0.213718700368505,-1.0366802905052677,-0.19890298506072818,0.008034229595988948,0.27343307460659627,Exploratory (nominal P < 0.05 only),27,27,Alisol C,2,name shared with other features,NA,NA,NA,NA,NA,NA,NA,NA,NA,L3,71.8,490.36605000000003,NA
RP_8.949_302.20728,RP,8.949,302.20728,WT_drawdown,-0.6175762573223267,0.25609850576798193,-1.1195293286275714,-0.1156231860170821,0.023900994955451258,0.35729344828780824,Exploratory (nominal P < 0.05 only),27,27,2-[2-[(2-amino-3-methylbutanoyl)amino]propanoylamino]-4-methylpentanoic acid,4,name shared with other features,NA,NA,NA,NA,NA,NA,NA,NA,NA,L3,110.3,NA,NA
RP_8.786_189.06576,RP,8.786,189.06576,WT_drawdown,-0.6175329734998934,0.21557294727658388,-1.040055950161998,-0.19500999683778902,0.008540456655298035,0.2755984554302607,Exploratory (nominal P < 0.05 only),27,27,NA,NA,unnamed feature,NA,NA,NA,NA,NA,NA,NA,NA,NA,L4,120.3,NA,NA
RP_4.023_175.10762,RP,4.023,175.10762,WT_drawdown,-0.6154726973315585,0.24738572078646937,-1.1003487100730385,-0.13059668459007856,0.02018991246785487,0.34005146047338436,Exploratory (nominal P < 0.05 only),27,27,N5-Ethyl-L-glutamine,1,name unique to this feature,Organic compounds,Organic acids and derivatives,Carboxylic acids and derivatives,"Amino acids, peptides, and analogues",Amino acids and derivatives,Alpha amino acids and derivatives,Glutamine and derivatives,,,L3,157.1,174.10049,NA
RP_10.237_194.08106,RP,10.237,194.08106,WT_drawdown,-0.6144090888782116,0.19335587008509153,-0.9933865942449909,-0.23543158351143217,0.004741081269790653,0.24269072933644575,Exploratory (nominal P < 0.05 only),27,27,NA,NA,unnamed feature,NA,NA,NA,NA,NA,NA,NA,NA,NA,L4,133.8,NA,NA
RP_17.863_490.37355,RP,17.863,490.37355,WT_drawdown,-0.6138739332524977,0.21792928702157402,-1.041015335814783,-0.18673253069021267,0.010837256590878915,0.2938128166832171,Exploratory (nominal P < 0.05 only),27,27,NA,NA,unnamed feature,NA,NA,NA,NA,NA,NA,NA,NA,NA,NA,131.7,NA,NA
RP_20.163_443.35173,RP,20.163,443.35173,WT_drawdown,-0.6125892558424653,0.22588002201526683,-1.0553140989923881,-0.16986441269254227,0.01216668771661893,0.3023196155737448,Exploratory (nominal P < 0.05 only),27,27,4alpha-Methylzymosterol-4-carboxylate,1,name unique to this feature,Organic compounds,Lipids and lipid-like molecules,Prenol lipids,Triterpenoids,Triterpenoids,,,,,L3,81.3,442.34491,NA
RP_9.519_374.22841,RP,9.519,374.22841,WT_drawdown,-0.6125765347838741,0.21470748348646712,-1.0334032024173496,-0.19174986715039855,0.008774094943706965,0.27671437054958253,Exploratory (nominal P < 0.05 only),27,27,2-[[2-[(2-amino-4-methylpentanoyl)amino]-4-carboxybutanoyl]amino]-4-methylpentanoic acid,1,name unique to this feature,Organic compounds,Organic acids and derivatives,Carboxylic acids and derivatives,"Amino acids, peptides, and analogues",Peptides,Oligopeptides,,,,L3,109.1,NA,NA
RP_19.889_506.38374,RP,19.889,506.38374,WT_drawdown,-0.6125026099918381,0.28649196804740185,-1.1740268673647458,-0.05097835261893058,0.042909404738594205,0.3866363205919646,Exploratory (nominal P < 0.05 only),27,27,NA,NA,unnamed feature,NA,NA,NA,NA,NA,NA,NA,NA,NA,L4,121.7,NA,NA
RP_8.16_300.19167,RP,8.16,300.19167,WT_drawdown,-0.6109027698126469,0.19617136886343883,-0.995398652784987,-0.2264068868403068,0.0047245092365825435,0.24269072933644575,Exploratory (nominal P < 0.05 only),27,27,NA,NA,unnamed feature,NA,NA,NA,NA,NA,NA,NA,NA,NA,NA,97.3,NA,NA
RP_10.472_316.22293,RP,10.472,316.22293,WT_drawdown,-0.6090082389399097,0.26316012066825584,-1.1248020754496912,-0.09321440243012835,0.03152382526210583,0.3652755967663922,Exploratory (nominal P < 0.05 only),27,27,2-[[2-[(2-Amino-3-methylbutanoyl)amino]-3-methylbutanoyl]amino]-3-methylbutanoic acid,9,name shared with other features,Organic compounds,Organic acids and derivatives,Carboxylic acids and derivatives,"Amino acids, peptides, and analogues",Peptides,Oligopeptides,,,,L3,199.9,NA,NA
RP_17.106_271.13276,RP,17.106,271.13276,WT_drawdown,-0.6086800644326017,0.2762043889673667,-1.1500406668086405,-0.06731946205656292,0.03944417008731067,0.3808598866918036,Exploratory (nominal P < 0.05 only),27,27,NA,NA,unnamed feature,NA,NA,NA,NA,NA,NA,NA,NA,NA,L4,105.5,NA,NA
RP_7.801_318.20222,RP,7.801,318.20222,WT_drawdown,-0.6076692429156594,0.22947036830094997,-1.0574311647855212,-0.15790732104579747,0.014079834771828639,0.3194055060030475,Exploratory (nominal P < 0.05 only),27,27,NA,NA,unnamed feature,NA,NA,NA,NA,NA,NA,NA,NA,NA,L4,118.1,NA,NA
RP_7.279_302.17111,RP,7.279,302.17111,WT_drawdown,-0.6072661136891088,0.22951325012272036,-1.0571120839296406,-0.15742014344857685,0.0141521596020546,0.3194055060030475,Exploratory (nominal P < 0.05 only),27,27,(Ac)2-L-Lys-D-Ala,2,name shared with other features,Organic compounds,Organic acids and derivatives,Carboxylic acids and derivatives,"Amino acids, peptides, and analogues",Peptides,Dipeptides,,,,L3,185.9,301.16385,NA
RP_20.711_279.26805,RP,20.711,279.26805,WT_drawdown,-0.6072211075533948,0.19859043133480633,-0.9964583529696152,-0.21798386213717436,0.006194046262986387,0.2582971683559236,Exploratory (nominal P < 0.05 only),27,27,NA,NA,unnamed feature,NA,NA,NA,NA,NA,NA,NA,NA,NA,L4,90.4,NA,NA
RP_8.826_302.2073,RP,8.826,302.2073,WT_drawdown,-0.60705935575889,0.23772339754426705,-1.0729972149456535,-0.14112149657212664,0.01743332777886844,0.3323963582390792,Exploratory (nominal P < 0.05 only),27,27,NA,NA,unnamed feature,NA,NA,NA,NA,NA,NA,NA,NA,NA,L4,119.1,NA,NA
RP_4.296_189.00695,RP,4.296,189.00695,WT_drawdown,-0.6061771916559114,0.26435328696658095,-1.1243096341104102,-0.08804474920141281,0.03334087910441383,0.36926339873281705,Exploratory (nominal P < 0.05 only),27,27,NA,NA,unnamed feature,NA,NA,NA,NA,NA,NA,NA,NA,NA,L4,121.8,NA,NA
RP_7.839_288.19163,RP,7.839,288.19163,WT_drawdown,-0.6059113518601483,0.26472095037754656,-1.1247644146001394,-0.08705828912015712,0.031186440822513546,0.3648151318543803,Exploratory (nominal P < 0.05 only),27,27,L-leucyl-L-valylglycine,2,name shared with other features,Organic compounds,Organic acids and derivatives,Carboxylic acids and derivatives,"Amino acids, peptides, and analogues",Peptides,Oligopeptides,,,,L3,122.7,NA,NA
RP_9.034_366.2022,RP,9.034,366.2022,WT_drawdown,-0.6050613220697452,0.1880019497427869,-0.9735451435656075,-0.23657750057388288,0.0036734292957713984,0.2252910778704865,Exploratory (nominal P < 0.05 only),27,27,NA,NA,unnamed feature,NA,NA,NA,NA,NA,NA,NA,NA,NA,NA,100.5,NA,NA
RP_16.457_235.09635,RP,16.457,235.09635,WT_drawdown,-0.6047485001930969,0.26410317896970287,-1.1223907309737147,-0.08710626941247923,0.03112286532120718,0.3648151318543803,Exploratory (nominal P < 0.05 only),27,27,NA,NA,unnamed feature,NA,NA,NA,NA,NA,NA,NA,NA,NA,NA,78.3,NA,NA
RP_0.927_273.94936,RP,0.927,273.94936,WT_drawdown,-0.6030524172136437,0.1916431199273506,-0.9786729322712509,-0.22743190215603648,0.005414503281254879,0.24516822975823674,Exploratory (nominal P < 0.05 only),27,27,NA,NA,unnamed feature,NA,NA,NA,NA,NA,NA,NA,NA,NA,NA,65.1,NA,NA
RP_19.915_589.40986,RP,19.915,589.40986,WT_drawdown,-0.6014471391862164,0.23371052382097088,-1.0595197658753193,-0.14337451249711347,0.018329856656194164,0.3392509685989666,Exploratory (nominal P < 0.05 only),27,27,22-Angeloyltheasapogenol A,1,name unique to this feature,Organic compounds,Lipids and lipid-like molecules,Prenol lipids,Triterpenoids,Triterpenoids,,,,,L3,110.9,NA,NA
RP_19.046_489.35727,RP,19.046,489.35727,WT_drawdown,-0.6014111359022308,0.1730172845052154,-0.940525013532453,-0.26229725827200867,0.002410152263744564,0.19266560615873032,Exploratory (nominal P < 0.05 only),27,27,NA,NA,unnamed feature,NA,NA,NA,NA,NA,NA,NA,NA,NA,L4,117.6,NA,NA
RP_6.319_269.11302,RP,6.319,269.11302,WT_drawdown,-0.5998770295761261,0.21917111064851486,-1.0294524064472153,-0.170301652705037,0.011486389498728825,0.29954985477645035,Exploratory (nominal P < 0.05 only),27,27,NA,NA,unnamed feature,NA,NA,NA,NA,NA,NA,NA,NA,NA,NA,117.9,NA,NA
RP_1.297_112.0504,RP,1.297,112.0504,WT_drawdown,-0.5995785222820542,0.25936605180962496,-1.1079359838289191,-0.09122106073518932,0.029691786354213625,0.3619749586380606,Exploratory (nominal P < 0.05 only),27,27,Cytosine,3,name shared with other features,Organic compounds,Organoheterocyclic compounds,Diazines,Pyrimidines and pyrimidine derivatives,Pyrimidones,,,,,L1,146.7,111.04327,NA
RP_20.847_292.26333,RP,20.847,292.26333,WT_drawdown,-0.598007611040414,0.28312829267579476,-1.1529390646849718,-0.04307615739585624,0.045270318204281554,0.3915833763770195,Exploratory (nominal P < 0.05 only),27,27,17-Amino-5alpha-androstan-11-ol,1,name unique to this feature,Organic compounds,Lipids and lipid-like molecules,Steroids and steroid derivatives,Hydroxysteroids,11-hydroxysteroids,,,,,L3,215.3,NA,NA
RP_8.448_302.20728,RP,8.448,302.20728,WT_drawdown,-0.5979987747556004,0.26822947349829024,-1.1237285428122492,-0.07226900669895153,0.035403088592501984,0.37469200168117417,Exploratory (nominal P < 0.05 only),27,27,2-[2-[(2-amino-3-methylbutanoyl)amino]propanoylamino]-4-methylpentanoic acid,4,name shared with other features,NA,NA,NA,NA,NA,NA,NA,NA,NA,L3,101.3,NA,NA
RP_9.218_314.20729,RP,9.218,314.20729,WT_drawdown,-0.5970686375606836,0.14389206685213018,-0.8790970885908588,-0.31504018653050847,3.6096857272588736e-4,0.11119866062720006,Exploratory (nominal P < 0.05 only),27,27,2-[[1-(2-amino-3-methylbutanoyl)pyrrolidine-2-carbonyl]amino]-3-methylbutanoic acid,3,name shared with other features,Organic compounds,Organic acids and derivatives,Carboxylic acids and derivatives,"Amino acids, peptides, and analogues",Peptides,Oligopeptides,,,,L3,146.4,NA,NA
RP_1.231_382.04292,RP,1.231,382.04292,WT_drawdown,-0.596593283544162,0.23865315204253798,-1.0643534615475363,-0.12883310554078753,0.021812858291834106,0.3468447064608668,Exploratory (nominal P < 0.05 only),27,27,NA,NA,unnamed feature,NA,NA,NA,NA,NA,NA,NA,NA,NA,NA,119.6,NA,NA
RP_8.621_300.19164,RP,8.621,300.19164,WT_drawdown,-0.5949159521153041,0.2723570883763967,-1.1287358453330416,-0.06109605889756653,0.03894116784275928,0.3808598866918036,Exploratory (nominal P < 0.05 only),27,27,2-[[1-(2-aminopropanoyl)pyrrolidine-2-carbonyl]amino]-4-methylpentanoic acid,2,name shared with other features,Organic compounds,Organic acids and derivatives,Carboxylic acids and derivatives,"Amino acids, peptides, and analogues",Peptides,Oligopeptides,,,,L3,155.4,NA,NA
RP_12.539_344.25425,RP,12.539,344.25425,WT_drawdown,-0.5948373878033262,0.2386761611039065,-1.062642663566983,-0.12703211203966946,0.01999658505722379,0.33989357385424357,Exploratory (nominal P < 0.05 only),27,27,2-[[2-[(2-amino-3-methylpentanoyl)amino]-3-methylbutanoyl]amino]-4-methylpentanoic acid,3,name shared with other features,NA,NA,NA,NA,NA,NA,NA,NA,NA,L3,129.2,NA,NA
RP_7.912_346.19712,RP,7.912,346.19712,WT_drawdown,-0.5946795678762085,0.25028111772940176,-1.085230558625836,-0.10412857712658102,0.02582670032592784,0.35785245174915226,Exploratory (nominal P < 0.05 only),27,27,2-[[2-[(2-amino-3-methylpentanoyl)amino]-3-methylbutanoyl]amino]butanedioic acid,1,name unique to this feature,Organic compounds,Organic acids and derivatives,Carboxylic acids and derivatives,"Amino acids, peptides, and analogues",Peptides,Oligopeptides,,,,L3,133.3,NA,NA
RP_8.978_358.19706,RP,8.978,358.19706,WT_drawdown,-0.5939922698651069,0.24185655035759127,-1.0680311085659857,-0.11995343116422802,0.02167059116356568,0.3456526590561284,Exploratory (nominal P < 0.05 only),27,27,Belactosin C,2,name shared with other features,Organic compounds,Organic acids and derivatives,Carboxylic acids and derivatives,"Amino acids, peptides, and analogues",Peptides,,,,,L3,171.7,NA,NA
RP_7.725_189.12327,RP,7.725,189.12327,WT_drawdown,-0.5936834519629055,0.21526939551111574,-1.0156114671646923,-0.17175543676111865,0.010947255325945869,0.29437226886941353,Exploratory (nominal P < 0.05 only),27,27,Glycyl-L-leucine,1,name unique to this feature,Organic compounds,Organic acids and derivatives,Carboxylic acids and derivatives,"Amino acids, peptides, and analogues",Peptides,,,,,L1,139.1,188.11615,NA
RP_9.49_276.13416,RP,9.49,276.13416,WT_drawdown,-0.5934976180780824,0.25820178170755403,-1.0995731102248882,-0.08742212593127652,0.03054264512709638,0.3619749586380606,Exploratory (nominal P < 0.05 only),27,27,NA,NA,unnamed feature,NA,NA,NA,NA,NA,NA,NA,NA,NA,L4,167.2,NA,NA
RP_7.447_318.20221,RP,7.447,318.20221,WT_drawdown,-0.5933787110426322,0.2529274421751694,-1.0891164977059642,-0.09764092437930022,0.027567741422464456,0.35785245174915226,Exploratory (nominal P < 0.05 only),27,27,2-[[2-[(2-amino-3-methylbutanoyl)amino]-4-methylpentanoyl]amino]-3-hydroxypropanoic acid,1,name unique to this feature,Organic compounds,Organic acids and derivatives,Carboxylic acids and derivatives,"Amino acids, peptides, and analogues",Peptides,Oligopeptides,,,,L3,123.8,NA,NA
RP_6.008_239.10244,RP,6.008,239.10244,WT_drawdown,-0.593147682337087,0.16077493227261264,-0.9082665495914077,-0.2780288150827663,0.0011506524026774472,0.14580261288236793,Exploratory (nominal P < 0.05 only),27,27,NA,NA,unnamed feature,NA,NA,NA,NA,NA,NA,NA,NA,NA,L4,120,NA,NA
RP_7.722_176.09163,RP,7.722,176.09163,WT_drawdown,-0.5930118131231454,0.12245730232064099,-0.8330281256716018,-0.3529955005746891,6.197310544904828e-5,0.07073197101918044,Suggestive (FDR < 0.10),27,27,Spermidic acid,1,name unique to this feature,Organic compounds,Organic acids and derivatives,Carboxylic acids and derivatives,"Amino acids, peptides, and analogues",Amino acids and derivatives,Gamma amino acids and derivatives,,,,L3,51.2,NA,NA
RP_15.622_241.0858,RP,15.622,241.0858,WT_drawdown,-0.5929977139363907,0.19578827363331486,-0.9767427302576878,-0.20925269761509357,0.0066903383992502445,0.26272281342324266,Exploratory (nominal P < 0.05 only),27,27,NA,NA,unnamed feature,NA,NA,NA,NA,NA,NA,NA,NA,NA,L4,519.9,NA,NA
RP_16.989_315.25282,RP,16.989,315.25282,WT_drawdown,-0.5920648133122016,0.23893687225789922,-1.060381082937684,-0.12374854368671917,0.02223751046378781,0.34910780486334947,Exploratory (nominal P < 0.05 only),27,27,NP-008993,1,name unique to this feature,NA,NA,NA,NA,NA,NA,NA,NA,NA,L2,144.2,NA,NA
RP_11.733_165.05452,RP,11.733,165.05452,WT_drawdown,-0.5919559040850452,0.1851068765219372,-0.9547653820680421,-0.22914642610204827,0.0038601275024538182,0.2252910778704865,Exploratory (nominal P < 0.05 only),27,27,NA,NA,unnamed feature,NA,NA,NA,NA,NA,NA,NA,NA,NA,L4,89.6,NA,NA
RP_4.295_221.98199,RP,4.295,221.98199,WT_drawdown,-0.5910861881624255,0.24963572226616504,-1.080372203804109,-0.10180017252074208,0.028528585166849665,0.35956518629923895,Exploratory (nominal P < 0.05 only),27,27,NA,NA,unnamed feature,NA,NA,NA,NA,NA,NA,NA,NA,NA,L4,122.3,NA,NA
RP_14.889_247.10756,RP,14.889,247.10756,WT_drawdown,-0.5908278130033099,0.23368194429656822,-1.0488444238245835,-0.13281120218203618,0.018449871348642025,0.33989357385424357,Exploratory (nominal P < 0.05 only),27,27,cyclic 6-Hydroxymelatonin,1,name unique to this feature,Organic compounds,Organoheterocyclic compounds,Indoles and derivatives,Pyrroloindoles,Pyrroloindoles,,,,,L3,107.5,NA,NA
RP_10.234_314.20727,RP,10.234,314.20727,WT_drawdown,-0.5903669569450832,0.24781761532103444,-1.0760894829743108,-0.10464443091585574,0.02547879457178173,0.35785245174915226,Exploratory (nominal P < 0.05 only),27,27,NA,NA,unnamed feature,NA,NA,NA,NA,NA,NA,NA,NA,NA,NA,188.4,NA,NA
RP_19.286_313.21606,RP,19.286,313.21606,WT_drawdown,-0.590333374061246,0.16999447416742594,-0.9235225434294008,-0.2571442046930911,0.002440132112942614,0.19280797741651176,Exploratory (nominal P < 0.05 only),27,27,NA,NA,unnamed feature,NA,NA,NA,NA,NA,NA,NA,NA,NA,L4,83.5,NA,NA
RP_19.323_269.21096,RP,19.323,269.21096,WT_drawdown,-0.5886307636131428,0.25373642590106754,-1.0859541583792351,-0.09130736884705043,0.029174898904128003,0.3619749586380606,Exploratory (nominal P < 0.05 only),27,27,NA,NA,unnamed feature,NA,NA,NA,NA,NA,NA,NA,NA,NA,L4,90.8,NA,NA
RP_14.255_299.09127,RP,14.255,299.09127,WT_drawdown,-0.5873776398609877,0.26258242292790374,-1.102039188799679,-0.07271609092229636,0.037283827910892346,0.3788197611086473,Exploratory (nominal P < 0.05 only),27,27,NA,NA,unnamed feature,NA,NA,NA,NA,NA,NA,NA,NA,NA,NA,129.1,NA,NA
RP_6.53_317.18181,RP,6.53,317.18181,WT_drawdown,-0.5863253251484108,0.24138746714939957,-1.059444760761234,-0.11320588953558769,0.022999503582866065,0.35473108228708744,Exploratory (nominal P < 0.05 only),27,27,NA,NA,unnamed feature,NA,NA,NA,NA,NA,NA,NA,NA,NA,NA,123.3,NA,NA
RP_18.409_411.28912,RP,18.409,411.28912,WT_drawdown,-0.5845800273658481,0.24534955514368395,-1.0654651554474688,-0.10369489928422759,0.02738325410834021,0.35785245174915226,Exploratory (nominal P < 0.05 only),27,27,Boldenone cypionate,6,name shared with other features,Organic compounds,Lipids and lipid-like molecules,Steroids and steroid derivatives,Steroid esters,Steroid esters,,,,,L2,97.6,NA,NA
RP_6.51_188.12802,RP,6.51,188.12802,WT_drawdown,-0.5843645543141832,0.22696262603977171,-1.0292113013521358,-0.13951780727623064,0.01662632955387686,0.32577699544951394,Exploratory (nominal P < 0.05 only),27,27,8-Amino-7-oxononanoate,1,name unique to this feature,Organic compounds,Lipids and lipid-like molecules,Fatty Acyls,Fatty acids and conjugates,Medium-chain fatty acids,,,,,L3,123.4,187.12090999999998,NA
RP_19.244_415.32041,RP,19.244,415.32041,WT_drawdown,-0.5843090272931438,0.2710601671288316,-1.1155869548656536,-0.05303109972063391,0.04411743666084185,0.3904231120071049,Exploratory (nominal P < 0.05 only),27,27,Diosgenin,1,name unique to this feature,Organic compounds,Lipids and lipid-like molecules,Prenol lipids,Triterpenoids,Triterpenoids,,,,,L3,105,868.4823200000001,NA
RP_12.961_358.26991,RP,12.961,358.26991,WT_drawdown,-0.5841271738698434,0.20296435633150206,-0.9819373122795874,-0.1863170354600993,0.008277173701806447,0.2755984554302607,Exploratory (nominal P < 0.05 only),27,27,Leucyl-leucyl-norleucine,8,name shared with other features,Organic compounds,Organic acids and derivatives,Carboxylic acids and derivatives,"Amino acids, peptides, and analogues",Peptides,Oligopeptides,,,,L3,122.1,357.2629,NA
RP_7.636_494.19788,RP,7.636,494.19788,WT_drawdown,-0.5837496990533323,0.24913112087995376,-1.0720466959780417,-0.09545270212862295,0.027741654039667638,0.35785245174915226,Exploratory (nominal P < 0.05 only),27,27,NA,NA,unnamed feature,NA,NA,NA,NA,NA,NA,NA,NA,NA,NA,148.2,NA,NA
RP_9.055_200.16436,RP,9.055,200.16436,WT_drawdown,-0.5835897841492195,0.27795500403920187,-1.1283815920660552,-0.03879797623238379,0.04646143085180876,0.39638855291509933,Exploratory (nominal P < 0.05 only),27,27,NA,NA,unnamed feature,NA,NA,NA,NA,NA,NA,NA,NA,NA,L4,87.7,NA,NA
RP_8.757_330.20222,RP,8.757,330.20222,WT_drawdown,-0.5835662705558642,0.27037519055784526,-1.113501644049241,-0.05363089706248747,0.04111984681620628,0.381470787303942,Exploratory (nominal P < 0.05 only),27,27,NA,NA,unnamed feature,NA,NA,NA,NA,NA,NA,NA,NA,NA,NA,131.9,NA,NA
RP_5.74_311.1236,RP,5.74,311.1236,WT_drawdown,-0.5833837655650296,0.19316993031156224,-0.9619968289756915,-0.2047707021543676,0.005916681035569991,0.2561302415617493,Exploratory (nominal P < 0.05 only),27,27,NA,NA,unnamed feature,NA,NA,NA,NA,NA,NA,NA,NA,NA,L4,132.8,NA,NA
RP_8.612_302.20727,RP,8.612,302.20727,WT_drawdown,-0.5833797006390551,0.25426911055762913,-1.081747157332008,-0.08501224394610202,0.03082225457275918,0.36266460363274033,Exploratory (nominal P < 0.05 only),27,27,2-[2-[(2-amino-3-methylpentanoyl)amino]propanoylamino]-3-methylbutanoic acid,2,name shared with other features,NA,NA,NA,NA,NA,NA,NA,NA,NA,L3,112.5,NA,NA
RP_11.461_204.06538,RP,11.461,204.06538,WT_drawdown,-0.5809219713126152,0.2555709908648452,-1.081841113407712,-0.08000282921751867,0.0343402862695455,0.3713088637481804,Exploratory (nominal P < 0.05 only),27,27,NA,NA,unnamed feature,NA,NA,NA,NA,NA,NA,NA,NA,NA,L4,115.6,NA,NA
RP_10.466_237.09274,RP,10.466,237.09274,WT_drawdown,-0.5807604162173098,0.18578059387934084,-0.9448903802208178,-0.21663045221380173,0.004590970700791388,0.24165109484267375,Exploratory (nominal P < 0.05 only),27,27,NA,NA,unnamed feature,NA,NA,NA,NA,NA,NA,NA,NA,NA,NA,95,NA,NA
RP_12.927_330.23863,RP,12.927,330.23863,WT_drawdown,-0.5805727653268912,0.2641310285570542,-1.0982695812987173,-0.06287594935506491,0.03998077799456206,0.3808598866918036,Exploratory (nominal P < 0.05 only),27,27,NA,NA,unnamed feature,NA,NA,NA,NA,NA,NA,NA,NA,NA,L4,212.1,NA,NA
RP_8.765_300.19161,RP,8.765,300.19161,WT_drawdown,-0.5798875439778225,0.2557597366454924,-1.0811766278029875,-0.07859846015265737,0.03265961158334811,0.36832456057447244,Exploratory (nominal P < 0.05 only),27,27,2-[[1-(2-amino-3-methylpentanoyl)pyrrolidine-2-carbonyl]amino]propanoic acid,2,name shared with other features,Organic compounds,Organic acids and derivatives,Carboxylic acids and derivatives,"Amino acids, peptides, and analogues",Peptides,Oligopeptides,,,,L3,177,NA,NA
RP_6.313_274.17595,RP,6.313,274.17595,WT_drawdown,-0.5798036845110681,0.2681856626171312,-1.1054475832406454,-0.05415978578149094,0.04081209521674174,0.3808598866918036,Exploratory (nominal P < 0.05 only),27,27,NA,NA,unnamed feature,NA,NA,NA,NA,NA,NA,NA,NA,NA,L4,119.1,NA,NA
RP_20.459_495.34441,RP,20.459,495.34441,WT_drawdown,-0.5797370365992575,0.24385640668452846,-1.0576955937009331,-0.10177847949758168,0.0277246566021765,0.35785245174915226,Exploratory (nominal P < 0.05 only),27,27,Maslinic acid,3,name shared with other features,Organic compounds,Lipids and lipid-like molecules,Prenol lipids,Triterpenoids,Triterpenoids,,,,,L2,75.5,NA,NA
RP_18.242_252.23201,RP,18.242,252.23201,WT_drawdown,-0.5796460452441838,0.18247528286604375,-0.9372975996616295,-0.2219944908267381,0.004955005082698534,0.24269072933644575,Exploratory (nominal P < 0.05 only),27,27,NA,NA,unnamed feature,NA,NA,NA,NA,NA,NA,NA,NA,NA,NA,180,NA,NA
RP_18.241_252.23203,RP,18.241,252.23203,WT_drawdown,-0.5796460452441838,0.18247528286604375,-0.9372975996616295,-0.2219944908267381,0.004955005082698534,0.24269072933644575,Exploratory (nominal P < 0.05 only),27,27,Herculin,2,name shared with other features,Organic compounds,Lipids and lipid-like molecules,Fatty Acyls,Fatty amides,N-acyl amines,,,,,L3,177.2,NA,NA
RP_19.114_329.26849,RP,19.114,329.26849,WT_drawdown,-0.5792428305059627,0.18953012386693766,-0.9507218732851606,-0.2077637877267649,0.006272754283385743,0.2582971683559236,Exploratory (nominal P < 0.05 only),27,27,NA,NA,unnamed feature,NA,NA,NA,NA,NA,NA,NA,NA,NA,NA,116.3,NA,NA
RP_1.301_247.05751,RP,1.301,247.05751,WT_drawdown,-0.5791455495773693,0.26941435098923006,-1.1071976775162602,-0.05109342163847841,0.04441375366894654,0.3908735213658182,Exploratory (nominal P < 0.05 only),27,27,Glycerophosphoglycerol,1,name unique to this feature,Organic compounds,Organic acids and derivatives,Organic phosphoric acids and derivatives,Phosphate esters,Alkyl phosphates,Dialkyl phosphates,,,,L3,125.3,246.05049,NA
RP_14.983_241.08577,RP,14.983,241.08577,WT_drawdown,-0.578912580964948,0.22693887204801277,-1.0237127701790532,-0.134112391750843,0.017538297094146192,0.33300071673025816,Exploratory (nominal P < 0.05 only),27,27,"2,4-Dihydroxychalcone",1,name unique to this feature,Organic compounds,Phenylpropanoids and polyketides,"Linear 1,3-diarylpropanoids",Chalcones and dihydrochalcones,Retrochalcones,,,,,L3,110.3,NA,Multi-ring
RP_11.332_340.22303,RP,11.332,340.22303,WT_drawdown,-0.5787574242341715,0.22703830159540708,-1.0237524953611694,-0.13376235310717366,0.017609290513633778,0.3331171862910611,Exploratory (nominal P < 0.05 only),27,27,NA,NA,unnamed feature,NA,NA,NA,NA,NA,NA,NA,NA,NA,L4,207.4,NA,NA
RP_6.738_284.1603,RP,6.738,284.1603,WT_drawdown,-0.5773835976946191,0.24361871283283415,-1.054876274846974,-0.09989092054226417,0.02616752789342481,0.35785245174915226,Exploratory (nominal P < 0.05 only),27,27,NA,NA,unnamed feature,NA,NA,NA,NA,NA,NA,NA,NA,NA,L4,133.6,NA,NA
RP_1.125_383.16589,RP,1.125,383.16589,WT_drawdown,-0.5761671634611807,0.2584534358314039,-1.0827358976907324,-0.06959842923162907,0.035413731294479736,0.37469200168117417,Exploratory (nominal P < 0.05 only),27,27,NA,NA,unnamed feature,NA,NA,NA,NA,NA,NA,NA,NA,NA,NA,115.3,NA,NA
RP_10.028_190.04976,RP,10.028,190.04976,WT_drawdown,-0.575458750683803,0.20390363356832653,-0.975109872477723,-0.17580762888988305,0.010571567741182012,0.28994588135945154,Exploratory (nominal P < 0.05 only),27,27,Kynurenic acid,1,name unique to this feature,Organic compounds,Organoheterocyclic compounds,Quinolines and derivatives,Quinoline carboxylic acids,Quinoline carboxylic acids,,,,,L1,275,189.04261000000002,NA
RP_9.421_302.20727,RP,9.421,302.20727,WT_drawdown,-0.5753417995333299,0.274871222779157,-1.1140893961804776,-0.0365942028861822,0.049423753444147414,0.4015365255913905,Exploratory (nominal P < 0.05 only),27,27,2-[2-[(2-amino-3-methylbutanoyl)amino]propanoylamino]-4-methylpentanoic acid,4,name shared with other features,NA,NA,NA,NA,NA,NA,NA,NA,NA,L3,200.5,NA,NA
RP_12.678_358.2699,RP,12.678,358.2699,WT_drawdown,-0.5747292657130647,0.22239380658835536,-1.0106211266262413,-0.1388374047998882,0.01627161363248657,0.3248784732570759,Exploratory (nominal P < 0.05 only),27,27,Leucyl-leucyl-norleucine,8,name shared with other features,Organic compounds,Organic acids and derivatives,Carboxylic acids and derivatives,"Amino acids, peptides, and analogues",Peptides,Oligopeptides,,,,L3,115.9,357.2629,NA
RP_18.887_506.3837,RP,18.887,506.3837,WT_drawdown,-0.5740767445213298,0.2331440515678567,-1.031039085594329,-0.11711440344833074,0.02297005957405997,0.35473108228708744,Exploratory (nominal P < 0.05 only),27,27,NA,NA,unnamed feature,NA,NA,NA,NA,NA,NA,NA,NA,NA,NA,146.6,NA,NA
RP_7.853_546.2029,RP,7.853,546.2029,WT_drawdown,-0.5739487193964887,0.14644047473978267,-0.8609720498864628,-0.2869253889065147,8.782058130735066e-4,0.1409261400646713,Exploratory (nominal P < 0.05 only),27,27,NA,NA,unnamed feature,NA,NA,NA,NA,NA,NA,NA,NA,NA,L4,94.3,NA,NA
RP_8.596_294.14468,RP,8.596,294.14468,WT_drawdown,-0.5728667196622338,0.2729055319710753,-1.1077615623255412,-0.037971876998926235,0.04650408296344381,0.39642318688837747,Exploratory (nominal P < 0.05 only),27,27,Glutaminylphenylalanine,1,name unique to this feature,Organic compounds,Organic acids and derivatives,Carboxylic acids and derivatives,"Amino acids, peptides, and analogues",Peptides,Dipeptides,,,,L3,153.6,NA,NA
RP_8.871_332.21789,RP,8.871,332.21789,WT_drawdown,-0.5720200425271222,0.23265429284170805,-1.02802245649687,-0.11601762855737446,0.02154161600682304,0.3452035563527087,Exploratory (nominal P < 0.05 only),27,27,Marimastat,13,name shared with other features,Organic compounds,Organic oxygen compounds,Organooxygen compounds,Alcohols and polyols,Secondary alcohols,,,,,L3,133.8,NA,NA
RP_11.274_344.2179,RP,11.274,344.2179,WT_drawdown,-0.5714099997556532,0.26330010728915215,-1.0874782100423914,-0.05534178946891499,0.042285167171182275,0.38425797911550424,Exploratory (nominal P < 0.05 only),27,27,NA,NA,unnamed feature,NA,NA,NA,NA,NA,NA,NA,NA,NA,L4,180.9,NA,NA
RP_16.656_469.33102,RP,16.656,469.33102,WT_drawdown,-0.5702941749098179,0.23467611203557676,-1.0302593544995484,-0.1103289953200875,0.02510474642895317,0.35785245174915226,Exploratory (nominal P < 0.05 only),27,27,NA,NA,unnamed feature,NA,NA,NA,NA,NA,NA,NA,NA,NA,L4,106.1,NA,NA
RP_11.893_344.25425,RP,11.893,344.25425,WT_drawdown,-0.5697760789662065,0.2315735674332876,-1.02366027113545,-0.11589188679696283,0.021456784665270578,0.3449203318961806,Exploratory (nominal P < 0.05 only),27,27,2-[[2-[(2-amino-3-methylpentanoyl)amino]-3-methylbutanoyl]amino]-4-methylpentanoic acid,3,name shared with other features,NA,NA,NA,NA,NA,NA,NA,NA,NA,L3,127.6,NA,NA
RP_8.677_318.20223,RP,8.677,318.20223,WT_drawdown,-0.5694385171765012,0.24054779048572694,-1.040912186528526,-0.0979648478244764,0.026325963659512737,0.35785245174915226,Exploratory (nominal P < 0.05 only),27,27,NA,NA,unnamed feature,NA,NA,NA,NA,NA,NA,NA,NA,NA,L4,145.1,NA,NA
RP_7.197_188.06807,RP,7.197,188.06807,WT_drawdown,-0.5691577785465793,0.21599096198734832,-0.992500064041782,-0.14581549305137664,0.014503570038793172,0.32177250850644373,Exploratory (nominal P < 0.05 only),27,27,NA,NA,unnamed feature,NA,NA,NA,NA,NA,NA,NA,NA,NA,NA,158.2,NA,NA
RP_8.789_288.19163,RP,8.789,288.19163,WT_drawdown,-0.5687526108147921,0.24176332785657165,-1.0426087334136724,-0.09489648821591168,0.027183148364537238,0.35785245174915226,Exploratory (nominal P < 0.05 only),27,27,2-[[2-(2-aminopropanoylamino)-3-methylbutanoyl]amino]-3-methylbutanoic acid,1,name unique to this feature,Organic compounds,Organic acids and derivatives,Carboxylic acids and derivatives,"Amino acids, peptides, and analogues",Peptides,Oligopeptides,,,,L3,139.7,NA,NA
RP_12.944_203.07015,RP,12.944,203.07015,WT_drawdown,-0.5685621796572301,0.25768596225315965,-1.073626665673423,-0.06349769364103719,0.037170221930012695,0.3788197611086473,Exploratory (nominal P < 0.05 only),27,27,NA,NA,unnamed feature,NA,NA,NA,NA,NA,NA,NA,NA,NA,L4,170,NA,NA
RP_11.544_227.08138,RP,11.544,227.08138,WT_drawdown,-0.5676974178642243,0.24248444730747384,-1.042966934586873,-0.09242790114157562,0.027860455509987364,0.3581165109442142,Exploratory (nominal P < 0.05 only),27,27,NA,NA,unnamed feature,NA,NA,NA,NA,NA,NA,NA,NA,NA,L4,195.5,NA,NA
RP_18.561_296.25819,RP,18.561,296.25819,WT_drawdown,-0.5676484989417201,0.24544708061103615,-1.048724776939351,-0.08657222094408923,0.03211768886306938,0.36697764182586057,Exploratory (nominal P < 0.05 only),27,27,Linoleyl hydroxamic acid,6,name shared with other features,Organic compounds,Organic acids and derivatives,Carboxylic acids and derivatives,Carboxylic acid derivatives,Carboxylic acid amides,Primary carboxylic acid amides,Hydroxamic acids,,,L3,178.9,NA,NA
RP_9.391_360.21277,RP,9.391,360.21277,WT_drawdown,-0.5672723861369918,0.20396447395010683,-0.9670427550792012,-0.16750201719478242,0.01037106575487789,0.28844500385293775,Exploratory (nominal P < 0.05 only),27,27,NA,NA,unnamed feature,NA,NA,NA,NA,NA,NA,NA,NA,NA,L4,112.4,NA,NA
RP_8.846_300.19163,RP,8.846,300.19163,WT_drawdown,-0.5669635001907432,0.26431217961909725,-1.0850153722441738,-0.048911628137312535,0.042278200222367245,0.38425797911550424,Exploratory (nominal P < 0.05 only),27,27,2-[[1-(2-amino-3-methylpentanoyl)pyrrolidine-2-carbonyl]amino]propanoic acid,2,name shared with other features,Organic compounds,Organic acids and derivatives,Carboxylic acids and derivatives,"Amino acids, peptides, and analogues",Peptides,Oligopeptides,,,,L3,155.4,NA,NA
RP_9.887_316.22294,RP,9.887,316.22294,WT_drawdown,-0.5668758520002947,0.2418253066189207,-1.0408534529733793,-0.09289825102721011,0.027680869969531393,0.35785245174915226,Exploratory (nominal P < 0.05 only),27,27,2-[[2-[(2-Amino-3-methylbutanoyl)amino]-3-methylbutanoyl]amino]-3-methylbutanoic acid,9,name shared with other features,Organic compounds,Organic acids and derivatives,Carboxylic acids and derivatives,"Amino acids, peptides, and analogues",Peptides,Oligopeptides,,,,L3,108.2,NA,NA
RP_8.698_231.17018,RP,8.698,231.17018,WT_drawdown,-0.566853576077454,0.26532548201124107,-1.0868915208194865,-0.04681563133542155,0.04304304795446774,0.3873366499385136,Exploratory (nominal P < 0.05 only),27,27,NA,NA,unnamed feature,NA,NA,NA,NA,NA,NA,NA,NA,NA,L4,144.1,NA,NA
RP_12.228_380.21786,RP,12.228,380.21786,WT_drawdown,-0.5667571393206359,0.25286483201475396,-1.0623722100695536,-0.07114206857171812,0.03655272104387698,0.37724509919752675,Exploratory (nominal P < 0.05 only),27,27,2-[[2-[(2-amino-3-hydroxybutanoyl)amino]-4-methylpentanoyl]amino]-3-phenylpropanoic acid,1,name unique to this feature,Organic compounds,Organic acids and derivatives,Carboxylic acids and derivatives,"Amino acids, peptides, and analogues",Peptides,Oligopeptides,,,,L3,135.8,NA,NA
RP_7.754_229.15455,RP,7.754,229.15455,WT_drawdown,-0.5666643810976474,0.2560749715019526,-1.0685713252414746,-0.0647574369538203,0.036665564667975103,0.37724509919752675,Exploratory (nominal P < 0.05 only),27,27,Prolylleucine,2,name shared with other features,,,,,,,,,,L2,145.5,NA,NA
RP_12.006_374.22836,RP,12.006,374.22836,WT_drawdown,-0.5663696304640021,0.242692748098891,-1.0420474167378284,-0.09069184419017579,0.0301731755389285,0.3619749586380606,Exploratory (nominal P < 0.05 only),27,27,NA,NA,unnamed feature,NA,NA,NA,NA,NA,NA,NA,NA,NA,L4,110,NA,NA
RP_8.583_359.22878,RP,8.583,359.22878,WT_drawdown,-0.5663296645596612,0.23900676792839545,-1.0347829296993163,-0.09787639942000609,0.026196987088236555,0.35785245174915226,Exploratory (nominal P < 0.05 only),27,27,NA,NA,unnamed feature,NA,NA,NA,NA,NA,NA,NA,NA,NA,L4,138.9,NA,NA
RP_8.04_352.1866,RP,8.04,352.1866,WT_drawdown,-0.5652092063485585,0.18370545611924427,-0.9252719003422774,-0.20514651235483977,0.00516806003653564,0.24269072933644575,Exploratory (nominal P < 0.05 only),27,27,NA,NA,unnamed feature,NA,NA,NA,NA,NA,NA,NA,NA,NA,L4,96.9,NA,NA
RP_10.079_302.20728,RP,10.079,302.20728,WT_drawdown,-0.5648005620347012,0.22782996844065295,-1.011347300178381,-0.1182538238910214,0.02059112231449037,0.34005146047338436,Exploratory (nominal P < 0.05 only),27,27,NA,NA,unnamed feature,NA,NA,NA,NA,NA,NA,NA,NA,NA,L4,138.3,NA,NA
RP_8.181_360.21279,RP,8.181,360.21279,WT_drawdown,-0.5647744114833182,0.23096869472887147,-1.0174730531519063,-0.11207576981473011,0.02219003885003614,0.3490598454327278,Exploratory (nominal P < 0.05 only),27,27,2-[[2-[(2-amino-3-methylbutanoyl)amino]-3-methylpentanoyl]amino]pentanedioic acid,1,name unique to this feature,NA,NA,NA,NA,NA,NA,NA,NA,NA,L3,115.3,NA,NA
RP_6.563_276.15523,RP,6.563,276.15523,WT_drawdown,-0.5647332782696206,0.21306083202967394,-0.9823325090477815,-0.1471340474914597,0.015633584678763055,0.3233631855252037,Exploratory (nominal P < 0.05 only),27,27,NA,NA,unnamed feature,NA,NA,NA,NA,NA,NA,NA,NA,NA,L4,121.4,NA,NA
RP_10.824_179.03376,RP,10.824,179.03376,WT_drawdown,-0.5638684429626394,0.19796029704857024,-0.951870625177837,-0.17586626074744172,0.008870653749465834,0.27671437054958253,Exploratory (nominal P < 0.05 only),27,27,NA,NA,unnamed feature,NA,NA,NA,NA,NA,NA,NA,NA,NA,L4,93.3,NA,NA
RP_14.642_157.12221,RP,14.642,157.12221,WT_drawdown,-0.5637723647368502,0.14201635837978555,-0.8421244271612298,-0.28542030231247056,5.687144926240309e-4,0.1323544602923567,Exploratory (nominal P < 0.05 only),27,27,NA,NA,unnamed feature,NA,NA,NA,NA,NA,NA,NA,NA,NA,L4,80.3,NA,NA
RP_1.323_173.04194,RP,1.323,173.04194,WT_drawdown,-0.5633601617375025,0.22135621872049943,-0.9972183504296814,-0.12950197304532357,0.019879013186958436,0.33989357385424357,Exploratory (nominal P < 0.05 only),27,27,NA,NA,unnamed feature,NA,NA,NA,NA,NA,NA,NA,NA,NA,L4,88.3,NA,NA
RP_8.514_360.21277,RP,8.514,360.21277,WT_drawdown,-0.5625535249046034,0.23251675091937118,-1.018286356706571,-0.10682069310263592,0.023488470283546118,0.3564147602860695,Exploratory (nominal P < 0.05 only),27,27,NA,NA,unnamed feature,NA,NA,NA,NA,NA,NA,NA,NA,NA,L4,112.7,NA,NA
RP_11.993_344.25424,RP,11.993,344.25424,WT_drawdown,-0.5625343291703627,0.19970965910388716,-0.9539652610139815,-0.1711033973267439,0.009549688742538382,0.2851523638098641,Exploratory (nominal P < 0.05 only),27,27,2-[[2-[(2-amino-3-methylpentanoyl)amino]-3-methylbutanoyl]amino]-4-methylpentanoic acid,3,name shared with other features,NA,NA,NA,NA,NA,NA,NA,NA,NA,L3,152.8,NA,NA
RP_19.273_332.27938,RP,19.273,332.27938,WT_drawdown,-0.562485698403606,0.25515431606402916,-1.062588157889103,-0.06238323891810882,0.03732141727433324,0.3788197611086473,Exploratory (nominal P < 0.05 only),27,27,Simplifungin,1,name unique to this feature,Organic compounds,Lipids and lipid-like molecules,Fatty Acyls,Fatty acids and conjugates,Long-chain fatty acids,,,,,L3,163,NA,NA
RP_11.124_472.16009,RP,11.124,472.16009,WT_drawdown,-0.5624020999418826,0.24293805086069573,-1.0385606796288462,-0.08624352025491899,0.029481686875394528,0.3619749586380606,Exploratory (nominal P < 0.05 only),27,27,NA,NA,unnamed feature,NA,NA,NA,NA,NA,NA,NA,NA,NA,NA,133.5,NA,NA
RP_4.404_234.02694,RP,4.404,234.02694,WT_drawdown,-0.5620573975625103,0.18987583051135398,-0.9342140253647641,-0.1899007697602565,0.006820982750443715,0.26272281342324266,Exploratory (nominal P < 0.05 only),27,27,NA,NA,unnamed feature,NA,NA,NA,NA,NA,NA,NA,NA,NA,L4,128.1,NA,NA
RP_2.223_219.1338,RP,2.223,219.1338,WT_drawdown,-0.5605734919145328,0.25419572373205485,-1.0587971104293603,-0.06234987339970527,0.03725917288300307,0.3788197611086473,Exploratory (nominal P < 0.05 only),27,27,NA,NA,unnamed feature,NA,NA,NA,NA,NA,NA,NA,NA,NA,L4,129.8,NA,NA
RP_8.587_332.21787,RP,8.587,332.21787,WT_drawdown,-0.5599437335923865,0.2419111702256202,-1.034089627234602,-0.08579783995017087,0.02950301474516902,0.3619749586380606,Exploratory (nominal P < 0.05 only),27,27,Marimastat,13,name shared with other features,Organic compounds,Organic oxygen compounds,Organooxygen compounds,Alcohols and polyols,Secondary alcohols,,,,,L3,135.1,NA,NA
RP_8.242_231.17016,RP,8.242,231.17016,WT_drawdown,-0.5591073582379231,0.26837683167258647,-1.0851259483161926,-0.03308876815965367,0.048048160401446945,0.3992929477622153,Exploratory (nominal P < 0.05 only),27,27,tert-Butyl N-[1-(aminocarbonyl)-3-methylbutyl]carbamate,1,name unique to this feature,Organic compounds,Organic acids and derivatives,Carboxylic acids and derivatives,"Amino acids, peptides, and analogues",Amino acids and derivatives,Alpha amino acids and derivatives,Leucine and derivatives,,,L2,138.4,NA,NA
RP_11.503_342.2386,RP,11.503,342.2386,WT_drawdown,-0.5585719482213787,0.18663364227463858,-0.9243738870796703,-0.19277000936308708,0.006311583845145719,0.2582971683559236,Exploratory (nominal P < 0.05 only),27,27,Diprotin A,2,name shared with other features,Organic compounds,Organic acids and derivatives,Carboxylic acids and derivatives,"Amino acids, peptides, and analogues",Peptides,Oligopeptides,,,,L3,129.8,NA,NA
RP_17.571_810.37531,RP,17.571,810.37531,WT_drawdown,-0.5577644322580808,0.1942608384417532,-0.938515675603917,-0.17701318891224455,0.009729221834778801,0.2851523638098641,Exploratory (nominal P < 0.05 only),27,27,NA,NA,unnamed feature,NA,NA,NA,NA,NA,NA,NA,NA,NA,L4,88.8,NA,NA
RP_10.339_328.22295,RP,10.339,328.22295,WT_drawdown,-0.5575342115586764,0.24573319989101752,-1.0391712833450708,-0.07589713977228213,0.03255185593141656,0.36832456057447244,Exploratory (nominal P < 0.05 only),27,27,Diprotin B,2,name shared with other features,Organic compounds,Organic acids and derivatives,Carboxylic acids and derivatives,"Amino acids, peptides, and analogues",Peptides,Oligopeptides,,,,L3,141.8,NA,NA
RP_8.965_330.20223,RP,8.965,330.20223,WT_drawdown,-0.5571975564501452,0.26041744991898247,-1.067615758291351,-0.04677935460893956,0.04275846096154433,0.3861792435387372,Exploratory (nominal P < 0.05 only),27,27,"(2S)-1-[(2S,3R)-2-[[(2S,3S)-2-amino-3-methylpentanoyl]amino]-3-hydroxybutanoyl]pyrrolidine-2-carboxylic acid",4,name shared with other features,Organic compounds,Organic acids and derivatives,Carboxylic acids and derivatives,"Amino acids, peptides, and analogues",Peptides,Oligopeptides,,,,L3,146.6,NA,NA
RP_18.799_457.33097,RP,18.799,457.33097,WT_drawdown,-0.5565830189100697,0.24797277874198764,-1.0426096652443655,-0.0705563725757739,0.0372976359580493,0.3788197611086473,Exploratory (nominal P < 0.05 only),27,27,Callystatin A,3,name shared with other features,Organic compounds,Lipids and lipid-like molecules,Prenol lipids,Terpene lactones,Diterpene lactones,,,,,L3,96.8,456.32416,NA
RP_10.75_316.22294,RP,10.75,316.22294,WT_drawdown,-0.5563219969384059,0.24822671859831205,-1.0428463653910975,-0.0697976284857143,0.03658998813093057,0.37724509919752675,Exploratory (nominal P < 0.05 only),27,27,2-[[2-[(2-Amino-3-methylbutanoyl)amino]-3-methylbutanoyl]amino]-3-methylbutanoic acid,9,name shared with other features,Organic compounds,Organic acids and derivatives,Carboxylic acids and derivatives,"Amino acids, peptides, and analogues",Peptides,Oligopeptides,,,,L3,200.5,NA,NA
RP_8.987_360.21277,RP,8.987,360.21277,WT_drawdown,-0.555363015864859,0.21297855707373076,-0.9728009877293713,-0.13792504400034677,0.015436756573221732,0.3233631855252037,Exploratory (nominal P < 0.05 only),27,27,NA,NA,unnamed feature,NA,NA,NA,NA,NA,NA,NA,NA,NA,L4,131.1,NA,NA
RP_7.484_290.17091,RP,7.484,290.17091,WT_drawdown,-0.5552675548313709,0.24612987107453208,-1.0376821021374538,-0.07285300752528806,0.03345837388519409,0.36926339873281705,Exploratory (nominal P < 0.05 only),27,27,NA,NA,unnamed feature,NA,NA,NA,NA,NA,NA,NA,NA,NA,L4,100.8,NA,NA
RP_7.579_288.19161,RP,7.579,288.19161,WT_drawdown,-0.5551763169117369,0.2551514676125658,-1.0552731934323658,-0.0550794403911079,0.03963876934848543,0.3808598866918036,Exploratory (nominal P < 0.05 only),27,27,L-leucyl-L-valylglycine,2,name shared with other features,Organic compounds,Organic acids and derivatives,Carboxylic acids and derivatives,"Amino acids, peptides, and analogues",Peptides,Oligopeptides,,,,L3,120,NA,NA
RP_9.129_374.2284,RP,9.129,374.2284,WT_drawdown,-0.55452550074659,0.2124686696878484,-0.9709640933347728,-0.13808690815840718,0.015356049140545634,0.3233631855252037,Exploratory (nominal P < 0.05 only),27,27,NA,NA,unnamed feature,NA,NA,NA,NA,NA,NA,NA,NA,NA,L4,126.6,NA,NA
RP_5.108_215.13889,RP,5.108,215.13889,WT_drawdown,-0.5544955164130845,0.22050873773075524,-0.9866926423653648,-0.12229839046080421,0.019024138280684534,0.33989357385424357,Exploratory (nominal P < 0.05 only),27,27,NA,NA,unnamed feature,NA,NA,NA,NA,NA,NA,NA,NA,NA,L4,135.1,NA,NA
RP_9.7_346.1971,RP,9.7,346.1971,WT_drawdown,-0.5544896482066384,0.26267540083697744,-1.069333433847114,-0.03964586256616265,0.045384108649705573,0.39208205555069436,Exploratory (nominal P < 0.05 only),27,27,2-[[2-[(2-amino-3-methylbutanoyl)amino]-3-methylpentanoyl]amino]butanedioic acid,1,name unique to this feature,Organic compounds,Organic acids and derivatives,Carboxylic acids and derivatives,"Amino acids, peptides, and analogues",Peptides,Oligopeptides,,,,L3,199.7,NA,NA
RP_10.547_274.176,RP,10.547,274.176,WT_drawdown,-0.5539854059892321,0.21867768084834466,-0.9825936604519876,-0.12537715152647655,0.019831012914190108,0.33989357385424357,Exploratory (nominal P < 0.05 only),27,27,NA,NA,unnamed feature,NA,NA,NA,NA,NA,NA,NA,NA,NA,L4,159.5,NA,NA
RP_11.394_316.22294,RP,11.394,316.22294,WT_drawdown,-0.5532445217671947,0.24000259951726072,-1.0236496168210256,-0.08283942671336375,0.030113413126477997,0.3619749586380606,Exploratory (nominal P < 0.05 only),27,27,NA,NA,unnamed feature,NA,NA,NA,NA,NA,NA,NA,NA,NA,L4,122.5,NA,NA
RP_17.643_255.1378,RP,17.643,255.1378,WT_drawdown,-0.5531599088664045,0.21727412983228034,-0.9790172033376741,-0.12730261439513507,0.017738278829411733,0.33432587180865564,Exploratory (nominal P < 0.05 only),27,27,NA,NA,unnamed feature,NA,NA,NA,NA,NA,NA,NA,NA,NA,NA,129.9,NA,NA
RP_18.46_291.19533,RP,18.46,291.19533,WT_drawdown,-0.5527132002174142,0.18007305998804732,-0.9056563977939869,-0.1997700026408415,0.005259539499507651,0.24269072933644575,Exploratory (nominal P < 0.05 only),27,27,NA,NA,unnamed feature,NA,NA,NA,NA,NA,NA,NA,NA,NA,L4,87.6,NA,NA
RP_8.736_237.12321,RP,8.736,237.12321,WT_drawdown,-0.5526854203608984,0.2536497628551959,-1.0498389555570824,-0.05553188516471441,0.0393848219126923,0.3808598866918036,Exploratory (nominal P < 0.05 only),27,27,L-Alanyl-L-phenylalanine,1,name unique to this feature,Organic compounds,Organic acids and derivatives,Carboxylic acids and derivatives,"Amino acids, peptides, and analogues",Peptides,,,,,L1,128.2,NA,NA
RP_18.287_297.24229,RP,18.287,297.24229,WT_drawdown,-0.5521207040470196,0.21921453243894276,-0.9817811876273475,-0.1224602204666918,0.01885452063189567,0.33989357385424357,Exploratory (nominal P < 0.05 only),27,27,NA,NA,unnamed feature,NA,NA,NA,NA,NA,NA,NA,NA,NA,NA,56.5,NA,NA
RP_11.422_279.17017,RP,11.422,279.17017,WT_drawdown,-0.5521014391360066,0.23093128846001743,-1.0047267645176408,-0.09947611375437249,0.025010311402530846,0.35785245174915226,Exploratory (nominal P < 0.05 only),27,27,NA,NA,unnamed feature,NA,NA,NA,NA,NA,NA,NA,NA,NA,L4,130.9,NA,NA
RP_5.961_185.09196,RP,5.961,185.09196,WT_drawdown,-0.5518705245115592,0.2636981260361595,-1.0687188515424317,-0.03502219748068658,0.04711521371452499,0.3983020511299518,Exploratory (nominal P < 0.05 only),27,27,Cyclo-(L-Ala-trans-4-hydroxy-L-Pro),2,name shared with other features,Organic compounds,Organic acids and derivatives,Carboxylic acids and derivatives,"Amino acids, peptides, and analogues",Amino acids and derivatives,Alpha amino acids and derivatives,,,,L3,80.6,NA,NA
RP_7.851_223.10759,RP,7.851,223.10759,WT_drawdown,-0.55153798440709,0.22826552493661842,-0.998938413282862,-0.10413755553131793,0.02365402645790926,0.35729344828780824,Exploratory (nominal P < 0.05 only),27,27,Glycyl-L-phenylalanine,2,name shared with other features,Organic compounds,Organic acids and derivatives,Carboxylic acids and derivatives,"Amino acids, peptides, and analogues",Peptides,,,,,L1,121.1,NA,NA
RP_8.51_332.18149,RP,8.51,332.18149,WT_drawdown,-0.5508396148938729,0.25868988218122535,-1.0578717839690746,-0.04380744581867124,0.04583768577598058,0.3930256329640004,Exploratory (nominal P < 0.05 only),27,27,N-acetyl-L-leucine-L-serine-L-alanine,8,name shared with other features,Organic compounds,Organic acids and derivatives,Carboxylic acids and derivatives,"Amino acids, peptides, and analogues",Peptides,,,,,L3,201.5,NA,NA
RP_6.334_203.13885,RP,6.334,203.13885,WT_drawdown,-0.5506208704348747,0.24154733591934174,-1.0240536488367846,-0.07718809203296495,0.031815243516724344,0.3652755967663922,Exploratory (nominal P < 0.05 only),27,27,NA,NA,unnamed feature,NA,NA,NA,NA,NA,NA,NA,NA,NA,L4,132.3,NA,NA
RP_10.008_265.1545,RP,10.008,265.1545,WT_drawdown,-0.5499091711285262,0.2438374921044502,-1.0278306556532486,-0.07198768660380384,0.03351306652496077,0.36926339873281705,Exploratory (nominal P < 0.05 only),27,27,2-(2-amino-3-methylbutanamido)-3-phenylpropanoic acid,2,name shared with other features,Organic compounds,Organic acids and derivatives,Carboxylic acids and derivatives,"Amino acids, peptides, and analogues",Peptides,Dipeptides,,,,L2,132.8,NA,NA
RP_8.471_304.18653,RP,8.471,304.18653,WT_drawdown,-0.5496333172320924,0.2433121713600761,-1.0265251730978415,-0.07274146136634324,0.033247140287492115,0.36926339873281705,Exploratory (nominal P < 0.05 only),27,27,2-[[2-[(2-amino-3-methylbutanoyl)amino]-3-methylbutanoyl]amino]-3-hydroxypropanoic acid,3,name shared with other features,Organic compounds,Organic acids and derivatives,Carboxylic acids and derivatives,"Amino acids, peptides, and analogues",Peptides,Oligopeptides,,,,L3,181.6,NA,NA
RP_7.247_260.16035,RP,7.247,260.16035,WT_drawdown,-0.5494998797043585,0.25163041520514234,-1.0426954935064376,-0.05630426590227955,0.03898749052988512,0.3808598866918036,Exploratory (nominal P < 0.05 only),27,27,NA,NA,unnamed feature,NA,NA,NA,NA,NA,NA,NA,NA,NA,L4,152.1,NA,NA
RP_18.22_487.34168,RP,18.22,487.34168,WT_drawdown,-0.5492753045395441,0.26173723308728136,-1.0622802813906156,-0.0362703276884726,0.04883217360214379,0.4010218579548411,Exploratory (nominal P < 0.05 only),27,27,NA,NA,unnamed feature,NA,NA,NA,NA,NA,NA,NA,NA,NA,L4,100.4,NA,NA
RP_9.583_306.14474,RP,9.583,306.14474,WT_drawdown,-0.5492418598343235,0.2296451585293077,-0.9993463705517666,-0.09913734911688044,0.024959119374657057,0.35785245174915226,Exploratory (nominal P < 0.05 only),27,27,NA,NA,unnamed feature,NA,NA,NA,NA,NA,NA,NA,NA,NA,L4,179.4,NA,NA
RP_7.416_290.17089,RP,7.416,290.17089,WT_drawdown,-0.5489598436205197,0.2554444409051167,-1.0496309477945485,-0.048288739446491036,0.041928157964010816,0.3841980719057262,Exploratory (nominal P < 0.05 only),27,27,Vazabitide B,14,name shared with other features,Organic compounds,Organic acids and derivatives,Carboxylic acids and derivatives,"Amino acids, peptides, and analogues",Peptides,,,,,L3,110.6,NA,NA
RP_7.513_211.10759,RP,7.513,211.10759,WT_drawdown,-0.5485693266651671,0.24554025115952566,-1.0298282189378374,-0.06731043439249684,0.03505155059483916,0.37427185832659854,Exploratory (nominal P < 0.05 only),27,27,NA,NA,unnamed feature,NA,NA,NA,NA,NA,NA,NA,NA,NA,L4,107.2,NA,NA
RP_13.479_183.07798,RP,13.479,183.07798,WT_drawdown,-0.5484610843812651,0.22513976773044847,-0.9897350291329441,-0.10718713962958609,0.024734817128622282,0.35785245174915226,Exploratory (nominal P < 0.05 only),27,27,Triethyl phosphate,1,name unique to this feature,Organic compounds,Organic acids and derivatives,Organic phosphoric acids and derivatives,Phosphate esters,Alkyl phosphates,Trialkyl phosphates,,,,L2,70.1,NA,NA
RP_12.906_316.22296,RP,12.906,316.22296,WT_drawdown,-0.546952021168071,0.2180929431431084,-0.9744141897285634,-0.1194898526075785,0.021034183750517535,0.343845082301924,Exploratory (nominal P < 0.05 only),27,27,2-[[2-[(2-Amino-3-methylbutanoyl)amino]-3-methylbutanoyl]amino]-3-methylbutanoic acid,9,name shared with other features,Organic compounds,Organic acids and derivatives,Carboxylic acids and derivatives,"Amino acids, peptides, and analogues",Peptides,Oligopeptides,,,,L3,204.6,NA,NA
RP_8.391_332.1815,RP,8.391,332.1815,WT_drawdown,-0.546270075033935,0.2547257912227159,-1.045532625830458,-0.04700752423741189,0.042323252882336286,0.38425797911550424,Exploratory (nominal P < 0.05 only),27,27,N-acetyl-L-leucine-L-serine-L-alanine,8,name shared with other features,Organic compounds,Organic acids and derivatives,Carboxylic acids and derivatives,"Amino acids, peptides, and analogues",Peptides,,,,,L3,182.9,NA,NA
RP_11.785_364.22296,RP,11.785,364.22296,WT_drawdown,-0.5453004373599879,0.23636570606495655,-1.0085772212473028,-0.0820236534726731,0.02999310858579255,0.3619749586380606,Exploratory (nominal P < 0.05 only),27,27,NA,NA,unnamed feature,NA,NA,NA,NA,NA,NA,NA,NA,NA,NA,142.2,NA,NA
RP_1.043_916.78115,RP,1.043,916.78115,WT_drawdown,-0.5443982129165105,0.2032862389263012,-0.9428392412120609,-0.14595718462096008,0.013153042927914936,0.3117847972007533,Exploratory (nominal P < 0.05 only),27,27,[1-[2-(dimethylamino)ethoxy-hydroxyphosphoryl]oxy-3-docosanoyloxypropan-2-yl] tetracosanoate,1,name unique to this feature,Organic compounds,Lipids and lipid-like molecules,Glycerophospholipids,Glycerophosphoethanolamines,Phosphatidylethanolamines,Dimethylphosphatidylethanolamines,,,,L3,88.7,NA,NA
RP_11.344_318.18112,RP,11.344,318.18112,WT_drawdown,-0.5442307218242771,0.2162258875045624,-0.9680334613332194,-0.1204279823153348,0.018925252452493362,0.33989357385424357,Exploratory (nominal P < 0.05 only),27,27,Tryptophylleucine,2,name shared with other features,NA,NA,NA,NA,NA,NA,NA,NA,NA,L3,188.1,NA,NA
RP_7.592_260.16036,RP,7.592,260.16036,WT_drawdown,-0.5440073602992866,0.24106903670092975,-1.016502672233109,-0.07151204836546438,0.03341193437176229,0.36926339873281705,Exploratory (nominal P < 0.05 only),27,27,NA,NA,unnamed feature,NA,NA,NA,NA,NA,NA,NA,NA,NA,L4,144.5,NA,NA
RP_7.826_260.16032,RP,7.826,260.16032,WT_drawdown,-0.5437178126505314,0.2284338168070587,-0.9914480935923664,-0.0959875317086964,0.0255938899496387,0.35785245174915226,Exploratory (nominal P < 0.05 only),27,27,Isoleucylglutamine,3,name shared with other features,Organic compounds,Organic acids and derivatives,Carboxylic acids and derivatives,"Amino acids, peptides, and analogues",Peptides,Dipeptides,,,,L4,118.3,NA,NA
RP_7.13_199.10759,RP,7.13,199.10759,WT_drawdown,-0.5437083620149326,0.2563542219597077,-1.0461626370559596,-0.041254086973905535,0.04445376566974772,0.3908735213658182,Exploratory (nominal P < 0.05 only),27,27,"3-(1-hydroxyethyl)-2,3,6,7,8,8a-hexahydropyrrolo[1,2-a]pyrazine-1,4-dione",1,name unique to this feature,Organic compounds,Organic acids and derivatives,Carboxylic acids and derivatives,"Amino acids, peptides, and analogues",Amino acids and derivatives,Alpha amino acids and derivatives,,,,L2,93.9,NA,NA
RP_6.252_261.14432,RP,6.252,261.14432,WT_drawdown,-0.5436825873177633,0.24115116348221444,-1.0163388677429035,-0.07102630689262301,0.033562964887738155,0.36926339873281705,Exploratory (nominal P < 0.05 only),27,27,NA,NA,unnamed feature,NA,NA,NA,NA,NA,NA,NA,NA,NA,L4,146.1,NA,NA
RP_7.466_321.14438,RP,7.466,321.14438,WT_drawdown,-0.54366425395761,0.2486857291726504,-1.0310882831360049,-0.0562402247792152,0.038791916382688633,0.3808598866918036,Exploratory (nominal P < 0.05 only),27,27,NA,NA,unnamed feature,NA,NA,NA,NA,NA,NA,NA,NA,NA,NA,113,NA,NA
RP_18.423_367.32051,RP,18.423,367.32051,WT_drawdown,-0.5422426083884522,0.18346280428819664,-0.9018297047933176,-0.18265551198358676,0.007985443189002421,0.27343307460659627,Exploratory (nominal P < 0.05 only),27,27,Erectusfuranone A,1,name unique to this feature,Organic compounds,Lipids and lipid-like molecules,Fatty Acyls,Fatty alcohols,Long-chain fatty alcohols,,,,,L3,88.8,NA,NA
RP_10.295_245.18578,RP,10.295,245.18578,WT_drawdown,-0.5408071848991094,0.22862608007953567,-0.9889143018549993,-0.0927000679432195,0.02642880830068304,0.35785245174915226,Exploratory (nominal P < 0.05 only),27,27,6-(6-Aminohexanamido)hexanoic acid,2,name shared with other features,Organic compounds,Lipids and lipid-like molecules,Fatty Acyls,Fatty acids and conjugates,Medium-chain fatty acids,,,,,L3,133.5,NA,NA
RP_7.326_332.1815,RP,7.326,332.1815,WT_drawdown,-0.5401220696361376,0.2437516020936112,-1.0178752097396155,-0.062368929532659656,0.03643473133812585,0.37724509919752675,Exploratory (nominal P < 0.05 only),27,27,N-acetyl-L-leucine-L-serine-L-alanine,8,name shared with other features,Organic compounds,Organic acids and derivatives,Carboxylic acids and derivatives,"Amino acids, peptides, and analogues",Peptides,,,,,L3,114.8,NA,NA
RP_7.355_282.11953,RP,7.355,282.11953,WT_drawdown,-0.5397675342334719,0.2607647107675106,-1.0508663673377927,-0.028668701129151097,0.04938443149518619,0.4015365255913905,Exploratory (nominal P < 0.05 only),27,27,1-Methyladenosine,1,name unique to this feature,Organic compounds,"Nucleosides, nucleotides, and analogues",Purine nucleosides,,Purine nucleosides,,,,,L3,173.9,281.11244,NA
RP_8.932_359.22879,RP,8.932,359.22879,WT_drawdown,-0.5397596248576364,0.24407970590474867,-1.0181558484309439,-0.06136340128432899,0.03678026207567735,0.37724509919752675,Exploratory (nominal P < 0.05 only),27,27,NA,NA,unnamed feature,NA,NA,NA,NA,NA,NA,NA,NA,NA,L4,186.5,NA,NA
RP_7.983_318.16581,RP,7.983,318.16581,WT_drawdown,-0.5390657401908915,0.21739674381873278,-0.9651633580756077,-0.11296812230617526,0.02056390505480378,0.34005146047338436,Exploratory (nominal P < 0.05 only),27,27,NA,NA,unnamed feature,NA,NA,NA,NA,NA,NA,NA,NA,NA,L4,129.1,NA,NA
RP_7.593_243.13375,RP,7.593,243.13375,WT_drawdown,-0.5387914045471143,0.2426175585178291,-1.0143218192420593,-0.06326098985216927,0.03606088460757753,0.37724509919752675,Exploratory (nominal P < 0.05 only),27,27,Actinozine A,2,name shared with other features,,,,,,,,,,L3,143.1,NA,NA
RP_7.593_242.14973,RP,7.593,242.14973,WT_drawdown,-0.5380104713302971,0.24228364255415752,-1.012886410736446,-0.06313453192414836,0.03607330195489386,0.37724509919752675,Exploratory (nominal P < 0.05 only),27,27,Leuhistin,1,name unique to this feature,Organic compounds,Organic acids and derivatives,Carboxylic acids and derivatives,"Amino acids, peptides, and analogues",Amino acids and derivatives,Beta amino acids and derivatives,,,,L3,147.2,NA,NA
RP_9.648_304.18655,RP,9.648,304.18655,WT_drawdown,-0.5378311932852691,0.22302159727036852,-0.9749535239351914,-0.10070886263534679,0.02575083665477484,0.35785245174915226,Exploratory (nominal P < 0.05 only),27,27,NA,NA,unnamed feature,NA,NA,NA,NA,NA,NA,NA,NA,NA,L4,187.8,NA,NA
RP_7.198_168.09282,RP,7.198,168.09282,WT_drawdown,-0.5377494928931359,0.20217872147286534,-0.934019786979952,-0.14147919880631982,0.013711539886667847,0.3150893461204745,Exploratory (nominal P < 0.05 only),27,27,NA,NA,unnamed feature,NA,NA,NA,NA,NA,NA,NA,NA,NA,NA,150.9,NA,NA
RP_18.655_489.35737,RP,18.655,489.35737,WT_drawdown,-0.5374420012841731,0.2214132835067594,-0.9714120369574215,-0.10347196561092464,0.023083391159095037,0.3550690467855879,Exploratory (nominal P < 0.05 only),27,27,NA,NA,unnamed feature,NA,NA,NA,NA,NA,NA,NA,NA,NA,L4,99.4,NA,NA
RP_1.343_534.16638,RP,1.343,534.16638,WT_drawdown,-0.5369597646707251,0.22408311470083414,-0.97616266948436,-0.09775685985709026,0.026730864505141224,0.35785245174915226,Exploratory (nominal P < 0.05 only),27,27,NA,NA,unnamed feature,NA,NA,NA,NA,NA,NA,NA,NA,NA,L4,117,NA,NA
RP_18.892_613.37082,RP,18.892,613.37082,WT_drawdown,-0.5368528586006773,0.17043442556628066,-0.8709043327105874,-0.20280138449076723,0.00508695750125987,0.24269072933644575,Exploratory (nominal P < 0.05 only),27,27,Mancinellin,1,name unique to this feature,Organic compounds,Lipids and lipid-like molecules,Prenol lipids,Monoterpenoids,Bicyclic monoterpenoids,,,,,L3,170.7,612.36644,NA
RP_18.483_263.23678,RP,18.483,263.23678,WT_drawdown,-0.5359590716600662,0.19699079043847556,-0.9220610209194783,-0.14985712240065407,0.011925338919874661,0.30188531030500015,Exploratory (nominal P < 0.05 only),27,27,"(5E,9Z)-6,10,14-trimethylpentadeca-5,9,13-trien-2-one",1,name unique to this feature,Organic compounds,Lipids and lipid-like molecules,Prenol lipids,Diterpenoids,Acyclic diterpenoids,,,,,L3,63.1,NA,NA
RP_7.502_332.18152,RP,7.502,332.18152,WT_drawdown,-0.5357054789179806,0.21428701161758476,-0.9557080216884467,-0.11570293614751448,0.019656635550473395,0.33989357385424357,Exploratory (nominal P < 0.05 only),27,27,N-acetyl-L-leucine-L-serine-L-alanine,8,name shared with other features,Organic compounds,Organic acids and derivatives,Carboxylic acids and derivatives,"Amino acids, peptides, and analogues",Peptides,,,,,L3,91.5,NA,NA
RP_18.672_441.3361,RP,18.672,441.3361,WT_drawdown,-0.5355619813022061,0.23322598676055797,-0.9926849153528997,-0.07843904725151252,0.0306912634671892,0.3619749586380606,Exploratory (nominal P < 0.05 only),27,27,Pfaffic acid,3,name shared with other features,Organic compounds,Lipids and lipid-like molecules,Prenol lipids,Triterpenoids,Triterpenoids,,,,,L3,93.7,440.32925,NA
RP_9.494_318.2022,RP,9.494,318.2022,WT_drawdown,-0.5355267887650026,0.239776186155672,-1.0054881136301197,-0.06556546389988549,0.03510275290483688,0.37442936431826,Exploratory (nominal P < 0.05 only),27,27,NA,NA,unnamed feature,NA,NA,NA,NA,NA,NA,NA,NA,NA,L4,142.1,NA,NA
RP_9.747_360.21274,RP,9.747,360.21274,WT_drawdown,-0.5349052225659642,0.19036141865547232,-0.9080136031306899,-0.16179684200123845,0.009702308860328667,0.2851523638098641,Exploratory (nominal P < 0.05 only),27,27,NA,NA,unnamed feature,NA,NA,NA,NA,NA,NA,NA,NA,NA,L4,110.1,NA,NA
RP_18.886_453.33602,RP,18.886,453.33602,WT_drawdown,-0.5348294573538436,0.24631499084654487,-1.0176068394130715,-0.05205207529461564,0.04213250682141706,0.38425797911550424,Exploratory (nominal P < 0.05 only),27,27,NA,NA,unnamed feature,NA,NA,NA,NA,NA,NA,NA,NA,NA,L4,138.9,NA,NA
RP_19.278_487.34162,RP,19.278,487.34162,WT_drawdown,-0.5345873825013839,0.20468545854242196,-0.9357708812445309,-0.13340388375823692,0.01529241383863838,0.3233631855252037,Exploratory (nominal P < 0.05 only),27,27,NA,NA,unnamed feature,NA,NA,NA,NA,NA,NA,NA,NA,NA,NA,63.8,NA,NA
RP_4.403_132.10177,RP,4.403,132.10177,WT_drawdown,-0.5345402764937272,0.19224736455177105,-0.9113451110151984,-0.15773544197225592,0.010389095863182518,0.28844500385293775,Exploratory (nominal P < 0.05 only),27,27,L-Leucine,2,name shared with other features,Organic compounds,Organic acids and derivatives,Carboxylic acids and derivatives,"Amino acids, peptides, and analogues",Amino acids and derivatives,Alpha amino acids and derivatives,Leucine and derivatives,,,L1,149.7,131.09467999999998,NA
RP_3.881_203.18592,RP,3.881,203.18592,WT_drawdown,-0.5344996991065739,0.22604068995904536,-0.9775394514263028,-0.09145994678684499,0.026477657416833944,0.35785245174915226,Exploratory (nominal P < 0.05 only),27,27,NA,NA,unnamed feature,NA,NA,NA,NA,NA,NA,NA,NA,NA,NA,81.3,NA,NA
RP_9.682_380.21786,RP,9.682,380.21786,WT_drawdown,-0.5343685364656917,0.16869444578783074,-0.8650096502098399,-0.20372742272154348,0.004152904579250229,0.2330392829506756,Exploratory (nominal P < 0.05 only),27,27,NA,NA,unnamed feature,NA,NA,NA,NA,NA,NA,NA,NA,NA,L4,107.8,NA,NA
RP_12.117_233.08071,RP,12.117,233.08071,WT_drawdown,-0.5343425542617107,0.20673909565690604,-0.9395511817492466,-0.1291339267741749,0.016259273929801067,0.3248784732570759,Exploratory (nominal P < 0.05 only),27,27,NA,NA,unnamed feature,NA,NA,NA,NA,NA,NA,NA,NA,NA,L4,88.2,NA,NA
RP_9.159_231.17016,RP,9.159,231.17016,WT_drawdown,-0.5343327735242993,0.24298373118427471,-1.0105808866454777,-0.05808466040312088,0.03775256292202905,0.3805279633864707,Exploratory (nominal P < 0.05 only),27,27,NA,NA,unnamed feature,NA,NA,NA,NA,NA,NA,NA,NA,NA,L4,134.8,NA,NA
RP_6.999_267.13378,RP,6.999,267.13378,WT_drawdown,-0.5341585962557311,0.25148031553733713,-1.027060014708912,-0.04125717780255039,0.04416585437619313,0.3904231120071049,Exploratory (nominal P < 0.05 only),27,27,NA,NA,unnamed feature,NA,NA,NA,NA,NA,NA,NA,NA,NA,L4,127.6,NA,NA
RP_12.806_206.08102,RP,12.806,206.08102,WT_drawdown,-0.5339296108658022,0.2517887840264913,-1.027435627557725,-0.040423594173879196,0.04448886302428769,0.3908735213658182,Exploratory (nominal P < 0.05 only),27,27,Indole-3-lactic acid,1,name unique to this feature,Organic compounds,Organoheterocyclic compounds,Indoles and derivatives,Indolyl carboxylic acids and derivatives,Indolyl carboxylic acids and derivatives,,,,,L3,86.5,NA,NA
RP_9.346_332.21789,RP,9.346,332.21789,WT_drawdown,-0.5336765995358742,0.2107207148368073,-0.9466892006160165,-0.12066399845573195,0.018273941217015647,0.3392509685989666,Exploratory (nominal P < 0.05 only),27,27,Marimastat,13,name shared with other features,Organic compounds,Organic oxygen compounds,Organooxygen compounds,Alcohols and polyols,Secondary alcohols,,,,,L3,112.5,NA,NA
RP_6.011_276.15521,RP,6.011,276.15521,WT_drawdown,-0.533327062109957,0.24116065373258996,-1.0060019434258334,-0.060652180794080635,0.03677296108206673,0.37724509919752675,Exploratory (nominal P < 0.05 only),27,27,epsilon-(gamma-L-Glutamyl)-L-lysine,3,name shared with other features,NA,NA,NA,NA,NA,NA,NA,NA,NA,L3,133.2,275.14819,NA
RP_20.619_490.38882,RP,20.619,490.38882,WT_drawdown,-0.5332083868493451,0.24496162901104318,-1.0133331797109897,-0.05308359398770052,0.041993289044715505,0.38420538802615867,Exploratory (nominal P < 0.05 only),27,27,NA,NA,unnamed feature,NA,NA,NA,NA,NA,NA,NA,NA,NA,NA,73,NA,NA
RP_8.621_213.07562,RP,8.621,213.07562,WT_drawdown,-0.532987520088366,0.1471358107209491,-0.8213737091014263,-0.2446013310753058,0.0013595824862560973,0.15870035566843899,Exploratory (nominal P < 0.05 only),27,27,NA,NA,unnamed feature,NA,NA,NA,NA,NA,NA,NA,NA,NA,L4,86.9,NA,NA
RP_9.779_329.14948,RP,9.779,329.14948,WT_drawdown,-0.532497876363802,0.22217771101317638,-0.9679661899496277,-0.09702956277797625,0.02468644916238004,0.35785245174915226,Exploratory (nominal P < 0.05 only),27,27,Dictyoquinazol B,1,name unique to this feature,Organic compounds,Organoheterocyclic compounds,Diazanaphthalenes,Benzodiazines,Quinazolines,,,,,L3,130.4,NA,NA
RP_8.448_280.12904,RP,8.448,280.12904,WT_drawdown,-0.5324318173799936,0.24544525086194702,-1.0135045090694097,-0.051359125690577434,0.04019296255522754,0.3808598866918036,Exploratory (nominal P < 0.05 only),27,27,L-Asparaginyl-L-phenylalanine,1,name unique to this feature,Organic compounds,Organic acids and derivatives,Carboxylic acids and derivatives,"Amino acids, peptides, and analogues",Peptides,Dipeptides,,,,L3,140.5,NA,NA
RP_11.542_227.08137,RP,11.542,227.08137,WT_drawdown,-0.5314878109726,0.2351046398172334,-0.9922929050143774,-0.07068271693082256,0.0331281563145279,0.36926339873281705,Exploratory (nominal P < 0.05 only),27,27,NA,NA,unnamed feature,NA,NA,NA,NA,NA,NA,NA,NA,NA,NA,194.8,NA,NA
RP_7.118_348.17638,RP,7.118,348.17638,WT_drawdown,-0.5313871383153695,0.21373859937914658,-0.9503147930984968,-0.11245948353224228,0.02026868025472991,0.34005146047338436,Exploratory (nominal P < 0.05 only),27,27,NA,NA,unnamed feature,NA,NA,NA,NA,NA,NA,NA,NA,NA,NA,146.2,NA,NA
RP_11.035_314.20731,RP,11.035,314.20731,WT_drawdown,-0.531197396450509,0.23831926899630665,-0.99830316368327,-0.06409162921774797,0.035440504242377116,0.37469200168117417,Exploratory (nominal P < 0.05 only),27,27,NA,NA,unnamed feature,NA,NA,NA,NA,NA,NA,NA,NA,NA,L4,163.6,NA,NA
RP_9.926_276.12293,RP,9.926,276.12293,WT_drawdown,-0.5309680834403862,0.22513466913162902,-0.9722320349383791,-0.0897041319423933,0.026835337054711327,0.35785245174915226,Exploratory (nominal P < 0.05 only),27,27,NA,NA,unnamed feature,NA,NA,NA,NA,NA,NA,NA,NA,NA,NA,174.3,NA,NA
RP_10.223_408.21276,RP,10.223,408.21276,WT_drawdown,-0.5309229129349663,0.17716975911345947,-0.8781756407973469,-0.18367018507258576,0.007355905080843364,0.26605583447332054,Exploratory (nominal P < 0.05 only),27,27,NA,NA,unnamed feature,NA,NA,NA,NA,NA,NA,NA,NA,NA,L4,132.5,NA,NA
RP_18.946_453.33601,RP,18.946,453.33601,WT_drawdown,-0.5306204592747611,0.17980601064726606,-0.8830402401434025,-0.17820067840611964,0.00790587063178293,0.27343307460659627,Exploratory (nominal P < 0.05 only),27,27,NA,NA,unnamed feature,NA,NA,NA,NA,NA,NA,NA,NA,NA,NA,72.4,NA,NA
RP_13.56_359.22151,RP,13.56,359.22151,WT_drawdown,-0.5292804535810532,0.2196213108129616,-0.959738222774458,-0.09882268438764852,0.023980326835695263,0.35729344828780824,Exploratory (nominal P < 0.05 only),27,27,NA,NA,unnamed feature,NA,NA,NA,NA,NA,NA,NA,NA,NA,NA,139.9,NA,NA
RP_10.674_245.18581,RP,10.674,245.18581,WT_drawdown,-0.5292021124819626,0.22160171073771553,-0.963541465527885,-0.09486275943604017,0.02515737535905288,0.35785245174915226,Exploratory (nominal P < 0.05 only),27,27,N-(6-aminohexanoyl)-6-aminohexanoic acid,1,name unique to this feature,Organic compounds,Lipids and lipid-like molecules,Fatty Acyls,Fatty acids and conjugates,Medium-chain fatty acids,,,,,L3,132,NA,NA
RP_8.254_229.15453,RP,8.254,229.15453,WT_drawdown,-0.529102752576154,0.19728112885175622,-0.9157737651255962,-0.14243174002671183,0.013033745633204622,0.3117847972007533,Exploratory (nominal P < 0.05 only),27,27,Prolylleucine,2,name shared with other features,,,,,,,,,,L2,97.8,NA,NA
RP_18.455_315.10141,RP,18.455,315.10141,WT_drawdown,-0.5281971362939867,0.24933098634222395,-1.0168858695247456,-0.039508403063227726,0.044681924971922804,0.3908735213658182,Exploratory (nominal P < 0.05 only),27,27,NA,NA,unnamed feature,NA,NA,NA,NA,NA,NA,NA,NA,NA,NA,253.4,NA,NA
RP_17.369_271.22662,RP,17.369,271.22662,WT_drawdown,-0.5281343328765825,0.18454554535496515,-0.8898436017723141,-0.16642506398085083,0.00859665431388406,0.2755984554302607,Exploratory (nominal P < 0.05 only),27,27,oxo-hexadecanoic acid,1,name unique to this feature,Organic compounds,Lipids and lipid-like molecules,Fatty Acyls,Fatty acids and conjugates,Long-chain fatty acids,,,,,L3,113.9,NA,NA
RP_1.464_97.03956,RP,1.464,97.03956,WT_drawdown,-0.5280081093099273,0.18365815325105386,-0.8879780896819929,-0.16803812893786169,0.008336142666229993,0.2755984554302607,Exploratory (nominal P < 0.05 only),27,27,NA,NA,unnamed feature,NA,NA,NA,NA,NA,NA,NA,NA,NA,L4,91.8,NA,NA
RP_17.152_269.17461,RP,17.152,269.17461,WT_drawdown,-0.5278835503051618,0.14645448155233487,-0.8149343341477381,-0.24083276646258545,0.00142187995856131,0.1605005597180415,Exploratory (nominal P < 0.05 only),27,27,NA,NA,unnamed feature,NA,NA,NA,NA,NA,NA,NA,NA,NA,L4,92.1,NA,NA
RP_17.339_724.33861,RP,17.339,724.33861,WT_drawdown,-0.5277465636666083,0.22790096881509075,-0.9744324625441863,-0.08106066478903046,0.03153804241058521,0.3652755967663922,Exploratory (nominal P < 0.05 only),27,27,NA,NA,unnamed feature,NA,NA,NA,NA,NA,NA,NA,NA,NA,NA,232.8,NA,NA
RP_7.352_318.20221,RP,7.352,318.20221,WT_drawdown,-0.5271065263943816,0.24486739697515802,-1.0070466244656913,-0.047166428323071885,0.041615778561079564,0.3829146467912738,Exploratory (nominal P < 0.05 only),27,27,NA,NA,unnamed feature,NA,NA,NA,NA,NA,NA,NA,NA,NA,NA,126.4,NA,NA
RP_9.74_346.23354,RP,9.74,346.23354,WT_drawdown,-0.5268572042332498,0.22876200541232244,-0.9752307348414018,-0.07848367362509778,0.03024853411319806,0.3619749586380606,Exploratory (nominal P < 0.05 only),27,27,2-[[2-[(2-amino-4-methylpentanoyl)amino]-4-methylpentanoyl]amino]-3-hydroxybutanoic acid,2,name shared with other features,Organic compounds,Organic acids and derivatives,Carboxylic acids and derivatives,"Amino acids, peptides, and analogues",Peptides,Oligopeptides,,,,L3,111,NA,NA
RP_3.344_204.0865,RP,3.344,204.0865,WT_drawdown,-0.5267775057263756,0.12180734928642867,-0.7655199103277758,-0.28803510112497543,3.48143047914322e-4,0.11119866062720006,Exploratory (nominal P < 0.05 only),27,27,NA,NA,unnamed feature,NA,NA,NA,NA,NA,NA,NA,NA,NA,L4,49.9,NA,NA
RP_4.403_86.09638,RP,4.403,86.09638,WT_drawdown,-0.5265013799664375,0.18907967207008963,-0.8970975372238132,-0.15590522270906187,0.010291655029602895,0.28844500385293775,Exploratory (nominal P < 0.05 only),27,27,Piperidine,3,name shared with other features,Organic compounds,Organoheterocyclic compounds,Piperidines,,Piperidines,,,,,L3,147.3,129.07901999999999,NA
RP_11.459_302.20729,RP,11.459,302.20729,WT_drawdown,-0.5263993068080595,0.17897629683827554,-0.8771928486110795,-0.17560576500503944,0.00713367132686757,0.26447125596668825,Exploratory (nominal P < 0.05 only),27,27,NA,NA,unnamed feature,NA,NA,NA,NA,NA,NA,NA,NA,NA,L4,111,NA,NA
RP_7.198_268.01129,RP,7.198,268.01129,WT_drawdown,-0.526139855272338,0.18084409508779917,-0.8805942816444243,-0.17168542890025162,0.007689127466432797,0.27329659977577053,Exploratory (nominal P < 0.05 only),27,27,NA,NA,unnamed feature,NA,NA,NA,NA,NA,NA,NA,NA,NA,NA,124.7,NA,NA
RP_17.308_251.1065,RP,17.308,251.1065,WT_drawdown,-0.5256131717189578,0.23536634883384594,-0.9869312154332959,-0.06429512800461978,0.03825561532595355,0.3808598866918036,Exploratory (nominal P < 0.05 only),27,27,NA,NA,unnamed feature,NA,NA,NA,NA,NA,NA,NA,NA,NA,L4,135.4,NA,NA
RP_7.825_237.12321,RP,7.825,237.12321,WT_drawdown,-0.5243759074030396,0.24175612590641948,-0.9982179141796218,-0.05053390062645746,0.0402115297040863,0.3808598866918036,Exploratory (nominal P < 0.05 only),27,27,"3-Morpholino-4-tetrahydro-1H-pyrrol-1-ylcyclobut-3-ene-1,2-dione",1,name unique to this feature,Organic compounds,Organic nitrogen compounds,Organonitrogen compounds,Amines,Tertiary amines,Tertiary alkylarylamines,Dialkylarylamines,,,L2,120.4,NA,NA
RP_6.996_288.15523,RP,6.996,288.15523,WT_drawdown,-0.5239614958974717,0.2476794135817902,-1.0094131465177805,-0.03850984527716289,0.044958302036288714,0.39136582925148955,Exploratory (nominal P < 0.05 only),27,27,N-Acetyl-ala-ala-ala-methylester,1,name unique to this feature,Organic compounds,Organic acids and derivatives,Carboxylic acids and derivatives,"Amino acids, peptides, and analogues",Peptides,Oligopeptides,,,,L3,177.1,287.14819,NA
RP_8.272_346.19713,RP,8.272,346.19713,WT_drawdown,-0.521838923331568,0.20031839312304456,-0.9144629738527353,-0.12921487281040067,0.015526189325034098,0.3233631855252037,Exploratory (nominal P < 0.05 only),27,27,L-leucyl-L-valyl-L-aspartic acid,1,name unique to this feature,Organic compounds,Organic acids and derivatives,Carboxylic acids and derivatives,"Amino acids, peptides, and analogues",Peptides,Oligopeptides,,,,L3,110.4,NA,NA
RP_19.451_487.34153,RP,19.451,487.34153,WT_drawdown,-0.5211603872818298,0.17319975996304315,-0.8606319168093943,-0.1816888577542652,0.006990312839416864,0.26398710840621337,Exploratory (nominal P < 0.05 only),27,27,NA,NA,unnamed feature,NA,NA,NA,NA,NA,NA,NA,NA,NA,NA,64.1,NA,NA
RP_7.62_362.19204,RP,7.62,362.19204,WT_drawdown,-0.5199614622763487,0.2220003130003682,-0.9550820757570704,-0.08484084879562698,0.02780045331929746,0.35785245174915226,Exploratory (nominal P < 0.05 only),27,27,NA,NA,unnamed feature,NA,NA,NA,NA,NA,NA,NA,NA,NA,L4,118,NA,NA
RP_12.843_378.2386,RP,12.843,378.2386,WT_drawdown,-0.5197434711718696,0.19963977746487413,-0.9110374350030228,-0.1284495073407163,0.015583929702920019,0.3233631855252037,Exploratory (nominal P < 0.05 only),27,27,NA,NA,unnamed feature,NA,NA,NA,NA,NA,NA,NA,NA,NA,L4,109.3,NA,NA
RP_18.836_636.35897,RP,18.836,636.35897,WT_drawdown,-0.519021762645459,0.2046208469374257,-0.9200786226428133,-0.11796490264810461,0.019957780838544395,0.33989357385424357,Exploratory (nominal P < 0.05 only),27,27,NA,NA,unnamed feature,NA,NA,NA,NA,NA,NA,NA,NA,NA,NA,153.7,NA,NA
RP_8.282_332.1815,RP,8.282,332.1815,WT_drawdown,-0.5177251990374978,0.21952925877216595,-0.948002546230943,-0.08744785184405257,0.026841401263211155,0.35785245174915226,Exploratory (nominal P < 0.05 only),27,27,N-acetyl-L-leucine-L-serine-L-alanine,8,name shared with other features,Organic compounds,Organic acids and derivatives,Carboxylic acids and derivatives,"Amino acids, peptides, and analogues",Peptides,,,,,L3,121.7,NA,NA
RP_15.052_241.08581,RP,15.052,241.08581,WT_drawdown,-0.5177069098737908,0.16261769917704963,-0.836437600260808,-0.19897621948677346,0.003996295529719262,0.22876293285635216,Exploratory (nominal P < 0.05 only),27,27,NA,NA,unnamed feature,NA,NA,NA,NA,NA,NA,NA,NA,NA,L4,114.7,NA,NA
RP_18.057_333.26341,RP,18.057,333.26341,WT_drawdown,-0.5176159712518379,0.20542168244489015,-0.9202424688438225,-0.11498947365985324,0.018806548013000413,0.33989357385424357,Exploratory (nominal P < 0.05 only),27,27,"9,10,13-Trihydroxystearic acid",2,name shared with other features,Organic compounds,Lipids and lipid-like molecules,Fatty Acyls,Fatty acids and conjugates,Long-chain fatty acids,,,,,L3,184,NA,NA
RP_9.915_232.08278,RP,9.915,232.08278,WT_drawdown,-0.5175582880115851,0.19748525810832884,-0.9046293939039096,-0.13048718211926058,0.016560973826266274,0.3255619801509218,Exploratory (nominal P < 0.05 only),27,27,NA,NA,unnamed feature,NA,NA,NA,NA,NA,NA,NA,NA,NA,NA,124.3,NA,NA
RP_7.558_342.01435,RP,7.558,342.01435,WT_drawdown,-0.5169399156636748,0.22517166196512928,-0.9582763731153282,-0.07560345821202141,0.030728403809617295,0.3619749586380606,Exploratory (nominal P < 0.05 only),27,27,NA,NA,unnamed feature,NA,NA,NA,NA,NA,NA,NA,NA,NA,NA,138.5,NA,NA
RP_7.469_316.18656,RP,7.469,316.18656,WT_drawdown,-0.5164007925122628,0.19001426133705254,-0.8888287447328858,-0.14397284029163981,0.01200887155517904,0.3022190161439412,Exploratory (nominal P < 0.05 only),27,27,NA,NA,unnamed feature,NA,NA,NA,NA,NA,NA,NA,NA,NA,NA,129.2,NA,NA
RP_6.669_310.13961,RP,6.669,310.13961,WT_drawdown,-0.5161268657711058,0.23065730961885209,-0.9682151926240559,-0.0640385389181557,0.03479172647918376,0.37304865803149845,Exploratory (nominal P < 0.05 only),27,27,NA,NA,unnamed feature,NA,NA,NA,NA,NA,NA,NA,NA,NA,NA,149,NA,NA
RP_12.582_378.23856,RP,12.582,378.23856,WT_drawdown,-0.5159972383479433,0.2188607940166908,-0.9449643946206573,-0.08703008207522933,0.026881807341424882,0.35785245174915226,Exploratory (nominal P < 0.05 only),27,27,2-[[2-[(2-amino-3-methylbutanoyl)amino]-4-methylpentanoyl]amino]-3-phenylpropanoic acid,1,name unique to this feature,Organic compounds,Organic acids and derivatives,Carboxylic acids and derivatives,"Amino acids, peptides, and analogues",Peptides,Oligopeptides,,,,L3,117.7,NA,NA
RP_9.068_396.21276,RP,9.068,396.21276,WT_drawdown,-0.5148617928358356,0.14807892143636886,-0.8050964788511186,-0.2246271068205526,0.0019504246875830529,0.18489349315368306,Exploratory (nominal P < 0.05 only),27,27,NA,NA,unnamed feature,NA,NA,NA,NA,NA,NA,NA,NA,NA,NA,117,NA,NA
RP_13.047_200.07048,RP,13.047,200.07048,WT_drawdown,-0.5141089876532097,0.23882839324266353,-0.9822126384088301,-0.04600533689758918,0.04161499864069538,0.3829146467912738,Exploratory (nominal P < 0.05 only),27,27,5-Phenylnicotinic acid,1,name unique to this feature,Organic compounds,Organoheterocyclic compounds,Pyridines and derivatives,Phenylpyridines,Phenylpyridines,,,,,L2,145.8,NA,NA
RP_8.836_155.03379,RP,8.836,155.03379,WT_drawdown,-0.5137351066070283,0.1903171253801004,-0.886756672352025,-0.14071354086203147,0.012524945776855811,0.3077900550714423,Exploratory (nominal P < 0.05 only),27,27,Dihydroxybenzoic acid,2,name shared with other features,Organic compounds,Benzenoids,Benzene and substituted derivatives,Benzoic acids and derivatives,Hydroxybenzoic acid derivatives,Salicylic acid and derivatives,Salicylic acids,,,L3,106.6,154.02662,Single-ring
RP_7.074_346.19714,RP,7.074,346.19714,WT_drawdown,-0.5133620145343133,0.22218721732349786,-0.9488489604883691,-0.0778750685802575,0.029769604639634,0.3619749586380606,Exploratory (nominal P < 0.05 only),27,27,Eptapirone,2,name shared with other features,Organic compounds,Organoheterocyclic compounds,Diazinanes,Piperazines,N-arylpiperazines,,,,,L3,114.9,NA,NA
RP_9.986_227.17528,RP,9.986,227.17528,WT_drawdown,-0.5132932752727397,0.17355955830730588,-0.8534700095550593,-0.17311654099042018,0.0081439488624473,0.2755984554302607,Exploratory (nominal P < 0.05 only),27,27,"1,8-Diazacyclotetradecane-2,9-dione",1,name unique to this feature,Organic compounds,Phenylpropanoids and polyketides,Macrolactams,,Macrolactams,,,,,L3,272.2,226.16822,NA
RP_9.464_346.23352,RP,9.464,346.23352,WT_drawdown,-0.5132314524426886,0.21826912671827195,-0.9410389408105017,-0.08542396407487562,0.02725098969388686,0.35785245174915226,Exploratory (nominal P < 0.05 only),27,27,NA,NA,unnamed feature,NA,NA,NA,NA,NA,NA,NA,NA,NA,L4,133.7,NA,NA
RP_9.449_374.22841,RP,9.449,374.22841,WT_drawdown,-0.5126638954010052,0.18383738693092977,-0.8729851737856276,-0.15234261701638285,0.011590179497136654,0.3006422318045144,Exploratory (nominal P < 0.05 only),27,27,NA,NA,unnamed feature,NA,NA,NA,NA,NA,NA,NA,NA,NA,NA,99.7,NA,NA
RP_18.77_327.25283,RP,18.77,327.25283,WT_drawdown,-0.5124663522415704,0.16812792293817969,-0.8419970812004026,-0.18293562328273827,0.005534339851179893,0.24824776834637496,Exploratory (nominal P < 0.05 only),27,27,NA,NA,unnamed feature,NA,NA,NA,NA,NA,NA,NA,NA,NA,L4,80.1,NA,NA
RP_10.155_360.21277,RP,10.155,360.21277,WT_drawdown,-0.5119582402592496,0.224613279450675,-0.9522002679825726,-0.07171621253592664,0.03183359978018631,0.3652755967663922,Exploratory (nominal P < 0.05 only),27,27,NA,NA,unnamed feature,NA,NA,NA,NA,NA,NA,NA,NA,NA,L4,125.4,NA,NA
RP_11.096_279.17018,RP,11.096,279.17018,WT_drawdown,-0.5117177995746761,0.22739738650545088,-0.9574166771253598,-0.0660189220239924,0.03386513203846354,0.370066634360742,Exploratory (nominal P < 0.05 only),27,27,Tolycaine,2,name shared with other features,Organic compounds,Benzenoids,Benzene and substituted derivatives,Benzoic acids and derivatives,Acylaminobenzoic acid and derivatives,,,,,L2,140.1,NA,Single-ring
RP_9.215_302.20729,RP,9.215,302.20729,WT_drawdown,-0.5113573676141953,0.17666185373574514,-0.8576146009362557,-0.16510013429213477,0.007961393874931638,0.27343307460659627,Exploratory (nominal P < 0.05 only),27,27,NA,NA,unnamed feature,NA,NA,NA,NA,NA,NA,NA,NA,NA,L4,114.6,NA,NA
RP_8.523_357.21315,RP,8.523,357.21315,WT_drawdown,-0.5107871661472487,0.2305609842454964,-0.9626866952684217,-0.0588876370260758,0.036470250520030015,0.37724509919752675,Exploratory (nominal P < 0.05 only),27,27,NA,NA,unnamed feature,NA,NA,NA,NA,NA,NA,NA,NA,NA,L4,152.9,NA,NA
RP_7.654_331.19748,RP,7.654,331.19748,WT_drawdown,-0.5106022009405268,0.23026905249475468,-0.961929543830246,-0.05927485805080762,0.03837412703455046,0.3808598866918036,Exploratory (nominal P < 0.05 only),27,27,NA,NA,unnamed feature,NA,NA,NA,NA,NA,NA,NA,NA,NA,L4,165.5,NA,NA
RP_9.161_263.13882,RP,9.161,263.13882,WT_drawdown,-0.5105505713083942,0.22647362056064405,-0.9544388676072566,-0.06666227500953187,0.03357593598290996,0.36926339873281705,Exploratory (nominal P < 0.05 only),27,27,NA,NA,unnamed feature,NA,NA,NA,NA,NA,NA,NA,NA,NA,NA,102.5,NA,NA
RP_9.71_316.22295,RP,9.71,316.22295,WT_drawdown,-0.5099305144897129,0.21987428602984663,-0.9408841151082123,-0.07897691387121358,0.03139264976301261,0.3652755967663922,Exploratory (nominal P < 0.05 only),27,27,NA,NA,unnamed feature,NA,NA,NA,NA,NA,NA,NA,NA,NA,NA,91.9,NA,NA
RP_7.195_166.08615,RP,7.195,166.08615,WT_drawdown,-0.5097024441632192,0.1857390115803066,-0.8737509068606202,-0.14565398146581826,0.011298359668384363,0.2991153363753716,Exploratory (nominal P < 0.05 only),27,27,D-Phenylalanine,3,name shared with other features,Organic compounds,Organic acids and derivatives,Carboxylic acids and derivatives,"Amino acids, peptides, and analogues",Amino acids and derivatives,Alpha amino acids and derivatives,Phenylalanine and derivatives,,,L1,147.7,165.07902,NA
RP_20.65_255.23174,RP,20.65,255.23174,WT_drawdown,-0.509634162448098,0.2156870521517495,-0.932380784665527,-0.08688754023066902,0.02848447979380642,0.3594503396093115,Exploratory (nominal P < 0.05 only),27,27,NA,NA,unnamed feature,NA,NA,NA,NA,NA,NA,NA,NA,NA,L4,87.1,NA,NA
RP_20.418_343.28416,RP,20.418,343.28416,WT_drawdown,-0.5086053736584266,0.22506891475552435,-0.9497404465792543,-0.06747030073759891,0.03318953994330671,0.36926339873281705,Exploratory (nominal P < 0.05 only),27,27,NA,NA,unnamed feature,NA,NA,NA,NA,NA,NA,NA,NA,NA,L4,82.7,NA,NA
RP_9.259_322.17605,RP,9.259,322.17605,WT_drawdown,-0.5082299683905683,0.2228515584327296,-0.9450190229187183,-0.0714409138624183,0.03174584078611261,0.3652755967663922,Exploratory (nominal P < 0.05 only),27,27,Streptcytosine M,4,name shared with other features,Organic compounds,Organoheterocyclic compounds,Diazines,Pyrimidines and pyrimidine derivatives,Hydroxypyrimidines,,,,,L3,124.1,NA,NA
RP_15.132_275.10251,RP,15.132,275.10251,WT_drawdown,-0.5066876996247818,0.18657428099160123,-0.8723732903683201,-0.14100210888124337,0.012062869608549055,0.3022190161439412,Exploratory (nominal P < 0.05 only),27,27,NA,NA,unnamed feature,NA,NA,NA,NA,NA,NA,NA,NA,NA,L4,122.6,NA,NA
RP_11.939_332.21786,RP,11.939,332.21786,WT_drawdown,-0.5065921784868187,0.2297193833187877,-0.9568421697916425,-0.05634218718199485,0.039370024913571375,0.3808598866918036,Exploratory (nominal P < 0.05 only),27,27,Marimastat,13,name shared with other features,Organic compounds,Organic oxygen compounds,Organooxygen compounds,Alcohols and polyols,Secondary alcohols,,,,,L3,110.7,NA,NA
RP_19.592_453.33603,RP,19.592,453.33603,WT_drawdown,-0.5065220215107308,0.23737800568635944,-0.9717829126559953,-0.0412611303654663,0.04567506240325973,0.39226922805278414,Exploratory (nominal P < 0.05 only),27,27,NA,NA,unnamed feature,NA,NA,NA,NA,NA,NA,NA,NA,NA,L4,84.9,NA,NA
RP_10.095_316.22295,RP,10.095,316.22295,WT_drawdown,-0.5064045992423714,0.23066968258761433,-0.9585171771140955,-0.05429202137064726,0.04064712037047841,0.3808598866918036,Exploratory (nominal P < 0.05 only),27,27,2-[[2-[(2-Amino-3-methylbutanoyl)amino]-3-methylbutanoyl]amino]-3-methylbutanoic acid,9,name shared with other features,Organic compounds,Organic acids and derivatives,Carboxylic acids and derivatives,"Amino acids, peptides, and analogues",Peptides,Oligopeptides,,,,L3,82.1,NA,NA
RP_12.091_194.05724,RP,12.091,194.05724,WT_drawdown,-0.5059493585109709,0.20982147289529707,-0.9171994453857532,-0.09469927163618863,0.02390868984096112,0.35729344828780824,Exploratory (nominal P < 0.05 only),27,27,NA,NA,unnamed feature,NA,NA,NA,NA,NA,NA,NA,NA,NA,L4,107.4,NA,NA
RP_11.004_322.17608,RP,11.004,322.17608,WT_drawdown,-0.5052631038140892,0.1942111409182833,-0.8859169400139244,-0.124609267614254,0.015647098740547385,0.3233631855252037,Exploratory (nominal P < 0.05 only),27,27,NA,NA,unnamed feature,NA,NA,NA,NA,NA,NA,NA,NA,NA,L4,107.8,NA,NA
RP_11.568_279.17017,RP,11.568,279.17017,WT_drawdown,-0.5045200132015873,0.21775856190090911,-0.9313267945273692,-0.07771323187580548,0.02936265999931657,0.3619749586380606,Exploratory (nominal P < 0.05 only),27,27,Tolycaine,2,name shared with other features,Organic compounds,Benzenoids,Benzene and substituted derivatives,Benzoic acids and derivatives,Acylaminobenzoic acid and derivatives,,,,,L2,134.9,NA,Single-ring
RP_9.319_241.03414,RP,9.319,241.03414,WT_drawdown,-0.5044751298377519,0.155604412396718,-0.8094597781353192,-0.19949048154018462,0.004084494076935129,0.2318006804324732,Exploratory (nominal P < 0.05 only),27,27,NA,NA,unnamed feature,NA,NA,NA,NA,NA,NA,NA,NA,NA,L4,78.9,NA,NA
RP_7.216_272.16033,RP,7.216,272.16033,WT_drawdown,-0.5032044285891655,0.21811443422028465,-0.9307087196609234,-0.07570013751740756,0.029990135488469745,0.3619749586380606,Exploratory (nominal P < 0.05 only),27,27,NA,NA,unnamed feature,NA,NA,NA,NA,NA,NA,NA,NA,NA,L4,174.3,NA,NA
RP_8.386_332.21789,RP,8.386,332.21789,WT_drawdown,-0.5027574993307501,0.22147286241626138,-0.9368443096666224,-0.06867068899487777,0.03246819490228437,0.36832456057447244,Exploratory (nominal P < 0.05 only),27,27,Marimastat,13,name shared with other features,Organic compounds,Organic oxygen compounds,Organooxygen compounds,Alcohols and polyols,Secondary alcohols,,,,,L3,124.1,NA,NA
RP_8.673_358.19692,RP,8.673,358.19692,WT_drawdown,-0.5002269721787874,0.2125817509966559,-0.916887204132233,-0.08356674022534183,0.02904530275412523,0.3619749586380606,Exploratory (nominal P < 0.05 only),27,27,NA,NA,unnamed feature,NA,NA,NA,NA,NA,NA,NA,NA,NA,NA,136.9,NA,NA
RP_7.6_295.12868,RP,7.6,295.12868,WT_drawdown,-0.49994661454637784,0.23893434526161594,-0.968257931259145,-0.031635297833610576,0.04715506584212582,0.3983020511299518,Exploratory (nominal P < 0.05 only),27,27,NA,NA,unnamed feature,NA,NA,NA,NA,NA,NA,NA,NA,NA,L4,142.6,NA,NA
RP_7.196_120.08064,RP,7.196,120.08064,WT_drawdown,-0.49972706125027067,0.18608303107722593,-0.8644498021616335,-0.13500432033890786,0.012928848873466733,0.3117847972007533,Exploratory (nominal P < 0.05 only),27,27,NA,NA,unnamed feature,NA,NA,NA,NA,NA,NA,NA,NA,NA,NA,145.9,NA,NA
RP_7.822_178.06285,RP,7.822,178.06285,WT_drawdown,-0.498983208778042,0.11906659630397799,-0.7323537375338388,-0.26561268002224514,4.652851959826928e-4,0.12500540200839247,Exploratory (nominal P < 0.05 only),27,27,NA,NA,unnamed feature,NA,NA,NA,NA,NA,NA,NA,NA,NA,L4,28.7,NA,NA
RP_8.555_362.19204,RP,8.555,362.19204,WT_drawdown,-0.4986574637011612,0.2312073250993972,-0.9518238208959797,-0.04549110650634269,0.041257852956013114,0.38180240140915916,Exploratory (nominal P < 0.05 only),27,27,NA,NA,unnamed feature,NA,NA,NA,NA,NA,NA,NA,NA,NA,L4,196.4,NA,NA
RP_9.813_336.1917,RP,9.813,336.1917,WT_drawdown,-0.49806111797965363,0.18687815787302803,-0.8643423074107885,-0.13177992854851872,0.015054164243708918,0.32284344892883426,Exploratory (nominal P < 0.05 only),27,27,NA,NA,unnamed feature,NA,NA,NA,NA,NA,NA,NA,NA,NA,L4,106.9,NA,NA
RP_16.97_255.10139,RP,16.97,255.10139,WT_drawdown,-0.49796132193217063,0.22012717309865756,-0.9294105812055394,-0.06651206265880183,0.03504421439023604,0.37427185832659854,Exploratory (nominal P < 0.05 only),27,27,NA,NA,unnamed feature,NA,NA,NA,NA,NA,NA,NA,NA,NA,L4,176.5,NA,NA
RP_18.504_469.33095,RP,18.504,469.33095,WT_drawdown,-0.49767418437878813,0.21141120923725912,-0.9120401544838159,-0.08330821427376028,0.02906386694957475,0.3619749586380606,Exploratory (nominal P < 0.05 only),27,27,NA,NA,unnamed feature,NA,NA,NA,NA,NA,NA,NA,NA,NA,L4,93.9,NA,NA
RP_5.341_233.14943,RP,5.341,233.14943,WT_drawdown,-0.4975880402266339,0.22464777831051055,-0.9378976857152346,-0.0572783947380332,0.03650424564295568,0.37724509919752675,Exploratory (nominal P < 0.05 only),27,27,NA,NA,unnamed feature,NA,NA,NA,NA,NA,NA,NA,NA,NA,L4,130.8,NA,NA
RP_4.311_283.1287,RP,4.311,283.1287,WT_drawdown,-0.49680482744434473,0.1688655337625421,-0.8277812736189272,-0.16582838126976224,0.007119424038666308,0.26447125596668825,Exploratory (nominal P < 0.05 only),27,27,Hydroxy-lacosamide,1,name unique to this feature,Organic compounds,Organic acids and derivatives,Carboxylic acids and derivatives,"Amino acids, peptides, and analogues",Amino acids and derivatives,Alpha amino acids and derivatives,Alpha amino acid amides,,,L3,131.2,NA,NA
RP_7.223_376.17127,RP,7.223,376.17127,WT_drawdown,-0.49644130100465955,0.2204685751010449,-0.9285597082027075,-0.06432289380661155,0.03376202843563625,0.36960900449646994,Exploratory (nominal P < 0.05 only),27,27,NA,NA,unnamed feature,NA,NA,NA,NA,NA,NA,NA,NA,NA,L4,136.5,NA,NA
RP_18.645_487.34162,RP,18.645,487.34162,WT_drawdown,-0.495357610225619,0.23236090659002998,-0.9507849871420777,-0.03993023330916029,0.04345695039892986,0.388502867273984,Exploratory (nominal P < 0.05 only),27,27,24-Hydroxyglycyrrhetic acid,1,name unique to this feature,Organic compounds,Lipids and lipid-like molecules,Prenol lipids,Triterpenoids,Triterpenoids,,,,,L3,96.6,NA,NA
RP_8.97_277.11814,RP,8.97,277.11814,WT_drawdown,-0.4933534991674616,0.20749593774649108,-0.9000455371505841,-0.08666146118433904,0.02573634532878634,0.35785245174915226,Exploratory (nominal P < 0.05 only),27,27,NA,NA,unnamed feature,NA,NA,NA,NA,NA,NA,NA,NA,NA,L4,128.8,NA,NA
RP_18.423_349.30993,RP,18.423,349.30993,WT_drawdown,-0.49300029827818637,0.19578695406266394,-0.8767427282410076,-0.10925786831536505,0.018879253011995945,0.33989357385424357,Exploratory (nominal P < 0.05 only),27,27,NA,NA,unnamed feature,NA,NA,NA,NA,NA,NA,NA,NA,NA,L4,93.8,NA,NA
RP_7.657_203.13888,RP,7.657,203.13888,WT_drawdown,-0.49254628262575034,0.23854961372722708,-0.9601035255311154,-0.024989039720385298,0.04991243183153421,0.40211803903805443,Exploratory (nominal P < 0.05 only),27,27,dl-Alanyl-dl-isoleucine,1,name unique to this feature,Organic compounds,Organic acids and derivatives,Carboxylic acids and derivatives,"Amino acids, peptides, and analogues",Peptides,Dipeptides,,,,L3,141.6,NA,NA
RP_13.374_181.04944,RP,13.374,181.04944,WT_drawdown,-0.49164907462539814,0.22480584117141308,-0.9322685233213678,-0.0510296259294285,0.03872308606859549,0.3808598866918036,Exploratory (nominal P < 0.05 only),27,27,NA,NA,unnamed feature,NA,NA,NA,NA,NA,NA,NA,NA,NA,L4,76.5,NA,NA
RP_18.426_403.34164,RP,18.426,403.34164,WT_drawdown,-0.4912921273881953,0.20225873207933182,-0.8877192422636857,-0.0948650125127049,0.02299707275617423,0.35473108228708744,Exploratory (nominal P < 0.05 only),27,27,NA,NA,unnamed feature,NA,NA,NA,NA,NA,NA,NA,NA,NA,L4,94.7,NA,NA
RP_7.801_304.18655,RP,7.801,304.18655,WT_drawdown,-0.4912255300279164,0.23696160638245542,-0.9556702785375291,-0.02678078151830382,0.04907361218093449,0.4015365255913905,Exploratory (nominal P < 0.05 only),27,27,NA,NA,unnamed feature,NA,NA,NA,NA,NA,NA,NA,NA,NA,L4,97.8,NA,NA
RP_8.5_344.18148,RP,8.5,344.18148,WT_drawdown,-0.4912127688887309,0.22707847958163704,-0.9362865888687395,-0.04613894890872228,0.04070664965666909,0.3808598866918036,Exploratory (nominal P < 0.05 only),27,27,NA,NA,unnamed feature,NA,NA,NA,NA,NA,NA,NA,NA,NA,L4,142.9,NA,NA
RP_8.841_267.1338,RP,8.841,267.1338,WT_drawdown,-0.49075805927027166,0.2360253413519103,-0.9533677283200159,-0.028148390220527453,0.048448277003267565,0.4006929962782322,Exploratory (nominal P < 0.05 only),27,27,NA,NA,unnamed feature,NA,NA,NA,NA,NA,NA,NA,NA,NA,L4,129.7,NA,NA
RP_17.354_310.23751,RP,17.354,310.23751,WT_drawdown,-0.4907393725901799,0.21644942502955128,-0.9149802456481004,-0.06649849953225939,0.03266585618023213,0.36832456057447244,Exploratory (nominal P < 0.05 only),27,27,N-(7Z-tetradecenoyl)-homoserine lactone,6,name shared with other features,Organic compounds,Organic acids and derivatives,Carboxylic acids and derivatives,"Amino acids, peptides, and analogues",Amino acids and derivatives,Alpha amino acids and derivatives,N-acyl-alpha amino acids and derivatives,,,L3,144.4,NA,NA
RP_15.279_247.09637,RP,15.279,247.09637,WT_drawdown,-0.4899419008084591,0.20900681451310768,-0.8995952572541501,-0.08028854436276806,0.02768154154060021,0.35785245174915226,Exploratory (nominal P < 0.05 only),27,27,NA,NA,unnamed feature,NA,NA,NA,NA,NA,NA,NA,NA,NA,L4,87.7,NA,NA
RP_18.344_433.30969,RP,18.344,433.30969,WT_drawdown,-0.48828821414806106,0.2249052341038564,-0.9291024729916196,-0.04747395530450249,0.042346186950812964,0.38425797911550424,Exploratory (nominal P < 0.05 only),27,27,NA,NA,unnamed feature,NA,NA,NA,NA,NA,NA,NA,NA,NA,L4,164.4,NA,NA
RP_13.055_228.1593,RP,13.055,228.1593,WT_drawdown,-0.48797029011099413,0.2093328561150368,-0.8982626880964663,-0.07767789212552201,0.02847606867641455,0.3594503396093115,Exploratory (nominal P < 0.05 only),27,27,N-octanoyl-homoserine lactone,2,name shared with other features,Organic compounds,Organic acids and derivatives,Carboxylic acids and derivatives,"Amino acids, peptides, and analogues",Amino acids and derivatives,Alpha amino acids and derivatives,N-acyl-alpha amino acids and derivatives,,,L3,51.2,NA,NA
RP_8.658_276.13415,RP,8.658,276.13415,WT_drawdown,-0.48774018998042507,0.20871920202289757,-0.8968298259453042,-0.07865055401554583,0.02812390725170008,0.3587558370502424,Exploratory (nominal P < 0.05 only),27,27,NA,NA,unnamed feature,NA,NA,NA,NA,NA,NA,NA,NA,NA,L4,156.4,NA,NA
RP_3.672_219.1338,RP,3.672,219.1338,WT_drawdown,-0.4855659930610954,0.22786096638540024,-0.9321734871764799,-0.03895849894571091,0.043535706927617004,0.3885306529630598,Exploratory (nominal P < 0.05 only),27,27,NA,NA,unnamed feature,NA,NA,NA,NA,NA,NA,NA,NA,NA,L4,129.8,NA,NA
RP_2.979_175.10761,RP,2.979,175.10761,WT_drawdown,-0.48409153363872753,0.20234106064395552,-0.8806800125008803,-0.08750305477657472,0.024917938019199885,0.35785245174915226,Exploratory (nominal P < 0.05 only),27,27,NA,NA,unnamed feature,NA,NA,NA,NA,NA,NA,NA,NA,NA,L4,117.2,NA,NA
RP_7.506_286.17598,RP,7.506,286.17598,WT_drawdown,-0.4838583845566067,0.23044218868114233,-0.9355250743716457,-0.032191694741567745,0.04645071928730899,0.39638855291509933,Exploratory (nominal P < 0.05 only),27,27,Leu-Gly-Pro,4,name shared with other features,Organic compounds,Organic acids and derivatives,Carboxylic acids and derivatives,"Amino acids, peptides, and analogues",Peptides,Oligopeptides,,,,L3,137.4,285.16894,NA
RP_0.934_228.89442,RP,0.934,228.89442,WT_drawdown,-0.4834871330771098,0.1917075924137788,-0.8592340142081163,-0.10774025194610332,0.02045580040614902,0.34005146047338436,Exploratory (nominal P < 0.05 only),27,27,NA,NA,unnamed feature,NA,NA,NA,NA,NA,NA,NA,NA,NA,NA,107.3,NA,NA
RP_0.933_229.8929,RP,0.933,229.8929,WT_drawdown,-0.48323130230720857,0.19165904556677257,-0.8588830316180829,-0.1075795729963343,0.020486521449294647,0.34005146047338436,Exploratory (nominal P < 0.05 only),27,27,NA,NA,unnamed feature,NA,NA,NA,NA,NA,NA,NA,NA,NA,NA,111.1,NA,NA
RP_10.082_346.23352,RP,10.082,346.23352,WT_drawdown,-0.48276463476261466,0.19741959039942272,-0.8697070319454832,-0.09582223757974612,0.02218361438223732,0.3490598454327278,Exploratory (nominal P < 0.05 only),27,27,NA,NA,unnamed feature,NA,NA,NA,NA,NA,NA,NA,NA,NA,L4,110.1,NA,NA
RP_3.976_219.1338,RP,3.976,219.1338,WT_drawdown,-0.48222550521163854,0.22172841215428968,-0.9168131930340463,-0.047637817389230785,0.039723862049835135,0.3808598866918036,Exploratory (nominal P < 0.05 only),27,27,NA,NA,unnamed feature,NA,NA,NA,NA,NA,NA,NA,NA,NA,L4,126.5,NA,NA
RP_7.118_348.17642,RP,7.118,348.17642,WT_drawdown,-0.48191092504874977,0.2105871065717544,-0.8946616539293883,-0.0691601961681112,0.031216704415883027,0.3648151318543803,Exploratory (nominal P < 0.05 only),27,27,NA,NA,unnamed feature,NA,NA,NA,NA,NA,NA,NA,NA,NA,L4,144.9,NA,NA
RP_4.557_233.14943,RP,4.557,233.14943,WT_drawdown,-0.4809213819244225,0.22814805750174058,-0.928091574627834,-0.033751189221011,0.04566631112631418,0.39226922805278414,Exploratory (nominal P < 0.05 only),27,27,NA,NA,unnamed feature,NA,NA,NA,NA,NA,NA,NA,NA,NA,L4,132.7,NA,NA
RP_9.43_330.20224,RP,9.43,330.20224,WT_drawdown,-0.48084510988028667,0.16134138382050084,-0.7970742221684683,-0.16461599759210505,0.006502858606927536,0.26195044553082214,Exploratory (nominal P < 0.05 only),27,27,"(2S)-1-[(2S,3R)-2-[[(2S,3S)-2-amino-3-methylpentanoyl]amino]-3-hydroxybutanoyl]pyrrolidine-2-carboxylic acid",4,name shared with other features,Organic compounds,Organic acids and derivatives,Carboxylic acids and derivatives,"Amino acids, peptides, and analogues",Peptides,Oligopeptides,,,,L3,102.5,NA,NA
RP_7.483_389.20296,RP,7.483,389.20296,WT_drawdown,-0.48068816255468844,0.19753557671698668,-0.8678578929199823,-0.09351843218939454,0.022775545240122447,0.35339939683767035,Exploratory (nominal P < 0.05 only),27,27,NA,NA,unnamed feature,NA,NA,NA,NA,NA,NA,NA,NA,NA,L4,142.3,NA,NA
RP_14.529_191.10655,RP,14.529,191.10655,WT_drawdown,-0.48012872888038255,0.10095825692003456,-0.6780069124436503,-0.2822505453171148,1.193360320623767e-4,0.07322925886416555,Suggestive (FDR < 0.10),27,27,NA,NA,unnamed feature,NA,NA,NA,NA,NA,NA,NA,NA,NA,L4,44.5,NA,NA
RP_19.294_435.3255,RP,19.294,435.3255,WT_drawdown,-0.4796080441207157,0.18998369277499308,-0.8519760819597022,-0.1072400062817293,0.018610263535533543,0.33989357385424357,Exploratory (nominal P < 0.05 only),27,27,Citraurinol,4,name shared with other features,Organic compounds,Lipids and lipid-like molecules,Prenol lipids,Triterpenoids,Triterpenoids,,,,,L3,105.7,NA,NA
RP_6.68_318.16581,RP,6.68,318.16581,WT_drawdown,-0.4792539336733999,0.21352473778636522,-0.8977624197346757,-0.06074544761212408,0.0342884005305546,0.3713088637481804,Exploratory (nominal P < 0.05 only),27,27,NA,NA,unnamed feature,NA,NA,NA,NA,NA,NA,NA,NA,NA,L4,112.2,NA,NA
RP_13.148_364.22299,RP,13.148,364.22299,WT_drawdown,-0.47888917932545605,0.22900350937146863,-0.9277360576935345,-0.030042300957377532,0.04971290048206522,0.40208733366281413,Exploratory (nominal P < 0.05 only),27,27,NA,NA,unnamed feature,NA,NA,NA,NA,NA,NA,NA,NA,NA,L4,202.7,NA,NA
RP_19.027_270.24257,RP,19.027,270.24257,WT_drawdown,-0.4786025662647767,0.1559648754120764,-0.7842937220724464,-0.17291141045710695,0.005268694766552512,0.24269072933644575,Exploratory (nominal P < 0.05 only),27,27,16-Hydroxyhexadec-9-enamide,7,name shared with other features,Organic compounds,Lipids and lipid-like molecules,Fatty Acyls,Fatty amides,Fatty amides,,,,,L3,57.2,NA,NA
RP_7.557_81.03345,RP,7.557,81.03345,WT_drawdown,-0.47830413475661765,0.2051946775931304,-0.8804857028391533,-0.07612256667408207,0.02848199861412012,0.3594503396093115,Exploratory (nominal P < 0.05 only),27,27,NA,NA,unnamed feature,NA,NA,NA,NA,NA,NA,NA,NA,NA,L4,128.1,NA,NA
RP_9.109_332.18149,RP,9.109,332.18149,WT_drawdown,-0.47766998395888244,0.223638766491179,-0.9160019662815932,-0.03933800163617163,0.04309201414732619,0.3873366499385136,Exploratory (nominal P < 0.05 only),27,27,NA,NA,unnamed feature,NA,NA,NA,NA,NA,NA,NA,NA,NA,NA,168.5,NA,NA
RP_6.628_332.18149,RP,6.628,332.18149,WT_drawdown,-0.4774094726015136,0.2204519927711575,-0.9094953784329823,-0.0453235667700449,0.04050188767389532,0.3808598866918036,Exploratory (nominal P < 0.05 only),27,27,NA,NA,unnamed feature,NA,NA,NA,NA,NA,NA,NA,NA,NA,NA,133.4,NA,NA
RP_16.766_347.24269,RP,16.766,347.24269,WT_drawdown,-0.47739438012783075,0.21484432356150948,-0.8984892543083893,-0.05629950594727218,0.03596141257936797,0.37724509919752675,Exploratory (nominal P < 0.05 only),27,27,NA,NA,unnamed feature,NA,NA,NA,NA,NA,NA,NA,NA,NA,NA,147.2,NA,NA
RP_7.655_302.17091,RP,7.655,302.17091,WT_drawdown,-0.47715599065931946,0.22086410578055576,-0.9100496379892087,-0.04426234332943019,0.0409441015345901,0.38130354575096054,Exploratory (nominal P < 0.05 only),27,27,(Ac)2-L-Lys-D-Ala,2,name shared with other features,Organic compounds,Organic acids and derivatives,Carboxylic acids and derivatives,"Amino acids, peptides, and analogues",Peptides,Dipeptides,,,,L3,187,301.16385,NA
RP_5.735_166.04976,RP,5.735,166.04976,WT_drawdown,-0.47676195764496826,0.1449741946458152,-0.760911379150766,-0.19261253613917045,0.0030968408174353607,0.21639965222242194,Exploratory (nominal P < 0.05 only),27,27,NA,NA,unnamed feature,NA,NA,NA,NA,NA,NA,NA,NA,NA,L4,80,NA,NA
RP_7.417_348.17639,RP,7.417,348.17639,WT_drawdown,-0.4759694908275331,0.20724629736429448,-0.8821722336615503,-0.0697667479935159,0.030670508700647282,0.3619749586380606,Exploratory (nominal P < 0.05 only),27,27,NA,NA,unnamed feature,NA,NA,NA,NA,NA,NA,NA,NA,NA,L4,143.6,NA,NA
RP_9.33_302.20728,RP,9.33,302.20728,WT_drawdown,-0.4758420368652386,0.19668208255599842,-0.8613389186749956,-0.09034515505548174,0.023491803754767244,0.3564147602860695,Exploratory (nominal P < 0.05 only),27,27,2-[2-[(2-amino-3-methylbutanoyl)amino]propanoylamino]-4-methylpentanoic acid,4,name shared with other features,NA,NA,NA,NA,NA,NA,NA,NA,NA,L3,127.1,NA,NA
RP_8.3_290.17089,RP,8.3,290.17089,WT_drawdown,-0.47567829501110026,0.20080621006956648,-0.8692584667474506,-0.08209812327474997,0.026235265091530756,0.35785245174915226,Exploratory (nominal P < 0.05 only),27,27,Vazabitide B,14,name shared with other features,Organic compounds,Organic acids and derivatives,Carboxylic acids and derivatives,"Amino acids, peptides, and analogues",Peptides,,,,,L3,91.3,NA,NA
RP_9.872_332.21785,RP,9.872,332.21785,WT_drawdown,-0.47482329140619495,0.20569518757626232,-0.8779858590556691,-0.07166072375672083,0.029905210376347267,0.3619749586380606,Exploratory (nominal P < 0.05 only),27,27,Marimastat,13,name shared with other features,Organic compounds,Organic oxygen compounds,Organooxygen compounds,Alcohols and polyols,Secondary alcohols,,,,,L3,132.2,NA,NA
RP_10.97_318.18111,RP,10.97,318.18111,WT_drawdown,-0.474468136470818,0.22165090166786536,-0.9089039037398341,-0.040032369201801865,0.04267146166266275,0.38595844215101077,Exploratory (nominal P < 0.05 only),27,27,Tryptophylleucine,2,name shared with other features,NA,NA,NA,NA,NA,NA,NA,NA,NA,L3,189.8,NA,NA
RP_16.721_331.22664,RP,16.721,331.22664,WT_drawdown,-0.47441614464234,0.13834988785957247,-0.7455819248471021,-0.20325036443757794,0.0028462428934927673,0.21051713081499157,Exploratory (nominal P < 0.05 only),27,27,Hydroxyprogesterone,2,name shared with other features,Organic compounds,Lipids and lipid-like molecules,Steroids and steroid derivatives,Pregnane steroids,"Gluco/mineralocorticoids, progestogins and derivatives",,,,,L3,84.8,330.21963,NA
RP_19.137_451.30517,RP,19.137,451.30517,WT_drawdown,-0.4741634825469615,0.2015494241685741,-0.8692003539173667,-0.07912661117655628,0.02914643398837606,0.3619749586380606,Exploratory (nominal P < 0.05 only),27,27,NA,NA,unnamed feature,NA,NA,NA,NA,NA,NA,NA,NA,NA,NA,105.1,NA,NA
RP_1.467_137.08071,RP,1.467,137.08071,WT_drawdown,-0.4740048862176823,0.19380666542042285,-0.853865950441711,-0.09414382199365351,0.02216463067548395,0.3490598454327278,Exploratory (nominal P < 0.05 only),27,27,NA,NA,unnamed feature,NA,NA,NA,NA,NA,NA,NA,NA,NA,L4,103.2,NA,NA
RP_9.829_346.2335,RP,9.829,346.2335,WT_drawdown,-0.47167580650595975,0.19604970867151664,-0.8559332355021323,-0.08741837750978715,0.02419522674146085,0.35785245174915226,Exploratory (nominal P < 0.05 only),27,27,NA,NA,unnamed feature,NA,NA,NA,NA,NA,NA,NA,NA,NA,L4,125.3,NA,NA
RP_9.791_366.2022,RP,9.791,366.2022,WT_drawdown,-0.4712795758224683,0.1767541865311187,-0.817717781423461,-0.12484137022147568,0.013508925645721703,0.3131958115317417,Exploratory (nominal P < 0.05 only),27,27,NA,NA,unnamed feature,NA,NA,NA,NA,NA,NA,NA,NA,NA,NA,114.8,NA,NA
RP_7.347_320.18147,RP,7.347,320.18147,WT_drawdown,-0.4712292271219797,0.22482719799221815,-0.9118905351867272,-0.030567919057232107,0.04681007464221731,0.397382716301534,Exploratory (nominal P < 0.05 only),27,27,NA,NA,unnamed feature,NA,NA,NA,NA,NA,NA,NA,NA,NA,L4,120.4,NA,NA
RP_8.751_373.24439,RP,8.751,373.24439,WT_drawdown,-0.470870268557451,0.1963966097664978,-0.8558076236997867,-0.08593291341511533,0.02464179751406217,0.35785245174915226,Exploratory (nominal P < 0.05 only),27,27,Kojistatin A,8,name shared with other features,Organic compounds,Organoheterocyclic compounds,Epoxides,Oxirane carboxylic acids and derivatives,Oxirane carboxylic acids,,,,,L3,128.1,NA,NA
RP_13.464_233.08073,RP,13.464,233.08073,WT_drawdown,-0.47084922186666367,0.16413259289300955,-0.7925491039369623,-0.14914933979636497,0.008458864919622189,0.2755984554302607,Exploratory (nominal P < 0.05 only),27,27,NA,NA,unnamed feature,NA,NA,NA,NA,NA,NA,NA,NA,NA,L4,127.2,NA,NA
RP_11.622_267.15896,RP,11.622,267.15896,WT_drawdown,-0.46989540941603486,0.10138027430741356,-0.6686007470585654,-0.2711900717735043,1.6396738258136757e-4,0.07322925886416555,Suggestive (FDR < 0.10),27,27,"(3aR,4aS,5R,6S,8S,9aR)-5,6-dihydroxy-4a,8-dimethyl-3-methylidene-dodecahydroazuleno[6,5-b]furan-2-one",3,name shared with other features,NA,NA,NA,NA,NA,NA,NA,NA,NA,L2,96.8,NA,NA
RP_10.921_218.08106,RP,10.921,218.08106,WT_drawdown,-0.46829797513359533,0.17940690261875414,-0.8199355042663534,-0.11666044600083725,0.015344247570192057,0.3233631855252037,Exploratory (nominal P < 0.05 only),27,27,(S)-beta-Methylindolepyruvate,2,name shared with other features,Organic compounds,Organoheterocyclic compounds,Indoles and derivatives,Indoles,3-alkylindoles,,,,,L3,113.9,NA,NA
RP_7.924_360.17634,RP,7.924,360.17634,WT_drawdown,-0.4675450667029313,0.2192943010047384,-0.8973618966722186,-0.037728236733644005,0.043439052623572824,0.388502867273984,Exploratory (nominal P < 0.05 only),27,27,NA,NA,unnamed feature,NA,NA,NA,NA,NA,NA,NA,NA,NA,NA,187.4,NA,NA
RP_16.818_638.30192,RP,16.818,638.30192,WT_drawdown,-0.467494028315365,0.21690675826577788,-0.8926312745162897,-0.04235678211444038,0.04371003635004543,0.3897478241212384,Exploratory (nominal P < 0.05 only),27,27,NA,NA,unnamed feature,NA,NA,NA,NA,NA,NA,NA,NA,NA,L4,216.8,NA,NA
RP_8.038_366.1658,RP,8.038,366.1658,WT_drawdown,-0.4670843316527639,0.16926850220972628,-0.7988505959838275,-0.13531806732170043,0.010907723158148903,0.2940790873504082,Exploratory (nominal P < 0.05 only),27,27,NA,NA,unnamed feature,NA,NA,NA,NA,NA,NA,NA,NA,NA,NA,119.2,NA,NA
RP_8.219_318.20222,RP,8.219,318.20222,WT_drawdown,-0.46676560692898766,0.21436372013421465,-0.8869184983920484,-0.04661271546592699,0.041668363501121436,0.3829146467912738,Exploratory (nominal P < 0.05 only),27,27,NA,NA,unnamed feature,NA,NA,NA,NA,NA,NA,NA,NA,NA,L4,189.8,NA,NA
RP_9.5_218.08105,RP,9.5,218.08105,WT_drawdown,-0.46590730449957757,0.2193457965084723,-0.8958250656561833,-0.035989543342971886,0.04416407068504675,0.3904231120071049,Exploratory (nominal P < 0.05 only),27,27,NA,NA,unnamed feature,NA,NA,NA,NA,NA,NA,NA,NA,NA,NA,147.5,NA,NA
RP_9.319_394.19694,RP,9.319,394.19694,WT_drawdown,-0.46564976445494954,0.18891288326862823,-0.8359190156614609,-0.09538051324843821,0.023346603854021576,0.3564147602860695,Exploratory (nominal P < 0.05 only),27,27,NA,NA,unnamed feature,NA,NA,NA,NA,NA,NA,NA,NA,NA,L4,112.1,NA,NA
RP_7.947_261.14434,RP,7.947,261.14434,WT_drawdown,-0.4656330353988797,0.21525353540674577,-0.8875299647961015,-0.04373610600165795,0.04070672533838694,0.3808598866918036,Exploratory (nominal P < 0.05 only),27,27,NA,NA,unnamed feature,NA,NA,NA,NA,NA,NA,NA,NA,NA,L4,146,NA,NA
RP_10.397_364.18658,RP,10.397,364.18658,WT_drawdown,-0.4656147437224696,0.19558711696759978,-0.8489654929789652,-0.08226399446597399,0.025571460551910535,0.35785245174915226,Exploratory (nominal P < 0.05 only),27,27,NA,NA,unnamed feature,NA,NA,NA,NA,NA,NA,NA,NA,NA,NA,129,NA,NA
RP_7.964_306.14469,RP,7.964,306.14469,WT_drawdown,-0.46556473243008634,0.1986058316323375,-0.8548321624294678,-0.07629730243070487,0.027680265080536604,0.35785245174915226,Exploratory (nominal P < 0.05 only),27,27,NA,NA,unnamed feature,NA,NA,NA,NA,NA,NA,NA,NA,NA,L4,171.1,NA,NA
RP_7.052_256.17667,RP,7.052,256.17667,WT_drawdown,-0.4655241543318384,0.2130088821459864,-0.8830215633379718,-0.048026745325705056,0.038847547643511324,0.3808598866918036,Exploratory (nominal P < 0.05 only),27,27,NA,NA,unnamed feature,NA,NA,NA,NA,NA,NA,NA,NA,NA,L4,126.3,NA,NA
RP_2.251_244.09261,RP,2.251,244.09261,WT_drawdown,-0.46480582120537384,0.221357861222975,-0.8986672292024048,-0.030944413208342847,0.04644129244484601,0.39638855291509933,Exploratory (nominal P < 0.05 only),27,27,Cytidine,2,name shared with other features,Organic compounds,"Nucleosides, nucleotides, and analogues",Pyrimidine nucleosides,,Pyrimidine nucleosides,,,,,L1,144.5,323.05187,NA
RP_6.601_318.16582,RP,6.601,318.16582,WT_drawdown,-0.46406783552943476,0.21155947826574048,-0.878724412930286,-0.049411258128583435,0.038191872853246316,0.3808598866918036,Exploratory (nominal P < 0.05 only),27,27,NA,NA,unnamed feature,NA,NA,NA,NA,NA,NA,NA,NA,NA,NA,142.7,NA,NA
RP_2.669_104.03411,RP,2.669,104.03411,WT_drawdown,-0.4638404684038298,0.1501250331499069,-0.7580855333776473,-0.16959540343001228,0.0050098285236649664,0.24269072933644575,Exploratory (nominal P < 0.05 only),27,27,NA,NA,unnamed feature,NA,NA,NA,NA,NA,NA,NA,NA,NA,L4,60.7,NA,NA
RP_17.084_239.1065,RP,17.084,239.1065,WT_drawdown,-0.46263645851676277,0.17733003130142005,-0.810203319867546,-0.11506959716597948,0.017004311100008267,0.3301857913408033,Exploratory (nominal P < 0.05 only),27,27,Benzyl cinnamate,1,name unique to this feature,Organic compounds,Phenylpropanoids and polyketides,Cinnamic acids and derivatives,Cinnamic acid esters,Cinnamic acid esters,,,,,L2,50.7,NA,Single-ring
RP_11.26_346.23349,RP,11.26,346.23349,WT_drawdown,-0.4618566912499632,0.22180445180905067,-0.8965934167957026,-0.02711996570422387,0.048149342645349064,0.3992929477622153,Exploratory (nominal P < 0.05 only),27,27,NA,NA,unnamed feature,NA,NA,NA,NA,NA,NA,NA,NA,NA,L4,118.6,NA,NA
RP_11.101_243.13378,RP,11.101,243.13378,WT_drawdown,-0.4613056110764598,0.18683973744005228,-0.8275114964589623,-0.0950997256939573,0.02105515544858939,0.343845082301924,Exploratory (nominal P < 0.05 only),27,27,Actinozine A,2,name shared with other features,,,,,,,,,,L3,91.6,NA,NA
RP_10.874_366.20222,RP,10.874,366.20222,WT_drawdown,-0.4609214699866056,0.19820272621971716,-0.8493988133772512,-0.07244412659596,0.028820881678973797,0.3617016834397227,Exploratory (nominal P < 0.05 only),27,27,NA,NA,unnamed feature,NA,NA,NA,NA,NA,NA,NA,NA,NA,L4,123.7,NA,NA
RP_10.051_183.09908,RP,10.051,183.09908,WT_drawdown,-0.45997368530211336,0.17333991476055705,-0.7997199182328052,-0.12022745237142157,0.0159034777478775,0.3233631855252037,Exploratory (nominal P < 0.05 only),27,27,Imidazole carboxamide,1,name unique to this feature,NA,NA,NA,NA,NA,NA,NA,NA,NA,L3,81.9,258.09645,NA
RP_6.026_304.1865,RP,6.026,304.1865,WT_drawdown,-0.459540792097966,0.21947275672881886,-0.8897073952864509,-0.02937418890948107,0.04701543222981735,0.3983020511299518,Exploratory (nominal P < 0.05 only),27,27,NA,NA,unnamed feature,NA,NA,NA,NA,NA,NA,NA,NA,NA,L4,137.3,NA,NA
RP_12.418_378.2386,RP,12.418,378.2386,WT_drawdown,-0.4589734399999402,0.20896028249246332,-0.8685355936851683,-0.049411286314712144,0.03795882967053694,0.3805279633864707,Exploratory (nominal P < 0.05 only),27,27,NA,NA,unnamed feature,NA,NA,NA,NA,NA,NA,NA,NA,NA,L4,121.4,NA,NA
RP_7.599_332.18147,RP,7.599,332.18147,WT_drawdown,-0.45872110524495385,0.20281916494680796,-0.8562466685406975,-0.06119554194921023,0.03305180678864805,0.36926339873281705,Exploratory (nominal P < 0.05 only),27,27,NA,NA,unnamed feature,NA,NA,NA,NA,NA,NA,NA,NA,NA,NA,105.1,NA,NA
RP_16.348_457.33102,RP,16.348,457.33102,WT_drawdown,-0.458079188723499,0.19989651309097883,-0.8498763543818175,-0.0662820230651805,0.032923476687219365,0.36926339873281705,Exploratory (nominal P < 0.05 only),27,27,NA,NA,unnamed feature,NA,NA,NA,NA,NA,NA,NA,NA,NA,NA,141.5,NA,NA
RP_18.333_487.34166,RP,18.333,487.34166,WT_drawdown,-0.4570197763977805,0.19097456741346772,-0.8313299285281772,-0.08270962426738382,0.02769710097009609,0.35785245174915226,Exploratory (nominal P < 0.05 only),27,27,NA,NA,unnamed feature,NA,NA,NA,NA,NA,NA,NA,NA,NA,L4,80.8,NA,NA
RP_10.306_392.21783,RP,10.306,392.21783,WT_drawdown,-0.4564144308297559,0.20750878770274503,-0.8631316547271362,-0.04969720693237567,0.040016946599709,0.3808598866918036,Exploratory (nominal P < 0.05 only),27,27,NA,NA,unnamed feature,NA,NA,NA,NA,NA,NA,NA,NA,NA,NA,136.2,NA,NA
RP_1.061_180.08655,RP,1.061,180.08655,WT_drawdown,-0.45591787887226803,0.17060836665913048,-0.7903102775241637,-0.1215254802203723,0.013324914911519731,0.3117847972007533,Exploratory (nominal P < 0.05 only),27,27,NA,NA,unnamed feature,NA,NA,NA,NA,NA,NA,NA,NA,NA,L4,81.9,NA,NA
RP_7.963_331.1975,RP,7.963,331.1975,WT_drawdown,-0.45587202034266716,0.21799372678154788,-0.883139724834501,-0.02860431585083334,0.04727043710105891,0.3983280803134349,Exploratory (nominal P < 0.05 only),27,27,NA,NA,unnamed feature,NA,NA,NA,NA,NA,NA,NA,NA,NA,L4,129.3,NA,NA
RP_10.261_332.21784,RP,10.261,332.21784,WT_drawdown,-0.45513550479353015,0.21925694407724897,-0.8848791151849381,-0.025391894402122195,0.04879310247715421,0.4010218579548411,Exploratory (nominal P < 0.05 only),27,27,Marimastat,13,name shared with other features,Organic compounds,Organic oxygen compounds,Organooxygen compounds,Alcohols and polyols,Secondary alcohols,,,,,L3,118.5,NA,NA
RP_19.319_485.32591,RP,19.319,485.32591,WT_drawdown,-0.45506496416473674,0.16260246100351664,-0.7737657877316293,-0.13636414059784413,0.011216000039608605,0.2977022026017044,Exploratory (nominal P < 0.05 only),27,27,NA,NA,unnamed feature,NA,NA,NA,NA,NA,NA,NA,NA,NA,L4,80.7,NA,NA
RP_7.949_243.13377,RP,7.949,243.13377,WT_drawdown,-0.45481034928162284,0.20915065679106268,-0.8647456365921057,-0.044875061971139996,0.039747958915888816,0.3808598866918036,Exploratory (nominal P < 0.05 only),27,27,NP-016455,1,name unique to this feature,Organic compounds,Organic acids and derivatives,Carboximidic acids and derivatives,Carboximidic acids,Cyclic carboximidic acids,,,,,L2,147.9,NA,NA
RP_8.685_302.20729,RP,8.685,302.20729,WT_drawdown,-0.45474464543295057,0.21461795378889006,-0.875395834859175,-0.03409345600672603,0.047093265824661924,0.3983020511299518,Exploratory (nominal P < 0.05 only),27,27,2-[2-[(2-amino-3-methylpentanoyl)amino]propanoylamino]-3-methylbutanoic acid,2,name shared with other features,NA,NA,NA,NA,NA,NA,NA,NA,NA,L3,91.2,NA,NA
RP_3.391_211.07119,RP,3.391,211.07119,WT_drawdown,-0.4539989134595304,0.1674425874540209,-0.7821863848694114,-0.12581144204964945,0.012184610674409107,0.3023196155737448,Exploratory (nominal P < 0.05 only),27,27,NA,NA,unnamed feature,NA,NA,NA,NA,NA,NA,NA,NA,NA,L4,132.4,NA,NA
RP_9.835_193.06657,RP,9.835,193.06657,WT_drawdown,-0.45317647083225954,0.20504447322548203,-0.8550636383542043,-0.05128930331031478,0.03900641434078279,0.3808598866918036,Exploratory (nominal P < 0.05 only),27,27,2-(Methylthiomethyl)-3-phenylpropenal,1,name unique to this feature,NA,NA,NA,NA,NA,NA,NA,NA,NA,L3,154.7,NA,NA
RP_6.974_318.16583,RP,6.974,318.16583,WT_drawdown,-0.4521660743562864,0.2136074401597514,-0.8708366570693991,-0.033495491643173725,0.04718979714029901,0.3983020511299518,Exploratory (nominal P < 0.05 only),27,27,NA,NA,unnamed feature,NA,NA,NA,NA,NA,NA,NA,NA,NA,L4,129.4,NA,NA
RP_19.55_487.34157,RP,19.55,487.34157,WT_drawdown,-0.45193999656166706,0.1862918205789013,-0.8170719648963136,-0.0868080282270205,0.025083687365810927,0.35785245174915226,Exploratory (nominal P < 0.05 only),27,27,NA,NA,unnamed feature,NA,NA,NA,NA,NA,NA,NA,NA,NA,L4,83.1,NA,NA
RP_19.335_298.27385,RP,19.335,298.27385,WT_drawdown,-0.4501415429942052,0.19203676508649403,-0.8265336025637335,-0.07374948342467691,0.029993407735432888,0.3619749586380606,Exploratory (nominal P < 0.05 only),27,27,NA,NA,unnamed feature,NA,NA,NA,NA,NA,NA,NA,NA,NA,L4,108.2,NA,NA
RP_12.834_358.26991,RP,12.834,358.26991,WT_drawdown,-0.44893539347819744,0.19151252327887838,-0.824299939104799,-0.07357084785159584,0.02965182303110524,0.3619749586380606,Exploratory (nominal P < 0.05 only),27,27,Leucyl-leucyl-norleucine,8,name shared with other features,Organic compounds,Organic acids and derivatives,Carboxylic acids and derivatives,"Amino acids, peptides, and analogues",Peptides,Oligopeptides,,,,L3,87.3,357.2629,NA
RP_4.195_297.10797,RP,4.195,297.10797,WT_drawdown,-0.4488971712930033,0.16500248081686913,-0.7723020336940668,-0.12549230889193985,0.011930373845803742,0.30188531030500015,Exploratory (nominal P < 0.05 only),27,27,NA,NA,unnamed feature,NA,NA,NA,NA,NA,NA,NA,NA,NA,L4,125.5,NA,NA
RP_18.139_536.30655,RP,18.139,536.30655,WT_drawdown,-0.44742760038360546,0.1874749515612566,-0.8148785054436685,-0.07997669532354251,0.02758485288237061,0.35785245174915226,Exploratory (nominal P < 0.05 only),27,27,NA,NA,unnamed feature,NA,NA,NA,NA,NA,NA,NA,NA,NA,L4,200.8,NA,NA
RP_6.811_334.16077,RP,6.811,334.16077,WT_drawdown,-0.44710928928947646,0.19101767484141316,-0.8215039319786462,-0.07271464660030669,0.027890693998770578,0.3581165109442142,Exploratory (nominal P < 0.05 only),27,27,NA,NA,unnamed feature,NA,NA,NA,NA,NA,NA,NA,NA,NA,L4,125.7,NA,NA
RP_20.495_313.27354,RP,20.495,313.27354,WT_drawdown,-0.4466788025508203,0.14979238704040324,-0.7402718811500106,-0.15308572395163,0.006476853142291406,0.2619300609355013,Exploratory (nominal P < 0.05 only),27,27,10-oxo-nonadecanoic acid,2,name shared with other features,Organic compounds,Lipids and lipid-like molecules,Fatty Acyls,Fatty acids and conjugates,Long-chain fatty acids,,,,,L3,115.9,NA,NA
RP_7.691_390.18694,RP,7.691,390.18694,WT_drawdown,-0.44640837853980714,0.21064853420302104,-0.8592795055777284,-0.03353725150188591,0.04461231918151435,0.3908735213658182,Exploratory (nominal P < 0.05 only),27,27,NA,NA,unnamed feature,NA,NA,NA,NA,NA,NA,NA,NA,NA,NA,125.1,NA,NA
RP_15.987_475.34155,RP,15.987,475.34155,WT_drawdown,-0.44553287114668066,0.12724642734579406,-0.694935868744437,-0.19612987354892433,0.002389114793739729,0.19266560615873032,Exploratory (nominal P < 0.05 only),27,27,NA,NA,unnamed feature,NA,NA,NA,NA,NA,NA,NA,NA,NA,NA,197.6,NA,NA
RP_17.571_309.20587,RP,17.571,309.20587,WT_drawdown,-0.44552529275655656,0.182191352429069,-0.8026203435175319,-0.0884302419955813,0.022183778900027,0.3490598454327278,Exploratory (nominal P < 0.05 only),27,27,NA,NA,unnamed feature,NA,NA,NA,NA,NA,NA,NA,NA,NA,L4,79.4,NA,NA
RP_6.868_311.12362,RP,6.868,311.12362,WT_drawdown,-0.44396736111535917,0.2139243880649274,-0.8632591617226169,-0.02467556050810149,0.048839402677327316,0.4010218579548411,Exploratory (nominal P < 0.05 only),27,27,NA,NA,unnamed feature,NA,NA,NA,NA,NA,NA,NA,NA,NA,L4,NA,NA,NA
RP_8.088_334.19714,RP,8.088,334.19714,WT_drawdown,-0.4437718023750163,0.18158029581264307,-0.7996691821677967,-0.08787442258223588,0.024035194509577907,0.35729344828780824,Exploratory (nominal P < 0.05 only),27,27,NA,NA,unnamed feature,NA,NA,NA,NA,NA,NA,NA,NA,NA,L4,164,NA,NA
RP_9.664_302.20729,RP,9.664,302.20729,WT_drawdown,-0.4428435534336008,0.16613637725217795,-0.7684708528478696,-0.11721625401933206,0.014982218906520094,0.32284344892883426,Exploratory (nominal P < 0.05 only),27,27,L-leucyl-L-leucylglycine,1,name unique to this feature,Organic compounds,Organic acids and derivatives,Carboxylic acids and derivatives,"Amino acids, peptides, and analogues",Peptides,Oligopeptides,,,,L3,124.1,NA,NA
RP_1.47_167.09125,RP,1.47,167.09125,WT_drawdown,-0.44271534974916404,0.18542678377829194,-0.8061518459546162,-0.07927885354371184,0.02714400752462042,0.35785245174915226,Exploratory (nominal P < 0.05 only),27,27,1-Deoxy-d-glucitol,1,name unique to this feature,Organic compounds,Organic oxygen compounds,Organooxygen compounds,Carbohydrates and carbohydrate conjugates,Monosaccharides,Hexoses,,,,L3,115.8,NA,NA
RP_9.13_324.15529,RP,9.13,324.15529,WT_drawdown,-0.4420291632145803,0.19861088797016696,-0.8313065036361076,-0.05275182279305307,0.0356914694605668,0.37525360726606166,Exploratory (nominal P < 0.05 only),27,27,NA,NA,unnamed feature,NA,NA,NA,NA,NA,NA,NA,NA,NA,NA,99.4,NA,NA
RP_7.745_294.14472,RP,7.745,294.14472,WT_drawdown,-0.4408905775162291,0.20788515550438805,-0.8483454823048298,-0.03343567272762854,0.0444619623461961,0.3908735213658182,Exploratory (nominal P < 0.05 only),27,27,NA,NA,unnamed feature,NA,NA,NA,NA,NA,NA,NA,NA,NA,NA,119.5,NA,NA
RP_9.689_368.18143,RP,9.689,368.18143,WT_drawdown,-0.44000095742227896,0.18424253553460326,-0.8011163270701014,-0.07888558777445659,0.025152763864845672,0.35785245174915226,Exploratory (nominal P < 0.05 only),27,27,NA,NA,unnamed feature,NA,NA,NA,NA,NA,NA,NA,NA,NA,NA,122.2,NA,NA
RP_17.571_295.19022,RP,17.571,295.19022,WT_drawdown,-0.4390829985931174,0.1715798432341212,-0.7753794913319949,-0.10278650585423982,0.01965109455399336,0.33989357385424357,Exploratory (nominal P < 0.05 only),27,27,NA,NA,unnamed feature,NA,NA,NA,NA,NA,NA,NA,NA,NA,L4,77.7,NA,NA
RP_8.717_274.176,RP,8.717,274.176,WT_drawdown,-0.4384006144893411,0.18889768436672327,-0.8086400758481187,-0.06816115313056348,0.031169967497832556,0.3648151318543803,Exploratory (nominal P < 0.05 only),27,27,NA,NA,unnamed feature,NA,NA,NA,NA,NA,NA,NA,NA,NA,L4,124.2,NA,NA
RP_7.887_101.05961,RP,7.887,101.05961,WT_drawdown,-0.4377271429548653,0.20979045783920805,-0.8489164403197131,-0.02653784559001754,0.04773225933664068,0.3992929477622153,Exploratory (nominal P < 0.05 only),27,27,Tiglic acid,1,name unique to this feature,Organic compounds,Lipids and lipid-like molecules,Fatty Acyls,Fatty acids and conjugates,Branched fatty acids,Methyl-branched fatty acids,,,,L2,NA,100.05246,NA
RP_6.643_348.17638,RP,6.643,348.17638,WT_drawdown,-0.43714610703416623,0.2072274381007459,-0.8433118857116282,-0.03098032835670428,0.045518803682816404,0.3921258539281373,Exploratory (nominal P < 0.05 only),27,27,NA,NA,unnamed feature,NA,NA,NA,NA,NA,NA,NA,NA,NA,L4,123.3,NA,NA
RP_13.331_411.14367,RP,13.331,411.14367,WT_drawdown,-0.436483955422069,0.14959826543819446,-0.7296965556809302,-0.14327135516320788,0.007539445253371509,0.2698438384760702,Exploratory (nominal P < 0.05 only),27,27,NP-004022,1,name unique to this feature,Organic compounds,Phenylpropanoids and polyketides,Isoflavonoids,Rotenoids,Rotenones,,,,,L2,64.3,NA,Multi-ring
RP_8.755_227.07895,RP,8.755,227.07895,WT_drawdown,-0.4360901046586727,0.19344407856959778,-0.8152404986550843,-0.056939710662261056,0.03545018142373407,0.37469200168117417,Exploratory (nominal P < 0.05 only),27,27,NA,NA,unnamed feature,NA,NA,NA,NA,NA,NA,NA,NA,NA,NA,220.7,NA,NA
RP_4.164_136.07556,RP,4.164,136.07556,WT_drawdown,-0.4360741863324262,0.20165030788168195,-0.8313087897805228,-0.04083958288432954,0.040762769598034744,0.3808598866918036,Exploratory (nominal P < 0.05 only),27,27,NA,NA,unnamed feature,NA,NA,NA,NA,NA,NA,NA,NA,NA,L4,128.7,NA,NA
RP_4.163_136.07554,RP,4.163,136.07554,WT_drawdown,-0.4360741863324262,0.20165030788168195,-0.8313087897805228,-0.04083958288432954,0.040762769598034744,0.3808598866918036,Exploratory (nominal P < 0.05 only),27,27,NA,NA,unnamed feature,NA,NA,NA,NA,NA,NA,NA,NA,NA,L4,128.6,NA,NA
RP_10.648_346.19711,RP,10.648,346.19711,WT_drawdown,-0.43537232035191437,0.19823024273188636,-0.8239035961064116,-0.046841044597417114,0.03797214378281837,0.3805279633864707,Exploratory (nominal P < 0.05 only),27,27,NA,NA,unnamed feature,NA,NA,NA,NA,NA,NA,NA,NA,NA,L4,130.6,NA,NA
RP_8.691_332.21788,RP,8.691,332.21788,WT_drawdown,-0.4346786726812428,0.2079840468270727,-0.8423274044623053,-0.027029940900180294,0.04739282078579083,0.3987052048416408,Exploratory (nominal P < 0.05 only),27,27,Marimastat,13,name shared with other features,Organic compounds,Organic oxygen compounds,Organooxygen compounds,Alcohols and polyols,Secondary alcohols,,,,,L3,107,NA,NA
RP_11.072_352.18659,RP,11.072,352.18659,WT_drawdown,-0.43351997149805227,0.20940695552917213,-0.8439576043352297,-0.02308233866087489,0.04935543224872305,0.4015365255913905,Exploratory (nominal P < 0.05 only),27,27,NA,NA,unnamed feature,NA,NA,NA,NA,NA,NA,NA,NA,NA,L4,123,NA,NA
RP_18.067_349.23717,RP,18.067,349.23717,WT_drawdown,-0.43182312717035587,0.13492523693086317,-0.6962765915548477,-0.16736966278586407,0.0038363906842903642,0.2252910778704865,Exploratory (nominal P < 0.05 only),27,27,9alpha-(3-Methyl-2E-pentenoyloxy)-4S-hydroxy-10(14)-oplopen-3-one,1,name unique to this feature,Organic compounds,Lipids and lipid-like molecules,Prenol lipids,Sesquiterpenoids,Sesquiterpenoids,,,,,L3,123.6,NA,NA
RP_12.101_366.20219,RP,12.101,366.20219,WT_drawdown,-0.4317436306908959,0.1995748142535067,-0.822910266627769,-0.040576994754022766,0.040695389681993356,0.3808598866918036,Exploratory (nominal P < 0.05 only),27,27,NA,NA,unnamed feature,NA,NA,NA,NA,NA,NA,NA,NA,NA,L4,114.5,NA,NA
RP_3.579_269.11306,RP,3.579,269.11306,WT_drawdown,-0.43101569810163226,0.15887730283210708,-0.7424152116525622,-0.11961618455070239,0.012142337143062372,0.3023196155737448,Exploratory (nominal P < 0.05 only),27,27,NA,NA,unnamed feature,NA,NA,NA,NA,NA,NA,NA,NA,NA,NA,118.5,NA,NA
RP_8.885_320.18148,RP,8.885,320.18148,WT_drawdown,-0.4301912415760904,0.2057894405285316,-0.8335385450120123,-0.0268439381401685,0.04734576012559719,0.3986357770574872,Exploratory (nominal P < 0.05 only),27,27,NA,NA,unnamed feature,NA,NA,NA,NA,NA,NA,NA,NA,NA,L4,92.2,NA,NA
RP_11.443_394.23346,RP,11.443,394.23346,WT_drawdown,-0.4288182981119901,0.18213650613401666,-0.7858058501346628,-0.0718307460893175,0.02707355263593842,0.35785245174915226,Exploratory (nominal P < 0.05 only),27,27,NA,NA,unnamed feature,NA,NA,NA,NA,NA,NA,NA,NA,NA,NA,116.5,NA,NA
RP_17.597_451.32045,RP,17.597,451.32045,WT_drawdown,-0.4284568863704968,0.19697957548860345,-0.8145368543281595,-0.04237691841283403,0.04175784858283321,0.383136841840974,Exploratory (nominal P < 0.05 only),27,27,Tyromycic acid F,5,name shared with other features,Organic compounds,Lipids and lipid-like molecules,Prenol lipids,Sesquiterpenoids,Sesquiterpenoids,,,,,L3,99.8,NA,NA
RP_9.116_380.18127,RP,9.116,380.18127,WT_drawdown,-0.42807750514393306,0.16654505432617517,-0.7545058116232364,-0.10164919866462974,0.0167909556837248,0.32719771955709154,Exploratory (nominal P < 0.05 only),27,27,NA,NA,unnamed feature,NA,NA,NA,NA,NA,NA,NA,NA,NA,NA,112.9,NA,NA
RP_8.25_304.18653,RP,8.25,304.18653,WT_drawdown,-0.42624200187280403,0.19475086763838848,-0.8079537024440455,-0.0445303013015626,0.038588226782265284,0.3808598866918036,Exploratory (nominal P < 0.05 only),27,27,NA,NA,unnamed feature,NA,NA,NA,NA,NA,NA,NA,NA,NA,L4,124.7,NA,NA
RP_8.97_295.12869,RP,8.97,295.12869,WT_drawdown,-0.42427961570624395,0.1954546462026614,-0.8073707222634603,-0.04118850914902761,0.040068224736184224,0.3808598866918036,Exploratory (nominal P < 0.05 only),27,27,NA,NA,unnamed feature,NA,NA,NA,NA,NA,NA,NA,NA,NA,L4,140.2,NA,NA
RP_15.432_328.24814,RP,15.432,328.24814,WT_drawdown,-0.42335075492167934,0.20060512237431058,-0.8165367947753281,-0.03016471506803059,0.04798821391757507,0.3992929477622153,Exploratory (nominal P < 0.05 only),27,27,nitro-9E-octadecenoic acid,3,name shared with other features,Organic compounds,Lipids and lipid-like molecules,Fatty Acyls,Fatty acids and conjugates,Long-chain fatty acids,,,,,L3,NA,NA,NA
RP_10.623_129.09088,RP,10.623,129.09088,WT_drawdown,-0.4228057092034432,0.17859841071366067,-0.7728585942022181,-0.07275282420466828,0.026320408614049908,0.35785245174915226,Exploratory (nominal P < 0.05 only),27,27,NA,NA,unnamed feature,NA,NA,NA,NA,NA,NA,NA,NA,NA,L4,57.9,NA,NA
RP_1.424_249.10793,RP,1.424,249.10793,WT_drawdown,-0.420861373948749,0.19996593256367545,-0.8127946017735529,-0.02892814612394512,0.048050305888365674,0.3992929477622153,Exploratory (nominal P < 0.05 only),27,27,NA,NA,unnamed feature,NA,NA,NA,NA,NA,NA,NA,NA,NA,NA,131.4,NA,NA
RP_8.828_382.19716,RP,8.828,382.19716,WT_drawdown,-0.41875107598287914,0.20155745914137096,-0.8138036958999662,-0.023698456065792073,0.04861619720585048,0.4008667210862004,Exploratory (nominal P < 0.05 only),27,27,NA,NA,unnamed feature,NA,NA,NA,NA,NA,NA,NA,NA,NA,NA,103.7,NA,NA
RP_20.495_299.25789,RP,20.495,299.25789,WT_drawdown,-0.4185585562185033,0.13120645122310262,-0.6757232006157845,-0.16139391182122215,0.003934036173801994,0.2270248290859218,Exploratory (nominal P < 0.05 only),27,27,Oxooctadecanoic acid,1,name unique to this feature,Organic compounds,Lipids and lipid-like molecules,Fatty Acyls,Fatty acids and conjugates,Long-chain fatty acids,,,,,L3,115.5,298.25095,NA
RP_10.437_212.11807,RP,10.437,212.11807,WT_drawdown,-0.41714361993128535,0.2020111087769522,-0.8130853931341117,-0.02120184672845904,0.04989199915867477,0.40211803903805443,Exploratory (nominal P < 0.05 only),27,27,"N,N'-Diphenylguanidine",1,name unique to this feature,Organic compounds,Benzenoids,Benzene and substituted derivatives,,Benzene and substituted derivatives,,,,,L2,67.7,NA,Single-ring
RP_18.355_221.18985,RP,18.355,221.18985,WT_drawdown,-0.41682795986693727,0.14520141174388557,-0.701422726884953,-0.13223319284892154,0.008419814801102146,0.2755984554302607,Exploratory (nominal P < 0.05 only),27,27,(-)-Caryophyllene oxide,2,name shared with other features,Organic compounds,Lipids and lipid-like molecules,Prenol lipids,Sesquiterpenoids,Sesquiterpenoids,,,,,L2,87,NA,NA
RP_20.338_784.53293,RP,20.338,784.53293,WT_drawdown,-0.41653787360929584,0.17807272356509574,-0.7655604117968835,-0.06751533542170818,0.03002291254014863,0.3619749586380606,Exploratory (nominal P < 0.05 only),27,27,NA,NA,unnamed feature,NA,NA,NA,NA,NA,NA,NA,NA,NA,L4,123.2,NA,NA
RP_15.508_241.08579,RP,15.508,241.08579,WT_drawdown,-0.4158307642138146,0.1583291069926343,-0.7261558139193778,-0.10550571450825136,0.014793948979637884,0.32195644898059395,Exploratory (nominal P < 0.05 only),27,27,Chrysophanol-9-anthrone,1,name unique to this feature,Organic compounds,Benzenoids,Anthracenes,,Anthracenes,,,,,L3,117.4,NA,Multi-ring
RP_8.101_332.1815,RP,8.101,332.1815,WT_drawdown,-0.4138932560567276,0.19989893685785795,-0.8056951722981291,-0.022091339815326017,0.0493265437578053,0.4015365255913905,Exploratory (nominal P < 0.05 only),27,27,N-acetyl-L-leucine-L-serine-L-alanine,8,name shared with other features,Organic compounds,Organic acids and derivatives,Carboxylic acids and derivatives,"Amino acids, peptides, and analogues",Peptides,,,,,L3,116.4,NA,NA
RP_13.123_356.25427,RP,13.123,356.25427,WT_drawdown,-0.4123644472876141,0.17377021452348843,-0.7529540677536515,-0.07177482682157682,0.027780903293230585,0.35785245174915226,Exploratory (nominal P < 0.05 only),27,27,NA,NA,unnamed feature,NA,NA,NA,NA,NA,NA,NA,NA,NA,NA,168.5,NA,NA
RP_18.483_280.26334,RP,18.483,280.26334,WT_drawdown,-0.41127346470635634,0.17901329462729965,-0.7621395221758636,-0.060407407236849064,0.03257141133985794,0.36832456057447244,Exploratory (nominal P < 0.05 only),27,27,Linoleamide,12,name shared with other features,Organic compounds,Lipids and lipid-like molecules,Fatty Acyls,Fatty amides,Fatty amides,,,,,L3,113.8,NA,NA
RP_18.888_195.10141,RP,18.888,195.10141,WT_drawdown,-0.40995949737194903,0.17181530139266582,-0.746717488101574,-0.07320150664232405,0.025269182460062337,0.35785245174915226,Exploratory (nominal P < 0.05 only),27,27,NA,NA,unnamed feature,NA,NA,NA,NA,NA,NA,NA,NA,NA,L4,95.6,NA,NA
RP_1.154_269.91818,RP,1.154,269.91818,WT_drawdown,-0.4058340169688358,0.1470440406585994,-0.6940403366596907,-0.11762769727798095,0.01248184390102583,0.30746642818066505,Exploratory (nominal P < 0.05 only),27,27,NA,NA,unnamed feature,NA,NA,NA,NA,NA,NA,NA,NA,NA,NA,86.4,NA,NA
RP_9.441_114.09122,RP,9.441,114.09122,WT_drawdown,-0.40515091786856045,0.1547805216493619,-0.7085207403013098,-0.1017810954358111,0.015091680685009832,0.3229619666592104,Exploratory (nominal P < 0.05 only),27,27,Caprolactam,4,name shared with other features,Organic compounds,Organoheterocyclic compounds,Lactams,Caprolactams,Caprolactams,,,,,L2,85.2,128.09501,NA
RP_20.167_281.24734,RP,20.167,281.24734,WT_drawdown,-0.4050771384413129,0.15102137167741014,-0.7010790269290368,-0.10907524995358903,0.013025492162519954,0.3117847972007533,Exploratory (nominal P < 0.05 only),27,27,NA,NA,unnamed feature,NA,NA,NA,NA,NA,NA,NA,NA,NA,L4,39,NA,NA
RP_8.715_352.18658,RP,8.715,352.18658,WT_drawdown,-0.4047984861493274,0.165734553390985,-0.729638210795658,-0.0799587615029968,0.022327088645399337,0.349609534398692,Exploratory (nominal P < 0.05 only),27,27,NA,NA,unnamed feature,NA,NA,NA,NA,NA,NA,NA,NA,NA,L4,133.7,NA,NA
RP_9.399_359.22881,RP,9.399,359.22881,WT_drawdown,-0.4028214348247496,0.19445204299517865,-0.7839474390952997,-0.021695430554199424,0.049219407282317613,0.4015365255913905,Exploratory (nominal P < 0.05 only),27,27,NA,NA,unnamed feature,NA,NA,NA,NA,NA,NA,NA,NA,NA,L4,110,NA,NA
RP_18.795_298.27388,RP,18.795,298.27388,WT_drawdown,-0.40260365470635734,0.18219943976028719,-0.7597145566365202,-0.04549275277619447,0.03939770901497592,0.3808598866918036,Exploratory (nominal P < 0.05 only),27,27,octadec-9-ynoic acid,9,name shared with other features,Organic compounds,Lipids and lipid-like molecules,Fatty Acyls,Fatty acids and conjugates,Long-chain fatty acids,,,,,L2,109.3,280.24038,NA
RP_13.079_347.0913,RP,13.079,347.0913,WT_drawdown,-0.40237518294677194,0.17029468005109613,-0.7361527558469203,-0.06859761004662351,0.02658154370821795,0.35785245174915226,Exploratory (nominal P < 0.05 only),27,27,NA,NA,unnamed feature,NA,NA,NA,NA,NA,NA,NA,NA,NA,NA,145.7,NA,NA
RP_10.238_334.17603,RP,10.238,334.17603,WT_drawdown,-0.40218811480071437,0.1818266806857308,-0.7585684089447466,-0.04580782065668204,0.03673954487456405,0.37724509919752675,Exploratory (nominal P < 0.05 only),27,27,NA,NA,unnamed feature,NA,NA,NA,NA,NA,NA,NA,NA,NA,NA,123.6,NA,NA
RP_19.587_315.25282,RP,19.587,315.25282,WT_drawdown,-0.40130679775520267,0.18938467992580493,-0.7725007704097804,-0.030112825100625018,0.04463138302801934,0.3908735213658182,Exploratory (nominal P < 0.05 only),27,27,NA,NA,unnamed feature,NA,NA,NA,NA,NA,NA,NA,NA,NA,L4,46.6,NA,NA
RP_18.961_485.3259,RP,18.961,485.3259,WT_drawdown,-0.4003921237644039,0.17411644245067265,-0.7416603509677223,-0.05912389656108552,0.030478060938710673,0.3619749586380606,Exploratory (nominal P < 0.05 only),27,27,21-Hydroxyisoglabrolide,1,name unique to this feature,Organic compounds,Lipids and lipid-like molecules,Prenol lipids,Triterpenoids,Triterpenoids,,,,,L3,98.2,NA,NA
RP_4.163_165.05451,RP,4.163,165.05451,WT_drawdown,-0.3998168700984822,0.14637546949427652,-0.6867127903072642,-0.11292094988970025,0.011634930664028816,0.3010428407579446,Exploratory (nominal P < 0.05 only),27,27,L-Tyrosine,1,name unique to this feature,Organic compounds,Organic acids and derivatives,Carboxylic acids and derivatives,"Amino acids, peptides, and analogues",Amino acids and derivatives,Alpha amino acids and derivatives,Tyrosine and derivatives,,,L1,122.8,181.07393000000002,NA
RP_10.464_197.0807,RP,10.464,197.0807,WT_drawdown,-0.3975296942576912,0.16722149395837574,-0.7252838224161076,-0.06977556609927477,0.02575821084298293,0.35785245174915226,Exploratory (nominal P < 0.05 only),27,27,NA,NA,unnamed feature,NA,NA,NA,NA,NA,NA,NA,NA,NA,NA,75.2,NA,NA
RP_17.937_221.15347,RP,17.937,221.15347,WT_drawdown,-0.3973390030151529,0.13318864053424787,-0.6583887384622786,-0.13628926756802712,0.0064570071600653384,0.2619300609355013,Exploratory (nominal P < 0.05 only),27,27,NA,NA,unnamed feature,NA,NA,NA,NA,NA,NA,NA,NA,NA,L4,145,NA,NA
RP_15.876_216.19568,RP,15.876,216.19568,WT_drawdown,-0.3930155640171639,0.15234997002072417,-0.6916215052577833,-0.09440962277654452,0.016441131981341846,0.32540136360759814,Exploratory (nominal P < 0.05 only),27,27,12-Aminododecanoic acid,1,name unique to this feature,Organic compounds,Lipids and lipid-like molecules,Fatty Acyls,Fatty acids and conjugates,Medium-chain fatty acids,,,,,L2,46.7,NA,NA
RP_8.322_373.24442,RP,8.322,373.24442,WT_drawdown,-0.39276541730061304,0.18105471659652703,-0.747632661829806,-0.03789817277142005,0.04018705954889403,0.3808598866918036,Exploratory (nominal P < 0.05 only),27,27,Kojistatin A,8,name shared with other features,Organic compounds,Organoheterocyclic compounds,Epoxides,Oxirane carboxylic acids and derivatives,Oxirane carboxylic acids,,,,,L3,135.4,NA,NA
RP_20.549_296.29458,RP,20.549,296.29458,WT_drawdown,-0.390212709743853,0.1239444284890094,-0.6331437895823114,-0.14728162990539462,0.0055107675991523065,0.24824776834637496,Exploratory (nominal P < 0.05 only),27,27,NA,NA,unnamed feature,NA,NA,NA,NA,NA,NA,NA,NA,NA,L4,49.3,NA,NA
RP_12.479_213.0657,RP,12.479,213.0657,WT_drawdown,-0.3898104208917239,0.1480701746425442,-0.6800279631911106,-0.09959287859233729,0.015989750579787,0.3233631855252037,Exploratory (nominal P < 0.05 only),27,27,Isophenoxazine,2,name shared with other features,Organic compounds,Organoheterocyclic compounds,Benzoxazines,Phenoxazines,Phenoxazines,,,,,L3,135.5,212.05859999999998,NA
RP_18.283_279.23172,RP,18.283,279.23172,WT_drawdown,-0.38859260173650906,0.18013578115632248,-0.7416587328029012,-0.035526470670116994,0.0412176920354794,0.38177469124296154,Exploratory (nominal P < 0.05 only),27,27,alpha-Eleostearic acid,6,name shared with other features,Organic compounds,Lipids and lipid-like molecules,Fatty Acyls,Lineolic acids and derivatives,Lineolic acids and derivatives,,,,,L2,52.5,278.22472,NA
RP_15.516_279.15901,RP,15.516,279.15901,WT_drawdown,-0.3871044874285697,0.12390315924435792,-0.6299546795475112,-0.14425429530962816,0.004610943787885909,0.24165109484267375,Exploratory (nominal P < 0.05 only),27,27,2-methyl butyl propyl phthalate,1,name unique to this feature,Organic compounds,Benzenoids,Benzene and substituted derivatives,Benzoic acids and derivatives,Benzoic acid esters,,,,,L3,82.4,NA,Single-ring
RP_7.781_196.09668,RP,7.781,196.09668,WT_drawdown,-0.38538807904762873,0.1592521014811536,-0.6975221979506898,-0.0732539601445677,0.02345873492264526,0.3564147602860695,Exploratory (nominal P < 0.05 only),27,27,"1-(3,4-dimethoxyphenyl)ethan-1-one oxime",2,name shared with other features,Organic compounds,Benzenoids,Benzene and substituted derivatives,Methoxybenzenes,Dimethoxybenzenes,,,,,L2,66.2,NA,Single-ring
RP_15.952_281.17462,RP,15.952,281.17462,WT_drawdown,-0.38521001587083303,0.14804330617244163,-0.6753748959688186,-0.09504513577284746,0.015633253605091234,0.3233631855252037,Exploratory (nominal P < 0.05 only),27,27,NA,NA,unnamed feature,NA,NA,NA,NA,NA,NA,NA,NA,NA,NA,61.7,NA,NA
RP_13.902_205.0494,RP,13.902,205.0494,WT_drawdown,-0.3844722377362254,0.1738776061888045,-0.7252723458662822,-0.04367212960616862,0.03679902544742229,0.37724509919752675,Exploratory (nominal P < 0.05 only),27,27,"1,4-Dihydroxy-2-naphthoic acid",3,name shared with other features,Organic compounds,Benzenoids,Naphthalenes,Naphthalenecarboxylic acids and derivatives,Naphthalenecarboxylic acids,,,,,L3,133.3,204.04228,Multi-ring
RP_8.519_318.1658,RP,8.519,318.1658,WT_drawdown,-0.3841408049828594,0.16537681974164326,-0.7082793716764801,-0.06000223828923862,0.0289884365083654,0.3619749586380606,Exploratory (nominal P < 0.05 only),27,27,NA,NA,unnamed feature,NA,NA,NA,NA,NA,NA,NA,NA,NA,L4,128.4,NA,NA
RP_4.076_132.10177,RP,4.076,132.10177,WT_drawdown,-0.3839572934782024,0.15935754248456835,-0.6962980767479563,-0.07161651020844845,0.02400983812391489,0.35729344828780824,Exploratory (nominal P < 0.05 only),27,27,L-Leucine,2,name shared with other features,Organic compounds,Organic acids and derivatives,Carboxylic acids and derivatives,"Amino acids, peptides, and analogues",Amino acids and derivatives,Alpha amino acids and derivatives,Leucine and derivatives,,,L1,163.7,131.09467999999998,NA
RP_8.187_382.1608,RP,8.187,382.1608,WT_drawdown,-0.38114446288678416,0.17099972135376376,-0.7163039167401611,-0.04598500903340719,0.035441494791301445,0.37469200168117417,Exploratory (nominal P < 0.05 only),27,27,NA,NA,unnamed feature,NA,NA,NA,NA,NA,NA,NA,NA,NA,NA,109,NA,NA
RP_11.995_285.08684,RP,11.995,285.08684,WT_drawdown,-0.3806092252127841,0.15457944517819128,-0.683584937762039,-0.07763351266352925,0.021372927922931977,0.3449203318961806,Exploratory (nominal P < 0.05 only),27,27,NA,NA,unnamed feature,NA,NA,NA,NA,NA,NA,NA,NA,NA,L4,202.6,NA,NA
RP_19.515_457.33094,RP,19.515,457.33094,WT_drawdown,-0.37821423464039217,0.183122373529287,-0.7371340867577947,-0.01929438252298965,0.04985015047514894,0.40211803903805443,Exploratory (nominal P < 0.05 only),27,27,NA,NA,unnamed feature,NA,NA,NA,NA,NA,NA,NA,NA,NA,L4,106.5,NA,NA
RP_9.675_366.16582,RP,9.675,366.16582,WT_drawdown,-0.37760691595565193,0.17306778996433145,-0.7168197842857416,-0.03839404762556231,0.03914460780472201,0.3808598866918036,Exploratory (nominal P < 0.05 only),27,27,NA,NA,unnamed feature,NA,NA,NA,NA,NA,NA,NA,NA,NA,NA,138.3,NA,NA
RP_8.975_229.11817,RP,8.975,229.11817,WT_drawdown,-0.376691711578653,0.15867756498826444,-0.6876997389556513,-0.06568368420165471,0.02594531149436684,0.35785245174915226,Exploratory (nominal P < 0.05 only),27,27,NA,NA,unnamed feature,NA,NA,NA,NA,NA,NA,NA,NA,NA,NA,84.5,NA,NA
RP_8.977_229.11819,RP,8.977,229.11819,WT_drawdown,-0.376691711578653,0.15867756498826444,-0.6876997389556513,-0.06568368420165471,0.02594531149436684,0.35785245174915226,Exploratory (nominal P < 0.05 only),27,27,NA,NA,unnamed feature,NA,NA,NA,NA,NA,NA,NA,NA,NA,L4,84.4,NA,NA
RP_1.32_252.9851,RP,1.32,252.9851,WT_drawdown,-0.3758086062068278,0.17353052744147218,-0.7159284399921133,-0.035688772421542336,0.0404960382619774,0.3808598866918036,Exploratory (nominal P < 0.05 only),27,27,NA,NA,unnamed feature,NA,NA,NA,NA,NA,NA,NA,NA,NA,NA,88.9,NA,NA
RP_9.647_166.04977,RP,9.647,166.04977,WT_drawdown,-0.3751721900402775,0.1724288496573849,-0.7131327353687519,-0.03721164471180316,0.03964383441064828,0.3808598866918036,Exploratory (nominal P < 0.05 only),27,27,NA,NA,unnamed feature,NA,NA,NA,NA,NA,NA,NA,NA,NA,L4,99.9,NA,NA
RP_9.57_164.07052,RP,9.57,164.07052,WT_drawdown,-0.37380198500895667,0.17428226411679607,-0.715395222677877,-0.03220874734003637,0.044958231911047725,0.39136582925148955,Exploratory (nominal P < 0.05 only),27,27,3-Methyldioxyindole,1,name unique to this feature,Organic compounds,Organoheterocyclic compounds,Indoles and derivatives,Indolines,Indolines,,,,,L3,142.8,163.06336000000002,NA
RP_18.645_295.2266,RP,18.645,295.2266,WT_drawdown,-0.3730419189842217,0.1694424099921892,-0.7051490425689125,-0.04093479539953082,0.03959326022292011,0.3808598866918036,Exploratory (nominal P < 0.05 only),27,27,9-Oxo-ODE,3,name shared with other features,Organic compounds,Lipids and lipid-like molecules,Fatty Acyls,Lineolic acids and derivatives,Lineolic acids and derivatives,,,,,L2,202.7,NA,NA
RP_13.699_177.0909,RP,13.699,177.0909,WT_drawdown,-0.371547036715859,0.15585753994856263,-0.6770278150150417,-0.06606625841667624,0.025388585747361126,0.35785245174915226,Exploratory (nominal P < 0.05 only),27,27,NA,NA,unnamed feature,NA,NA,NA,NA,NA,NA,NA,NA,NA,L4,51.4,NA,NA
RP_18.387_459.31025,RP,18.387,459.31025,WT_drawdown,-0.3714328844652458,0.1442976357188659,-0.6542562504742229,-0.08860951845626869,0.01665040134452831,0.32577699544951394,Exploratory (nominal P < 0.05 only),27,27,NA,NA,unnamed feature,NA,NA,NA,NA,NA,NA,NA,NA,NA,L4,70.2,NA,NA
RP_18.098_289.17967,RP,18.098,289.17967,WT_drawdown,-0.37002259427130596,0.12772739140006023,-0.620368281415424,-0.11967690712718793,0.008889772418356916,0.27671437054958253,Exploratory (nominal P < 0.05 only),27,27,Estriol,4,name shared with other features,Organic compounds,Lipids and lipid-like molecules,Steroids and steroid derivatives,Estrane steroids,Estrogens and derivatives,,,,,L2,201.8,288.17265,NA
RP_17.501_520.36308,RP,17.501,520.36308,WT_drawdown,-0.369517419508346,0.17091746152829929,-0.7045156441038125,-0.034519194912879414,0.04081079098141315,0.3808598866918036,Exploratory (nominal P < 0.05 only),27,27,NA,NA,unnamed feature,NA,NA,NA,NA,NA,NA,NA,NA,NA,L4,132.8,NA,NA
RP_4.075_86.09638,RP,4.075,86.09638,WT_drawdown,-0.36819304797161706,0.15508289735278863,-0.6721555267830828,-0.06423056916015135,0.025932597957848025,0.35785245174915226,Exploratory (nominal P < 0.05 only),27,27,Piperidine,3,name shared with other features,Organic compounds,Organoheterocyclic compounds,Piperidines,,Piperidines,,,,,L3,162.4,129.07901999999999,NA
RP_4.076_86.09638,RP,4.076,86.09638,WT_drawdown,-0.36819304797161706,0.15508289735278863,-0.6721555267830828,-0.06423056916015135,0.025932597957848025,0.35785245174915226,Exploratory (nominal P < 0.05 only),27,27,Isoprene,2,name shared with other features,Organic compounds,Hydrocarbons,Unsaturated hydrocarbons,Branched unsaturated hydrocarbons,Branched unsaturated hydrocarbons,,,,,L3,160.9,68.06264,NA
RP_10.05_143.10656,RP,10.05,143.10656,WT_drawdown,-0.36695751237268953,0.14869329801479156,-0.6583963764816809,-0.07551864826369808,0.023393886312831628,0.3564147602860695,Exploratory (nominal P < 0.05 only),27,27,NA,NA,unnamed feature,NA,NA,NA,NA,NA,NA,NA,NA,NA,NA,70.6,NA,NA
RP_20.075_297.24224,RP,20.075,297.24224,WT_drawdown,-0.36581041510930074,0.17520359727463705,-0.7092094657675894,-0.022411364451012106,0.04759295683387285,0.3992929477622153,Exploratory (nominal P < 0.05 only),27,27,(+/-)12(13)-DiHOME,3,name shared with other features,Organic compounds,Lipids and lipid-like molecules,Fatty Acyls,Fatty acids and conjugates,Long-chain fatty acids,,,,,L2,89.3,NA,NA
RP_11.137_346.23347,RP,11.137,346.23347,WT_drawdown,-0.36466063079441097,0.15603901833883344,-0.6704971067385245,-0.05882415485029746,0.02811423356341157,0.3587558370502424,Exploratory (nominal P < 0.05 only),27,27,2-[[2-[(2-amino-4-methylpentanoyl)amino]-4-methylpentanoyl]amino]-3-hydroxybutanoic acid,2,name shared with other features,Organic compounds,Organic acids and derivatives,Carboxylic acids and derivatives,"Amino acids, peptides, and analogues",Peptides,Oligopeptides,,,,L3,111.9,NA,NA
RP_16.059_281.1746,RP,16.059,281.1746,WT_drawdown,-0.36141261470997554,0.14239526650663067,-0.6405073370629717,-0.08231789235697945,0.01805158606472444,0.33836841616213403,Exploratory (nominal P < 0.05 only),27,27,NA,NA,unnamed feature,NA,NA,NA,NA,NA,NA,NA,NA,NA,NA,137.5,NA,NA
RP_8.777_151.06136,RP,8.777,151.06136,WT_drawdown,-0.3608867628473783,0.14659398626765366,-0.6482109759319794,-0.07356254976277715,0.021392442907611525,0.3449203318961806,Exploratory (nominal P < 0.05 only),27,27,NA,NA,unnamed feature,NA,NA,NA,NA,NA,NA,NA,NA,NA,L4,133.7,NA,NA
RP_8.896_304.18657,RP,8.896,304.18657,WT_drawdown,-0.3598878133529547,0.15590102651805182,-0.6654538253283363,-0.05432180137757314,0.029901690489601045,0.3619749586380606,Exploratory (nominal P < 0.05 only),27,27,NA,NA,unnamed feature,NA,NA,NA,NA,NA,NA,NA,NA,NA,L4,135,NA,NA
RP_19.954_320.25583,RP,19.954,320.25583,WT_drawdown,-0.35862682808554947,0.14526249751353162,-0.6433413232120715,-0.0739123329590275,0.02290277140862069,0.35473108228708744,Exploratory (nominal P < 0.05 only),27,27,NA,NA,unnamed feature,NA,NA,NA,NA,NA,NA,NA,NA,NA,L4,118.3,NA,NA
RP_17.47_237.18474,RP,17.47,237.18474,WT_drawdown,-0.3571316629856019,0.10132175944228071,-0.5557223114924721,-0.1585410144787317,0.0022461971609247194,0.19227447697515598,Exploratory (nominal P < 0.05 only),27,27,NA,NA,unnamed feature,NA,NA,NA,NA,NA,NA,NA,NA,NA,NA,61.1,NA,NA
RP_1.018_147.11272,RP,1.018,147.11272,WT_drawdown,-0.35566294023907036,0.16128066829392734,-0.671773050095168,-0.03955283038297275,0.03941818847913118,0.3808598866918036,Exploratory (nominal P < 0.05 only),27,27,L-Lysine,1,name unique to this feature,Organic compounds,Organic acids and derivatives,Carboxylic acids and derivatives,"Amino acids, peptides, and analogues",Amino acids and derivatives,Alpha amino acids and derivatives,Alpha amino acids,L-alpha-amino acids,,L1,146.2,146.10558,NA
RP_1.213_87.04399,RP,1.213,87.04399,WT_drawdown,-0.35022438737800354,0.1472377592911966,-0.6388103955887489,-0.06163837916725823,0.027287298507795276,0.35785245174915226,Exploratory (nominal P < 0.05 only),27,27,gamma-Aminobutyric acid,1,name unique to this feature,Organic compounds,Organic acids and derivatives,Carboxylic acids and derivatives,"Amino acids, peptides, and analogues",Amino acids and derivatives,Gamma amino acids and derivatives,,,,L1,110.5,103.06335999999999,NA
RP_7.675_157.04945,RP,7.675,157.04945,WT_drawdown,-0.3499533012080071,0.11648321290727509,-0.5782603985062663,-0.12164620390974792,0.006142294543201124,0.25752510019494673,Exploratory (nominal P < 0.05 only),27,27,NA,NA,unnamed feature,NA,NA,NA,NA,NA,NA,NA,NA,NA,L4,38.6,NA,NA
RP_7.722_175.08649,RP,7.722,175.08649,WT_drawdown,-0.3474328986023087,0.10510217589699401,-0.5534331633604169,-0.14143263384420043,0.002970518231520835,0.213378764155119,Exploratory (nominal P < 0.05 only),27,27,NA,NA,unnamed feature,NA,NA,NA,NA,NA,NA,NA,NA,NA,L4,53.1,NA,NA
RP_12.691_161.11712,RP,12.691,161.11712,WT_drawdown,-0.3472382596086696,0.09380217030158593,-0.5310905133997781,-0.1633860058175612,0.0011152325875607224,0.14500847011928786,Exploratory (nominal P < 0.05 only),27,27,Hydroxyvalproic acid,1,name unique to this feature,Organic compounds,Lipids and lipid-like molecules,Fatty Acyls,Fatty acids and conjugates,Hydroxy fatty acids,,,,,L3,63.5,160.11001,NA
RP_1.179_90.05489,RP,1.179,90.05489,WT_drawdown,-0.34706081141000344,0.14130939590558847,-0.6240272273849569,-0.07009439543505003,0.02166744971840277,0.3456526590561284,Exploratory (nominal P < 0.05 only),27,27,L-Alanine,1,name unique to this feature,Organic compounds,Organic acids and derivatives,Carboxylic acids and derivatives,"Amino acids, peptides, and analogues",Amino acids and derivatives,Alpha amino acids and derivatives,Alanine and derivatives,,,L1,125.4,89.0477,NA
RP_6.096_88.11201,RP,6.096,88.11201,WT_drawdown,-0.3464153331276053,0.1411786555567018,-0.6231254980187408,-0.06970516823646977,0.02177773930582432,0.3468231599215929,Exploratory (nominal P < 0.05 only),27,27,Isoamylamine,1,name unique to this feature,Organic compounds,Organic nitrogen compounds,Organonitrogen compounds,Amines,Primary amines,Monoalkylamines,,,,L2,147.9,87.10485999999999,NA
RP_13.667_331.09235,RP,13.667,331.09235,WT_drawdown,-0.34615059390769265,0.1546547164248042,-0.6492738381003089,-0.043027349715076435,0.03677260728283265,0.37724509919752675,Exploratory (nominal P < 0.05 only),27,27,NA,NA,unnamed feature,NA,NA,NA,NA,NA,NA,NA,NA,NA,L4,106.5,NA,NA
RP_19.273_311.2579,RP,19.273,311.2579,WT_drawdown,-0.3441772418587289,0.11736867810834702,-0.5742198509510891,-0.11413463276636873,0.00728203995232939,0.2652521786891046,Exploratory (nominal P < 0.05 only),27,27,NA,NA,unnamed feature,NA,NA,NA,NA,NA,NA,NA,NA,NA,L4,273.6,NA,NA
RP_4.396_310.13961,RP,4.396,310.13961,WT_drawdown,-0.34356563512889965,0.1648374313405007,-0.666647000556281,-0.020484269701518287,0.047951623645858074,0.3992929477622153,Exploratory (nominal P < 0.05 only),27,27,Tyrosylglutamine,2,name shared with other features,Organic compounds,Organic acids and derivatives,Carboxylic acids and derivatives,"Amino acids, peptides, and analogues",Peptides,Dipeptides,,,,L3,140.2,NA,NA
RP_12.857_199.08646,RP,12.857,199.08646,WT_drawdown,-0.341557688622569,0.13105521321517713,-0.5984259065243163,-0.08468947072082184,0.015485332510043671,0.3233631855252037,Exploratory (nominal P < 0.05 only),27,27,"2-cyano-2-(2,3-dihydro-1H-inden-1-yliden)acetamide",1,name unique to this feature,Organic compounds,Benzenoids,Indanes,,Indanes,,,,,L2,162.4,NA,Multi-ring
RP_15.396_287.10247,RP,15.396,287.10247,WT_drawdown,-0.3385742226239501,0.10110256557674827,-0.5367352511543767,-0.14041319409352349,0.0032776140872167814,0.22076969241454145,Exploratory (nominal P < 0.05 only),27,27,NA,NA,unnamed feature,NA,NA,NA,NA,NA,NA,NA,NA,NA,L4,88.9,NA,NA
RP_9.602_244.11782,RP,9.602,244.11782,WT_drawdown,-0.33736158368225,0.15780295864017455,-0.6466553826169921,-0.028067784747507873,0.04548319656510971,0.3921258539281373,Exploratory (nominal P < 0.05 only),27,27,Pestalotiopamide E,2,name shared with other features,Organic compounds,Organic acids and derivatives,Carboxylic acids and derivatives,Dicarboxylic acids and derivatives,Dicarboxylic acids and derivatives,,,,,L3,53.7,NA,NA
RP_7.55_127.07521,RP,7.55,127.07521,WT_drawdown,-0.3366300709535991,0.14984359566834043,-0.6303235184635463,-0.042936623443651845,0.03719612707154341,0.3788197611086473,Exploratory (nominal P < 0.05 only),27,27,NA,NA,unnamed feature,NA,NA,NA,NA,NA,NA,NA,NA,NA,L4,62.9,NA,NA
RP_11.934_267.15896,RP,11.934,267.15896,WT_drawdown,-0.3361133373972751,0.1592986758055746,-0.6483387419762013,-0.02388793281834889,0.04793431020468269,0.3992929477622153,Exploratory (nominal P < 0.05 only),27,27,"(3aR,4aS,5R,6S,8S,9aR)-5,6-dihydroxy-4a,8-dimethyl-3-methylidene-dodecahydroazuleno[6,5-b]furan-2-one",3,name shared with other features,NA,NA,NA,NA,NA,NA,NA,NA,NA,L2,NA,NA,NA
RP_18.226_223.11159,RP,18.226,223.11159,WT_drawdown,-0.33471039659971635,0.13794915609583883,-0.6050907425475605,-0.06433005065187225,0.026360559335156644,0.35785245174915226,Exploratory (nominal P < 0.05 only),27,27,NA,NA,unnamed feature,NA,NA,NA,NA,NA,NA,NA,NA,NA,NA,36.8,NA,NA
RP_18.058_251.16408,RP,18.058,251.16408,WT_drawdown,-0.3329552001196159,0.13990085823530996,-0.6071608822608234,-0.05874951797840838,0.02560850346545073,0.35785245174915226,Exploratory (nominal P < 0.05 only),27,27,"(1R,2R,6R,9R)-2,11,11-trimethyl-3-oxotricyclo[4.3.2.0Âa,âµ]undecane-9-carboxylic acid",4,name shared with other features,NA,NA,NA,NA,NA,NA,NA,NA,NA,L2,56.9,NA,NA
RP_14.179_271.09636,RP,14.179,271.09636,WT_drawdown,-0.33274195551943864,0.1405194910047453,-0.60816015788873945,-0.057323753150137824,0.026286774502173135,0.35785245174915226,Exploratory (nominal P < 0.05 only),27,27,NA,NA,unnamed feature,NA,NA,NA,NA,NA,NA,NA,NA,NA,L4,63.6,NA,NA
RP_10.242_213.11202,RP,10.242,213.11202,WT_drawdown,-0.3326981208119997,0.1231289970392378,-0.5740309550089058,-0.0913652866150936,0.012448630550912911,0.30738541591100343,Exploratory (nominal P < 0.05 only),27,27,NA,NA,unnamed feature,NA,NA,NA,NA,NA,NA,NA,NA,NA,L4,79.4,NA,NA
RP_16.989_261.22114,RP,16.989,261.22114,WT_drawdown,-0.3322498185580946,0.15424540378818055,-0.6345708099829285,-0.029928827133260727,0.04431269970698808,0.3908735213658182,Exploratory (nominal P < 0.05 only),27,27,6-[1]-ladderane hexanol,7,name shared with other features,Organic compounds,Lipids and lipid-like molecules,Fatty Acyls,Fatty alcohols,Fatty alcohols,,,,,L3,137.4,NA,NA
RP_13.386_205.0858,RP,13.386,205.0858,WT_drawdown,-0.3301619663280075,0.13406425674294556,-0.5929279095441808,-0.06739602311183418,0.021349755251803895,0.3449203318961806,Exploratory (nominal P < 0.05 only),27,27,Resorcinol diglycidyl ether,1,name unique to this feature,Organic compounds,Benzenoids,Phenol ethers,,Phenol ethers,,,,,L2,52.8,222.08926000000002,Single-ring
RP_20.96_223.06346,RP,20.96,223.06346,WT_drawdown,-0.3279411723902485,0.11708100016459175,-0.5574199327128483,-0.09846241206764869,0.011389603257664126,0.29954985477645035,Exploratory (nominal P < 0.05 only),27,27,2-(3-Methylthiopropyl)malic acid,1,name unique to this feature,Organic compounds,Organic acids and derivatives,Hydroxy acids and derivatives,Medium-chain hydroxy acids and derivatives,Medium-chain hydroxy acids and derivatives,,,,,L3,46.4,NA,NA
RP_0.934_231.89327,RP,0.934,231.89327,WT_drawdown,-0.32706832424522414,0.1388635314346177,-0.5992408458570748,-0.05489580263337346,0.02701813990592797,0.35785245174915226,Exploratory (nominal P < 0.05 only),27,27,NA,NA,unnamed feature,NA,NA,NA,NA,NA,NA,NA,NA,NA,NA,58.6,NA,NA
RP_1.212_388.10842,RP,1.212,388.10842,WT_drawdown,-0.326197065620575,0.12558249752057185,-0.5723387607608958,-0.08005537048025416,0.015794393700332393,0.3233631855252037,Exploratory (nominal P < 0.05 only),27,27,NA,NA,unnamed feature,NA,NA,NA,NA,NA,NA,NA,NA,NA,L4,120.2,NA,NA
RP_14.752_191.14294,RP,14.752,191.14294,WT_drawdown,-0.32411274433508774,0.0843050520581917,-0.4893506463691435,-0.158874842301032,7.797524337245492e-4,0.13809684481411327,Exploratory (nominal P < 0.05 only),27,27,NA,NA,unnamed feature,NA,NA,NA,NA,NA,NA,NA,NA,NA,L4,62.6,NA,NA
RP_6.88_135.06505,RP,6.88,135.06505,WT_drawdown,-0.3223782596373681,0.09207266165913165,-0.5028406764892661,-0.14191584278547006,0.0023240936753748166,0.19266560615873032,Exploratory (nominal P < 0.05 only),27,27,"2,3-Dihydroxy-2-methylbutanoic acid",1,name unique to this feature,Organic compounds,Lipids and lipid-like molecules,Fatty Acyls,Fatty acids and conjugates,Hydroxy fatty acids,,,,,L3,26.4,NA,NA
RP_14.275_242.17494,RP,14.275,242.17494,WT_drawdown,-0.3201186653518941,0.13988785356183553,-0.5942988583330917,-0.04593847237069648,0.031218117299454857,0.3648151318543803,Exploratory (nominal P < 0.05 only),27,27,NA,NA,unnamed feature,NA,NA,NA,NA,NA,NA,NA,NA,NA,L4,45,NA,NA
RP_19.255_315.25281,RP,19.255,315.25281,WT_drawdown,-0.3197699489458435,0.1347408849748197,-0.58386208349649,-0.05567781439519687,0.02598622148250919,0.35785245174915226,Exploratory (nominal P < 0.05 only),27,27,NA,NA,unnamed feature,NA,NA,NA,NA,NA,NA,NA,NA,NA,NA,83.6,NA,NA
RP_3.275_231.97494,RP,3.275,231.97494,WT_drawdown,-0.3180222801922547,0.11431926019039583,-0.5420880301654305,-0.09395653021907888,0.011483126761585485,0.29954985477645035,Exploratory (nominal P < 0.05 only),27,27,NA,NA,unnamed feature,NA,NA,NA,NA,NA,NA,NA,NA,NA,NA,201.6,NA,NA
RP_1.321_150.07597,RP,1.321,150.07597,WT_drawdown,-0.31266784753436677,0.12408175902125936,-0.5558680952160351,-0.06946759985269843,0.018803162340301823,0.33989357385424357,Exploratory (nominal P < 0.05 only),27,27,NA,NA,unnamed feature,NA,NA,NA,NA,NA,NA,NA,NA,NA,NA,85.6,NA,NA
RP_17.766_297.13316,RP,17.766,297.13316,WT_drawdown,-0.3096996227790742,0.10746453933445363,-0.5203301198746033,-0.09906912568354509,0.00965336317953459,0.2851523638098641,Exploratory (nominal P < 0.05 only),27,27,Vomitoxin,4,name shared with other features,NA,NA,NA,NA,NA,NA,NA,NA,NA,L3,39,296.12606,NA
RP_1.32_168.08653,RP,1.32,168.08653,WT_drawdown,-0.30962664730887496,0.14152976378780777,-0.5870249843329782,-0.032228310284771744,0.038664501999653315,0.3808598866918036,Exploratory (nominal P < 0.05 only),27,27,D-Ribose,2,name shared with other features,Organic compounds,Organic oxygen compounds,Organooxygen compounds,Carbohydrates and carbohydrate conjugates,Monosaccharides,Pentoses,,,,L1,91.3,230.01917,NA
RP_5.897_306.1658,RP,5.897,306.1658,WT_drawdown,-0.3093009328241212,0.13401115402990368,-0.5719627947227324,-0.04663907092550995,0.02992835780098727,0.3619749586380606,Exploratory (nominal P < 0.05 only),27,27,NA,NA,unnamed feature,NA,NA,NA,NA,NA,NA,NA,NA,NA,L4,115,NA,NA
RP_7.197_149.05959,RP,7.197,149.05959,WT_drawdown,-0.30311423946171834,0.1167433322203217,-0.5319311706135489,-0.07429730830988782,0.015832142188612768,0.3233631855252037,Exploratory (nominal P < 0.05 only),27,27,D-Phenylalanine,3,name shared with other features,Organic compounds,Organic acids and derivatives,Carboxylic acids and derivatives,"Amino acids, peptides, and analogues",Amino acids and derivatives,Alpha amino acids and derivatives,Phenylalanine and derivatives,,,L1,104.6,165.07902,NA
RP_12.761_267.15897,RP,12.761,267.15897,WT_drawdown,-0.30139479653831486,0.13047283662519454,-0.5571215563236962,-0.04566803675293357,0.029799988895564834,0.3619749586380606,Exploratory (nominal P < 0.05 only),27,27,"(3aR,4aS,5R,6S,8S,9aR)-5,6-dihydroxy-4a,8-dimethyl-3-methylidene-dodecahydroazuleno[6,5-b]furan-2-one",3,name shared with other features,NA,NA,NA,NA,NA,NA,NA,NA,NA,L2,63.1,NA,NA
RP_1.482_142.08612,RP,1.482,142.08612,WT_drawdown,-0.29892104024784494,0.12339706098744013,-0.5407792797832276,-0.05706280071246228,0.025594602904080554,0.35785245174915226,Exploratory (nominal P < 0.05 only),27,27,NA,NA,unnamed feature,NA,NA,NA,NA,NA,NA,NA,NA,NA,L4,67.8,NA,NA
RP_8.448_127.07523,RP,8.448,127.07523,WT_drawdown,-0.2952137545133284,0.10702382885900226,-0.5049804590769729,-0.08544704994968394,0.011947375531020295,0.30188531030500015,Exploratory (nominal P < 0.05 only),27,27,NA,NA,unnamed feature,NA,NA,NA,NA,NA,NA,NA,NA,NA,L4,56.4,NA,NA
RP_16.651_638.30182,RP,16.651,638.30182,WT_drawdown,-0.29348217353029604,0.11647148831584361,-0.5217662906293495,-0.06519805643124257,0.02048541019595117,0.34005146047338436,Exploratory (nominal P < 0.05 only),27,27,NA,NA,unnamed feature,NA,NA,NA,NA,NA,NA,NA,NA,NA,NA,64.5,NA,NA
RP_16.652_638.30175,RP,16.652,638.30175,WT_drawdown,-0.29348217353029604,0.11647148831584361,-0.5217662906293495,-0.06519805643124257,0.02048541019595117,0.34005146047338436,Exploratory (nominal P < 0.05 only),27,27,NA,NA,unnamed feature,NA,NA,NA,NA,NA,NA,NA,NA,NA,L4,64.1,NA,NA
RP_10.051_125.09596,RP,10.051,125.09596,WT_drawdown,-0.29232726898846767,0.13700443703130855,-0.5608559655698324,-0.023798572407102925,0.04328909687303104,0.38767707330407575,Exploratory (nominal P < 0.05 only),27,27,NA,NA,unnamed feature,NA,NA,NA,NA,NA,NA,NA,NA,NA,L4,59.8,NA,NA
RP_11.007_165.05451,RP,11.007,165.05451,WT_drawdown,-0.28984259425232584,0.1316669156730031,-0.5479097489714119,-0.0317754395332398,0.04034220034562585,0.3808598866918036,Exploratory (nominal P < 0.05 only),27,27,NA,NA,unnamed feature,NA,NA,NA,NA,NA,NA,NA,NA,NA,L4,47.9,NA,NA
RP_1.355_104.07047,RP,1.355,104.07047,WT_drawdown,-0.28466297533686913,0.12477313812403223,-0.5292183260599723,-0.04010762461376596,0.03349984508945358,0.36926339873281705,Exploratory (nominal P < 0.05 only),27,27,"N,N-Dimethylglycine",1,name unique to this feature,Organic compounds,Organic acids and derivatives,Carboxylic acids and derivatives,"Amino acids, peptides, and analogues",Amino acids and derivatives,Alpha amino acids and derivatives,Alpha amino acids,,,L1,764.2,103.06335999999999,NA
RP_15.254_171.13785,RP,15.254,171.13785,WT_drawdown,-0.2800445797949724,0.13036396555679414,-0.5355579522862889,-0.024531207303655878,0.042003762729105935,0.38420538802615867,Exploratory (nominal P < 0.05 only),27,27,NA,NA,unnamed feature,NA,NA,NA,NA,NA,NA,NA,NA,NA,L4,108.7,NA,NA
RP_19.261_279.23168,RP,19.261,279.23168,WT_drawdown,-0.27400212266069796,0.11351435532731796,-0.49649025910224115,-0.05151398621915476,0.02377906932142346,0.35729344828780824,Exploratory (nominal P < 0.05 only),27,27,alpha-Eleostearic acid,6,name shared with other features,Organic compounds,Lipids and lipid-like molecules,Fatty Acyls,Lineolic acids and derivatives,Lineolic acids and derivatives,,,,,L2,149.8,278.22472,NA
RP_1.213_86.05998,RP,1.213,86.05998,WT_drawdown,-0.2721169335808685,0.12884616257734394,-0.5246554122324627,-0.019578454929274403,0.04528826432397772,0.3915833763770195,Exploratory (nominal P < 0.05 only),27,27,Acetone cyanohydrin,3,name shared with other features,Organic compounds,Organic oxygen compounds,Organooxygen compounds,Alcohols and polyols,Tertiary alcohols,,,,,L3,97.2,85.05279,NA
RP_1.212_86.05998,RP,1.212,86.05998,WT_drawdown,-0.2721169335808685,0.12884616257734394,-0.5246554122324627,-0.019578454929274403,0.04528826432397772,0.3915833763770195,Exploratory (nominal P < 0.05 only),27,27,NA,NA,unnamed feature,NA,NA,NA,NA,NA,NA,NA,NA,NA,L4,97.2,NA,NA
RP_10.273_198.13479,RP,10.273,198.13479,WT_drawdown,-0.2711466182013435,0.1102356780271522,-0.48720854713456185,-0.05508468926812518,0.02149262328590435,0.34495660373876486,Exploratory (nominal P < 0.05 only),27,27,2-Hydroxyatrazine,1,name unique to this feature,Organic compounds,Organoheterocyclic compounds,Triazines,"1,3,5-triazines","1,3,5-triazines",,,,,L3,124.9,NA,NA
RP_20.74_517.30707,RP,20.74,517.30707,WT_drawdown,-0.27111140021122077,0.10708888072337662,-0.48100560642903895,-0.061217193993402585,0.018313920865967736,0.3392509685989666,Exploratory (nominal P < 0.05 only),27,27,NA,NA,unnamed feature,NA,NA,NA,NA,NA,NA,NA,NA,NA,NA,49.3,NA,NA
RP_7.923_133.04941,RP,7.923,133.04941,WT_drawdown,-0.2639658359498822,0.07313701147463848,-0.4073143784401736,-0.1206172934595908,0.0017547037585329442,0.17639264758302858,Exploratory (nominal P < 0.05 only),27,27,NA,NA,unnamed feature,NA,NA,NA,NA,NA,NA,NA,NA,NA,L4,29.3,NA,NA
RP_2.966_204.0865,RP,2.966,204.0865,WT_drawdown,-0.26004958090055613,0.11846088472315403,-0.49223291495793803,-0.027866246843174236,0.04044276330341293,0.3808598866918036,Exploratory (nominal P < 0.05 only),27,27,N2-Acetyl-L-aminoadipate,1,name unique to this feature,Organic compounds,Organic acids and derivatives,Carboxylic acids and derivatives,"Amino acids, peptides, and analogues",Amino acids and derivatives,Alpha amino acids and derivatives,N-acyl-alpha amino acids and derivatives,N-acyl-alpha amino acids,N-acyl-L-alpha-amino acids,L3,55.1,203.07941,NA
RP_12.007_227.08135,RP,12.007,227.08135,WT_drawdown,-0.25747806602335055,0.10545343566340523,-0.4641667999236248,-0.05078933212307629,0.02236762931876646,0.34971124560482353,Exploratory (nominal P < 0.05 only),27,27,2-methylamino-3H-phenoxazin-3-one,1,name unique to this feature,Organic compounds,Organoheterocyclic compounds,Benzoxazines,Phenoxazines,Phenoxazines,,,,,L3,156.7,NA,NA
RP_8.718_153.05453,RP,8.718,153.05453,WT_drawdown,-0.25736052338058885,0.11060090451478828,-0.4741382962295739,-0.04058275053160382,0.028732313273307636,0.36124641608741254,Exploratory (nominal P < 0.05 only),27,27,NA,NA,unnamed feature,NA,NA,NA,NA,NA,NA,NA,NA,NA,L4,37.4,NA,NA
RP_7.923_115.03884,RP,7.923,115.03884,WT_drawdown,-0.25209433364884976,0.07751583115011673,-0.40402536270307854,-0.10016330459462097,0.004008696253323928,0.22876293285635216,Exploratory (nominal P < 0.05 only),27,27,NA,NA,unnamed feature,NA,NA,NA,NA,NA,NA,NA,NA,NA,L4,29.5,NA,NA
RP_20.849_237.22112,RP,20.849,237.22112,WT_drawdown,-0.2517367066998986,0.12116310850087905,-0.48921639936162153,-0.01425701403817567,0.048607079492292087,0.4008667210862004,Exploratory (nominal P < 0.05 only),27,27,NA,NA,unnamed feature,NA,NA,NA,NA,NA,NA,NA,NA,NA,L4,74.5,NA,NA
RP_14.636_286.15494,RP,14.636,286.15494,WT_drawdown,-0.24878003289291795,0.08631646025145318,-0.41796029498576615,-0.07959977080006972,0.008195931738132548,0.2755984554302607,Exploratory (nominal P < 0.05 only),27,27,Cynometrine,1,name unique to this feature,Organic compounds,Organoheterocyclic compounds,Azoles,Imidazoles,Substituted imidazoles,N-substituted imidazoles,,,,L3,146.1,285.1478,NA
RP_13.197_202.14364,RP,13.197,202.14364,WT_drawdown,-0.23634864412550374,0.10056762856674484,-0.4334611961163236,-0.039236092134683875,0.0273234517392767,0.35785245174915226,Exploratory (nominal P < 0.05 only),27,27,NA,NA,unnamed feature,NA,NA,NA,NA,NA,NA,NA,NA,NA,L4,52.7,NA,NA
RP_11.051_195.06507,RP,11.051,195.06507,WT_drawdown,-0.23358126676928426,0.10266343586513499,-0.4348016010649488,-0.03236093247361968,0.032112461649715006,0.36697764182586057,Exploratory (nominal P < 0.05 only),27,27,NA,NA,unnamed feature,NA,NA,NA,NA,NA,NA,NA,NA,NA,NA,76.9,NA,NA
RP_13.656_151.11165,RP,13.656,151.11165,WT_drawdown,-0.2332164814003755,0.09543214881857486,-0.4202634930847822,-0.0461694697159688,0.02226106037631366,0.34910780486334947,Exploratory (nominal P < 0.05 only),27,27,NA,NA,unnamed feature,NA,NA,NA,NA,NA,NA,NA,NA,NA,L4,30.8,NA,NA
RP_20.169_263.23677,RP,20.169,263.23677,WT_drawdown,-0.23053947941273512,0.09148018188057419,-0.4098406358986605,-0.051238322926809715,0.020426585916575934,0.34005146047338436,Exploratory (nominal P < 0.05 only),27,27,octadec-9-ynoic acid,9,name shared with other features,Organic compounds,Lipids and lipid-like molecules,Fatty Acyls,Fatty acids and conjugates,Long-chain fatty acids,,,,,L2,38.1,280.24038,NA
RP_10.004_194.0447,RP,10.004,194.0447,WT_drawdown,-0.22704565708873514,0.10758733152752087,-0.4379168268826761,-0.016174487294794232,0.045439829823225114,0.3921258539281373,Exploratory (nominal P < 0.05 only),27,27,NA,NA,unnamed feature,NA,NA,NA,NA,NA,NA,NA,NA,NA,L4,132.3,NA,NA
RP_11.852_177.0545,RP,11.852,177.0545,WT_drawdown,-0.2185434153381274,0.08742513732638597,-0.38989668449784387,-0.04719014617841091,0.01966389994018542,0.33989357385424357,Exploratory (nominal P < 0.05 only),27,27,NA,NA,unnamed feature,NA,NA,NA,NA,NA,NA,NA,NA,NA,NA,41.5,NA,NA
RP_18.342_479.3153,RP,18.342,479.3153,WT_drawdown,-0.21641216525241316,0.09777660985488565,-0.40805432056798907,-0.024770009936837284,0.038738673457855734,0.3808598866918036,Exploratory (nominal P < 0.05 only),27,27,NA,NA,unnamed feature,NA,NA,NA,NA,NA,NA,NA,NA,NA,NA,226.9,NA,NA
RP_9.044_390.24857,RP,9.044,390.24857,WT_drawdown,-0.2159343103841866,0.10160612091090013,-0.4150823073695509,-0.016786313398822333,0.04406031491769224,0.3904231120071049,Exploratory (nominal P < 0.05 only),27,27,NA,NA,unnamed feature,NA,NA,NA,NA,NA,NA,NA,NA,NA,NA,43.8,NA,NA
RP_13.09_907.2745,RP,13.09,907.2745,WT_drawdown,-0.2092632204388371,0.06369233347204344,-0.33410019404404223,-0.08442624683363198,0.0036125138135390798,0.2252910778704865,Exploratory (nominal P < 0.05 only),27,27,NA,NA,unnamed feature,NA,NA,NA,NA,NA,NA,NA,NA,NA,L4,619.3,NA,NA
RP_3.277_130.04974,RP,3.277,130.04974,WT_drawdown,-0.1991827343428496,0.0875201890634199,-0.37072230490715263,-0.027643163778546587,0.0340802391633339,0.3708392125908536,Exploratory (nominal P < 0.05 only),27,27,L-Pyroglutamic acid,2,name shared with other features,Organic compounds,Organic acids and derivatives,Carboxylic acids and derivatives,"Amino acids, peptides, and analogues",Amino acids and derivatives,Alpha amino acids and derivatives,,,,L1,199.6,129.04261,NA
RP_20.162_251.23677,RP,20.162,251.23677,WT_drawdown,-0.19620473268455152,0.0738522057089227,-0.34095505587404,-0.051454409495063025,0.01545908768662399,0.3233631855252037,Exploratory (nominal P < 0.05 only),27,27,NA,NA,unnamed feature,NA,NA,NA,NA,NA,NA,NA,NA,NA,L4,83.5,NA,NA
RP_18.097_253.17965,RP,18.097,253.17965,WT_drawdown,-0.18737755554944227,0.09006985603065586,-0.36391447336952776,-0.010840637729356783,0.04833901962311085,0.400111530675741,Exploratory (nominal P < 0.05 only),27,27,"6-(7-methyloctyl)-1H,3H,4H,6H-furo[3,4-c]furan-1-one",1,name unique to this feature,Organic compounds,Organoheterocyclic compounds,Furofurans,,Furofurans,,,,,L2,39.9,NA,NA
RP_18.258_429.19061,RP,18.258,429.19061,WT_drawdown,-0.18587713919384943,0.07014881015922719,-0.32336880710593474,-0.048385471281764125,0.01575596239142372,0.3233631855252037,Exploratory (nominal P < 0.05 only),27,27,Edulisin V,2,name shared with other features,Organic compounds,Phenylpropanoids and polyketides,Coumarins and derivatives,Furanocoumarins,Angular furanocoumarins,,,,,L3,20.8,NA,Multi-ring
RP_17.374_295.22663,RP,17.374,295.22663,WT_drawdown,-0.1794708561516737,0.07518358243648705,-0.3268306777271883,-0.0321110345761591,0.025211074915222016,0.35785245174915226,Exploratory (nominal P < 0.05 only),27,27,13(S)-HOTrE,10,name shared with other features,Organic compounds,Lipids and lipid-like molecules,Fatty Acyls,Lineolic acids and derivatives,Lineolic acids and derivatives,,,,,L2,39.4,294.21963,NA
RP_13.905_241.14328,RP,13.905,241.14328,WT_drawdown,-0.17614926409430426,0.07321442339335317,-0.3196495339452765,-0.032648994243332036,0.02419323306062028,0.35785245174915226,Exploratory (nominal P < 0.05 only),27,27,NA,NA,unnamed feature,NA,NA,NA,NA,NA,NA,NA,NA,NA,NA,78.8,NA,NA
RP_7.462_143.07018,RP,7.462,143.07018,WT_drawdown,-0.17403252778746872,0.07352089671935912,-0.3181334853574126,-0.02993157021752485,0.026334034322251777,0.35785245174915226,Exploratory (nominal P < 0.05 only),27,27,NA,NA,unnamed feature,NA,NA,NA,NA,NA,NA,NA,NA,NA,L4,52,NA,NA
RP_14.607_333.08691,RP,14.607,333.08691,WT_drawdown,-0.16739156051880202,0.07909568842842762,-0.3224191098385202,-0.012364011199083896,0.04488062290989595,0.39135293593416914,Exploratory (nominal P < 0.05 only),27,27,NA,NA,unnamed feature,NA,NA,NA,NA,NA,NA,NA,NA,NA,NA,135.1,NA,NA
RP_14.674_451.11745,RP,14.674,451.11745,WT_drawdown,-0.15098328168965902,0.06677691225102869,-0.2818660297016753,-0.02010053367764278,0.0331022473824258,0.36926339873281705,Exploratory (nominal P < 0.05 only),27,27,NA,NA,unnamed feature,NA,NA,NA,NA,NA,NA,NA,NA,NA,NA,166.7,NA,NA
RP_17.765_429.1906,RP,17.765,429.1906,WT_drawdown,-0.15057738318435893,0.06914322130424642,-0.2860980969406819,-0.015056669428035935,0.042200685012027346,0.38425797911550424,Exploratory (nominal P < 0.05 only),27,27,NA,NA,unnamed feature,NA,NA,NA,NA,NA,NA,NA,NA,NA,L4,23.4,NA,NA
RP_1.044_232.89642,RP,1.044,232.89642,WT_drawdown,0.16483384183385485,0.07042657803754843,0.02679774888025993,0.3028699347874498,0.030555331018686883,0.3619749586380606,Exploratory (nominal P < 0.05 only),27,27,NA,NA,unnamed feature,NA,NA,NA,NA,NA,NA,NA,NA,NA,NA,85.6,NA,NA
RP_20.585_782.66537,RP,20.585,782.66537,WT_drawdown,0.17756676859587545,0.07791876335546316,0.024845992419167656,0.33028754477258326,0.03186204582385976,0.3652755967663922,Exploratory (nominal P < 0.05 only),27,27,NA,NA,unnamed feature,NA,NA,NA,NA,NA,NA,NA,NA,NA,NA,522,NA,NA
RP_16.181_81.06981,RP,16.181,81.06981,WT_drawdown,0.17877347430276008,0.06853269445041564,0.04444939317994542,0.3130975554255747,0.015402345036867902,0.3233631855252037,Exploratory (nominal P < 0.05 only),27,27,NA,NA,unnamed feature,NA,NA,NA,NA,NA,NA,NA,NA,NA,L4,254.6,NA,NA
RP_1.043_582.86228,RP,1.043,582.86228,WT_drawdown,0.18543164469017898,0.08952464949006532,0.00996333168965094,0.36089995769070704,0.04924776367079433,0.4015365255913905,Exploratory (nominal P < 0.05 only),27,27,NA,NA,unnamed feature,NA,NA,NA,NA,NA,NA,NA,NA,NA,NA,NA,NA,NA
RP_1.042_436.85862,RP,1.042,436.85862,WT_drawdown,0.19262706159760024,0.07900904849670179,0.03776932654406473,0.34748479665113574,0.02254533248543572,0.35046780469706446,Exploratory (nominal P < 0.05 only),27,27,NA,NA,unnamed feature,NA,NA,NA,NA,NA,NA,NA,NA,NA,NA,75,NA,NA
RP_20.772_403.19018,RP,20.772,403.19018,WT_drawdown,0.2028068230980011,0.08686242747681812,0.03255646524343758,0.3730571809525646,0.028247129109979133,0.3594503396093115,Exploratory (nominal P < 0.05 only),27,27,NA,NA,unnamed feature,NA,NA,NA,NA,NA,NA,NA,NA,NA,NA,211.7,NA,NA
RP_1.043_718.83707,RP,1.043,718.83707,WT_drawdown,0.21360392202970677,0.09774060710332161,0.022032332107196406,0.4051755119522171,0.03885178822390711,0.3808598866918036,Exploratory (nominal P < 0.05 only),27,27,NA,NA,unnamed feature,NA,NA,NA,NA,NA,NA,NA,NA,NA,NA,141.5,NA,NA
RP_15.481_229.14332,RP,15.481,229.14332,WT_drawdown,0.22199919555553974,0.0826448450975905,0.06001529916426235,0.3839830919468171,0.012908823597301894,0.3117847972007533,Exploratory (nominal P < 0.05 only),27,27,NA,NA,unnamed feature,NA,NA,NA,NA,NA,NA,NA,NA,NA,L4,34.3,NA,NA
RP_1.043_650.84972,RP,1.043,650.84972,WT_drawdown,0.2227622832995313,0.0948330730962756,0.03688946003083113,0.40863510656823143,0.027391880799194596,0.35785245174915226,Exploratory (nominal P < 0.05 only),27,27,NA,NA,unnamed feature,NA,NA,NA,NA,NA,NA,NA,NA,NA,NA,131.2,NA,NA
RP_1.044_297.87825,RP,1.044,297.87825,WT_drawdown,0.24578767165881438,0.11214871321852886,0.02597619375049781,0.46559914956713094,0.041394247577357685,0.38232888763662726,Exploratory (nominal P < 0.05 only),27,27,NA,NA,unnamed feature,NA,NA,NA,NA,NA,NA,NA,NA,NA,NA,63.7,NA,NA
RP_1.385_445.04831,RP,1.385,445.04831,WT_drawdown,0.2701127761529721,0.11270285098416087,0.04921518822401677,0.4910103640819274,0.024688585883556522,0.35785245174915226,Exploratory (nominal P < 0.05 only),27,27,NA,NA,unnamed feature,NA,NA,NA,NA,NA,NA,NA,NA,NA,NA,96.8,NA,NA
RP_20.737_617.38371,RP,20.737,617.38371,WT_drawdown,0.2799562084760325,0.12780328542442726,0.02946176904415504,0.5304506479079099,0.038436534455956316,0.3808598866918036,Exploratory (nominal P < 0.05 only),27,27,NA,NA,unnamed feature,NA,NA,NA,NA,NA,NA,NA,NA,NA,NA,166.2,NA,NA
RP_10.651_177.05451,RP,10.651,177.05451,WT_drawdown,0.2895943858742936,0.1083653017335476,0.07719839447654031,0.5019903772720469,0.013322369096052543,0.3117847972007533,Exploratory (nominal P < 0.05 only),27,27,NA,NA,unnamed feature,NA,NA,NA,NA,NA,NA,NA,NA,NA,L4,72.6,NA,NA
RP_1.473_97.02829,RP,1.473,97.02829,WT_drawdown,0.29564364884433425,0.14160483132183982,0.018098179453528207,0.5731891182351403,0.047603591816744756,0.3992929477622153,Exploratory (nominal P < 0.05 only),27,27,Furfural,1,name unique to this feature,Organic compounds,Organic oxygen compounds,Organooxygen compounds,Carbonyl compounds,Aldehydes,Aryl-aldehydes,,,,L3,126.6,126.03171,NA
RP_1.379_97.02828,RP,1.379,97.02828,WT_drawdown,0.3072367166302644,0.1154741012410394,0.08090747819782718,0.5335659550627017,0.013683998110615127,0.3150893461204745,Exploratory (nominal P < 0.05 only),27,27,NA,NA,unnamed feature,NA,NA,NA,NA,NA,NA,NA,NA,NA,L4,88.2,NA,NA
RP_1.486_238.15612,RP,1.486,238.15612,WT_drawdown,0.3143245173198554,0.13211342932159365,0.05538219584953186,0.5732668387901789,0.025649593341832335,0.35785245174915226,Exploratory (nominal P < 0.05 only),27,27,NA,NA,unnamed feature,NA,NA,NA,NA,NA,NA,NA,NA,NA,NA,80.9,NA,NA
RP_17.99_446.25344,RP,17.99,446.25344,WT_drawdown,0.31594387513000255,0.1120750769486328,0.09627672431068227,0.5356110259493229,0.009499205814429708,0.2851523638098641,Exploratory (nominal P < 0.05 only),27,27,NA,NA,unnamed feature,NA,NA,NA,NA,NA,NA,NA,NA,NA,NA,47,NA,NA
RP_1.042_760.82062,RP,1.042,760.82062,WT_drawdown,0.3194877858900287,0.14875034043257568,0.027937118642180347,0.611038453137877,0.04670787241826091,0.3971715773844173,Exploratory (nominal P < 0.05 only),27,27,NA,NA,unnamed feature,NA,NA,NA,NA,NA,NA,NA,NA,NA,NA,NA,NA,NA
RP_1.301_647.78735,RP,1.301,647.78735,WT_drawdown,0.3220982449324698,0.14600483731328942,0.035928763798422525,0.608267726066517,0.040647875958375344,0.3808598866918036,Exploratory (nominal P < 0.05 only),27,27,NA,NA,unnamed feature,NA,NA,NA,NA,NA,NA,NA,NA,NA,NA,83.7,NA,NA
RP_1.847_236.14906,RP,1.847,236.14906,WT_drawdown,0.3253003947931128,0.15605689661970804,0.019428877418485035,0.6311719121677406,0.04792901419854013,0.3992929477622153,Exploratory (nominal P < 0.05 only),27,27,NA,NA,unnamed feature,NA,NA,NA,NA,NA,NA,NA,NA,NA,L4,101.1,NA,NA
RP_17.99_441.20745,RP,17.99,441.20745,WT_drawdown,0.32549868853788616,0.11304010555021927,0.1039400816594564,0.547057295416316,0.009813863259712065,0.2851523638098641,Exploratory (nominal P < 0.05 only),27,27,NA,NA,unnamed feature,NA,NA,NA,NA,NA,NA,NA,NA,NA,NA,52.9,NA,NA
RP_14.896_369.15185,RP,14.896,369.15185,WT_drawdown,0.3327900647643663,0.15432442907053148,0.030314183786124604,0.635265945742608,0.0432709437577947,0.38767707330407575,Exploratory (nominal P < 0.05 only),27,27,"Methyl (R)-9-hydroxy-10-undecene-5,7-diynoate glucoside",1,name unique to this feature,Organic compounds,Lipids and lipid-like molecules,Fatty Acyls,Fatty acyl glycosides,Fatty acyl glycosides of mono- and disaccharides,,,,,L3,43.9,NA,NA
RP_17.99_281.13814,RP,17.99,281.13814,WT_drawdown,0.33468056542506747,0.11244844929564653,0.11428160480560029,0.5550795260445347,0.006564720979127647,0.2623844898739268,Exploratory (nominal P < 0.05 only),27,27,"1alpha,10alpha-Epoxy-3alpha,13-dihydroxyeremophil-7(11)-en-12,8beta-olide",1,name unique to this feature,,,,,,,,,,L3,43.5,NA,NA
RP_14.002_245.1382,RP,14.002,245.1382,WT_drawdown,0.3397130757077912,0.1472562651162505,0.051090796079940215,0.6283353553356421,0.029997533377740603,0.3619749586380606,Exploratory (nominal P < 0.05 only),27,27,4-oxododecanedioic acid,2,name shared with other features,Organic compounds,Organic acids and derivatives,Keto acids and derivatives,Medium-chain keto acids and derivatives,Medium-chain keto acids and derivatives,,,,,L2,57.8,NA,NA
RP_17.99_415.21121,RP,17.99,415.21121,WT_drawdown,0.34154998565727496,0.11319516920868893,0.11968745400824465,0.5634125173063053,0.005954831860794438,0.2561302415617493,Exploratory (nominal P < 0.05 only),27,27,Bis(4-ethylbenzylidene)sorbitol,3,name shared with other features,Organic compounds,Organoheterocyclic compounds,Dioxanes,"1,3-dioxanes","1,3-dioxanes",,,,,L2,43.9,NA,NA
RP_17.1_332.203,RP,17.1,332.203,WT_drawdown,0.3469246804801005,0.1366793177875936,0.07903321761641707,0.614816143343784,0.01966990196250835,0.33989357385424357,Exploratory (nominal P < 0.05 only),27,27,NA,NA,unnamed feature,NA,NA,NA,NA,NA,NA,NA,NA,NA,NA,85.7,NA,NA
RP_17.99_119.08422,RP,17.99,119.08422,WT_drawdown,0.34706008830861446,0.11813413698720986,0.11551717981368315,0.5786029968035458,0.007189804715257524,0.26447125596668825,Exploratory (nominal P < 0.05 only),27,27,NA,NA,unnamed feature,NA,NA,NA,NA,NA,NA,NA,NA,NA,L4,47.7,NA,NA
RP_17.991_149.09597,RP,17.991,149.09597,WT_drawdown,0.3560269999750433,0.11873976836765689,0.12329705397443577,0.5887569459756508,0.0062296602899574996,0.2582971683559236,Exploratory (nominal P < 0.05 only),27,27,Cuminaldehyde,1,name unique to this feature,Organic compounds,Lipids and lipid-like molecules,Prenol lipids,Monoterpenoids,Aromatic monoterpenoids,,,,,L2,42.1,148.08887000000001,NA
RP_17.99_458.23411,RP,17.99,458.23411,WT_drawdown,0.35823398488686414,0.12631189163145706,0.11066267728920831,0.60580529248452,0.009128755359290662,0.28075022470249605,Exploratory (nominal P < 0.05 only),27,27,NA,NA,unnamed feature,NA,NA,NA,NA,NA,NA,NA,NA,NA,L4,54,NA,NA
RP_17.99_459.21793,RP,17.99,459.21793,WT_drawdown,0.363258177753768,0.1117732559313481,0.14418259612832574,0.5823337593792103,0.0034023323427167284,0.22162723863049041,Exploratory (nominal P < 0.05 only),27,27,NA,NA,unnamed feature,NA,NA,NA,NA,NA,NA,NA,NA,NA,NA,49.3,NA,NA
RP_1.159_665.79786,RP,1.159,665.79786,WT_drawdown,0.3722850823461549,0.15544612779054964,0.06761067187667763,0.6769594928156322,0.027063019483370844,0.35785245174915226,Exploratory (nominal P < 0.05 only),27,27,NA,NA,unnamed feature,NA,NA,NA,NA,NA,NA,NA,NA,NA,NA,89.7,NA,NA
RP_1.457_161.09194,RP,1.457,161.09194,WT_drawdown,0.37539080778319617,0.17786692969055157,0.026771625589715076,0.7240099899766772,0.04789533764631091,0.3992929477622153,Exploratory (nominal P < 0.05 only),27,27,DL-Alanyl-DL-alanine,1,name unique to this feature,Organic compounds,Organic acids and derivatives,Carboxylic acids and derivatives,"Amino acids, peptides, and analogues",Peptides,Dipeptides,,,,L3,151.4,NA,NA
RP_16.029_291.15901,RP,16.029,291.15901,WT_drawdown,0.3828175494508207,0.18060629333500042,0.02882921451421988,0.7368058843874215,0.04727021361002544,0.3983280803134349,Exploratory (nominal P < 0.05 only),27,27,NA,NA,unnamed feature,NA,NA,NA,NA,NA,NA,NA,NA,NA,NA,NA,NA,NA
RP_1.386_438.04566,RP,1.386,438.04566,WT_drawdown,0.383754204181526,0.12951786130698573,0.12989919601983396,0.637609212343218,0.006775730173918571,0.26272281342324266,Exploratory (nominal P < 0.05 only),27,27,NA,NA,unnamed feature,NA,NA,NA,NA,NA,NA,NA,NA,NA,NA,93.1,NA,NA
RP_1.468_163.05989,RP,1.468,163.05989,WT_drawdown,0.3888350254156174,0.17574463009966027,0.04437555042028324,0.7332945004109515,0.036695382914016014,0.37724509919752675,Exploratory (nominal P < 0.05 only),27,27,NA,NA,unnamed feature,NA,NA,NA,NA,NA,NA,NA,NA,NA,L4,99.1,NA,NA
RP_1.384_85.02832,RP,1.384,85.02832,WT_drawdown,0.39729072987430814,0.13726575395116758,0.12824985213001966,0.6663316076185966,0.009540914820403017,0.2851523638098641,Exploratory (nominal P < 0.05 only),27,27,NA,NA,unnamed feature,NA,NA,NA,NA,NA,NA,NA,NA,NA,L4,98.2,NA,NA
RP_17.99_135.07881,RP,17.99,135.07881,WT_drawdown,0.40278673158647244,0.14722370200001939,0.11422827566643445,0.6913451875065104,0.011516693427177772,0.29954985477645035,Exploratory (nominal P < 0.05 only),27,27,NA,NA,unnamed feature,NA,NA,NA,NA,NA,NA,NA,NA,NA,NA,57.6,NA,NA
RP_17.99_490.2601,RP,17.99,490.2601,WT_drawdown,0.4103084325671697,0.12628168281414565,0.16279633425144424,0.6578205308828952,0.003408985952454973,0.22162723863049041,Exploratory (nominal P < 0.05 only),27,27,NA,NA,unnamed feature,NA,NA,NA,NA,NA,NA,NA,NA,NA,NA,56.8,NA,NA
RP_1.173_527.85374,RP,1.173,527.85374,WT_drawdown,0.4131367547707881,0.16492415526526402,0.08988541045087062,0.7363880990907056,0.01943608685157964,0.33989357385424357,Exploratory (nominal P < 0.05 only),27,27,NA,NA,unnamed feature,NA,NA,NA,NA,NA,NA,NA,NA,NA,NA,87.7,NA,NA
RP_1.845_262.14548,RP,1.845,262.14548,WT_drawdown,0.41731005372636804,0.16747794551132303,0.08905328052417488,0.7455668269285611,0.020019043241999355,0.33989357385424357,Exploratory (nominal P < 0.05 only),27,27,NA,NA,unnamed feature,NA,NA,NA,NA,NA,NA,NA,NA,NA,NA,100.5,NA,NA
RP_1.156_467.88687,RP,1.156,467.88687,WT_drawdown,0.4177131949978425,0.18298936584925263,0.059054037933307324,0.7763723520623776,0.03160045276197559,0.3652755967663922,Exploratory (nominal P < 0.05 only),27,27,NA,NA,unnamed feature,NA,NA,NA,NA,NA,NA,NA,NA,NA,L4,85.8,NA,NA
RP_19.154_420.21673,RP,19.154,420.21673,WT_drawdown,0.41786874155928355,0.19392427576394589,0.037777161061949616,0.7979603220566175,0.04142640692558082,0.38232888763662726,Exploratory (nominal P < 0.05 only),27,27,NA,NA,unnamed feature,NA,NA,NA,NA,NA,NA,NA,NA,NA,NA,192.6,NA,NA
RP_1.137_683.80839,RP,1.137,683.80839,WT_drawdown,0.419449746519512,0.19078098173999394,0.04551902230912386,0.7933804707299001,0.037788751998321914,0.3805279633864707,Exploratory (nominal P < 0.05 only),27,27,NA,NA,unnamed feature,NA,NA,NA,NA,NA,NA,NA,NA,NA,NA,103.7,NA,NA
RP_1.15_803.74184,RP,1.15,803.74184,WT_drawdown,0.4251907799309736,0.17634242269419953,0.0795596314503425,0.7708219284116047,0.026155069805525386,0.35785245174915226,Exploratory (nominal P < 0.05 only),27,27,NA,NA,unnamed feature,NA,NA,NA,NA,NA,NA,NA,NA,NA,NA,97.9,NA,NA
RP_1.149_605.83114,RP,1.149,605.83114,WT_drawdown,0.4270057258971023,0.16698814295345113,0.0997089657083381,0.7543024860858665,0.017298228695454602,0.3321259909527284,Exploratory (nominal P < 0.05 only),27,27,NA,NA,unnamed feature,NA,NA,NA,NA,NA,NA,NA,NA,NA,NA,90.8,NA,NA
RP_1.845_261.14907,RP,1.845,261.14907,WT_drawdown,0.4296959240685479,0.17843050071006317,0.07997214267682412,0.7794197054602716,0.024073623087365558,0.3573471912621662,Exploratory (nominal P < 0.05 only),27,27,NA,NA,unnamed feature,NA,NA,NA,NA,NA,NA,NA,NA,NA,NA,99.6,NA,NA
RP_1.143_409.91706,RP,1.143,409.91706,WT_drawdown,0.4324126046453299,0.20896763781961047,0.022836034518893378,0.8419891747717664,0.049451403720014275,0.4015365255913905,Exploratory (nominal P < 0.05 only),27,27,NA,NA,unnamed feature,NA,NA,NA,NA,NA,NA,NA,NA,NA,NA,NA,NA,NA
RP_17.991_295.11743,RP,17.991,295.11743,WT_drawdown,0.4349943927333883,0.18062257309438612,0.08097414946839154,0.7890146359983851,0.026041419405751894,0.35785245174915226,Exploratory (nominal P < 0.05 only),27,27,NA,NA,unnamed feature,NA,NA,NA,NA,NA,NA,NA,NA,NA,L4,47.1,NA,NA
RP_1.385_325.11268,RP,1.385,325.11268,WT_drawdown,0.43697176821487077,0.15943508924975555,0.12447899328534989,0.7494645431443916,0.011388223556406018,0.29954985477645035,Exploratory (nominal P < 0.05 only),27,27,"Bis-D-fructose 2',1:2,1'-dianhydride",4,name shared with other features,Organic compounds,Organic oxygen compounds,Organooxygen compounds,Carbohydrates and carbohydrate conjugates,Disaccharides,,,,,L3,115.7,324.1057,NA
RP_1.185_249.00137,RP,1.185,249.00137,WT_drawdown,0.43790298710090686,0.17953409335895534,0.08601616411735441,0.7897898100844594,0.025189840544360582,0.35785245174915226,Exploratory (nominal P < 0.05 only),27,27,NA,NA,unnamed feature,NA,NA,NA,NA,NA,NA,NA,NA,NA,L4,158.7,NA,NA
RP_1.132_623.84171,RP,1.132,623.84171,WT_drawdown,0.44027882234093907,0.17270648035675953,0.10177412084169041,0.7787835238401877,0.017604255680032974,0.3331171862910611,Exploratory (nominal P < 0.05 only),27,27,NA,NA,unnamed feature,NA,NA,NA,NA,NA,NA,NA,NA,NA,NA,93.3,NA,NA
RP_1.04_304.94102,RP,1.04,304.94102,WT_drawdown,0.44342407909684367,0.20616791531351278,0.03933496508235862,0.8475131931113287,0.04177504506054234,0.383136841840974,Exploratory (nominal P < 0.05 only),27,27,NA,NA,unnamed feature,NA,NA,NA,NA,NA,NA,NA,NA,NA,NA,79.3,NA,NA
RP_1.141_545.86436,RP,1.141,545.86436,WT_drawdown,0.45029227219420065,0.17997174918320444,0.09754764379511993,0.8030369005932814,0.019566137562529808,0.33989357385424357,Exploratory (nominal P < 0.05 only),27,27,NA,NA,unnamed feature,NA,NA,NA,NA,NA,NA,NA,NA,NA,L4,89.8,NA,NA
RP_1.134_485.89754,RP,1.134,485.89754,WT_drawdown,0.452043626815513,0.19577741950512131,0.06831988458547528,0.8357673690455507,0.029867617159667167,0.3619749586380606,Exploratory (nominal P < 0.05 only),27,27,NA,NA,unnamed feature,NA,NA,NA,NA,NA,NA,NA,NA,NA,L4,86.8,NA,NA
RP_1.155_469.88348,RP,1.155,469.88348,WT_drawdown,0.45422932107169867,0.20131082926420404,0.059660095713858774,0.8487985464295386,0.03343241897168312,0.36926339873281705,Exploratory (nominal P < 0.05 only),27,27,NA,NA,unnamed feature,NA,NA,NA,NA,NA,NA,NA,NA,NA,NA,84.7,NA,NA
RP_1.475_522.20255,RP,1.475,522.20255,WT_drawdown,0.4580039468771805,0.18118185636098294,0.10288750840965394,0.8131203853447071,0.018469395331243733,0.33989357385424357,Exploratory (nominal P < 0.05 only),27,27,Maltotriose,2,name shared with other features,NA,NA,NA,NA,NA,NA,NA,NA,NA,L1,154.9,504.16912,NA
RP_1.184_84.04432,RP,1.184,84.04432,WT_drawdown,0.47012905549964296,0.1827266273201185,0.11198486595221074,0.8282732450470751,0.019193276820594053,0.33989357385424357,Exploratory (nominal P < 0.05 only),27,27,NA,NA,unnamed feature,NA,NA,NA,NA,NA,NA,NA,NA,NA,L4,111.1,NA,NA
RP_1.138_349.95044,RP,1.138,349.95044,WT_drawdown,0.47040331762623033,0.22572663182386865,0.027979119251447804,0.9128275160010129,0.04798303342239198,0.3992929477622153,Exploratory (nominal P < 0.05 only),27,27,NA,NA,unnamed feature,NA,NA,NA,NA,NA,NA,NA,NA,NA,NA,NA,NA,NA
RP_19.14_353.10187,RP,19.14,353.10187,WT_drawdown,0.47871212907150734,0.2085983256749921,0.06985941074852287,0.8875648473944918,0.03340532781942245,0.36926339873281705,Exploratory (nominal P < 0.05 only),27,27,NA,NA,unnamed feature,NA,NA,NA,NA,NA,NA,NA,NA,NA,L4,144,NA,NA
RP_1.141_743.77511,RP,1.141,743.77511,WT_drawdown,0.4835488355349567,0.2047932224692938,0.08215411949514084,0.8849435515747726,0.026677716177819142,0.35785245174915226,Exploratory (nominal P < 0.05 only),27,27,NA,NA,unnamed feature,NA,NA,NA,NA,NA,NA,NA,NA,NA,NA,112.1,NA,NA
RP_1.386_360.14977,RP,1.386,360.14977,WT_drawdown,0.5207434693315991,0.17165247299254657,0.1843046222662078,0.8571823163969904,0.005727316911430173,0.25141452698380656,Exploratory (nominal P < 0.05 only),27,27,D-(+)-Trehalose,1,name unique to this feature,Organic compounds,Organic oxygen compounds,Organooxygen compounds,Carbohydrates and carbohydrate conjugates,Glycosyl compounds,O-glycosyl compounds,,,,L1,119.6,NA,NA
RP_1.249_587.82061,RP,1.249,587.82061,WT_drawdown,0.5226751404498725,0.17086118007015552,0.1877872275123677,0.8575630533873773,0.005390948567802367,0.24516822975823674,Exploratory (nominal P < 0.05 only),27,27,NA,NA,unnamed feature,NA,NA,NA,NA,NA,NA,NA,NA,NA,NA,75.9,NA,NA
RP_1.157_470.88285,RP,1.157,470.88285,WT_drawdown,0.5262341915366266,0.21108462866334088,0.11250831935647854,0.9399600637167748,0.019962613599417763,0.33989357385424357,Exploratory (nominal P < 0.05 only),27,27,NA,NA,unnamed feature,NA,NA,NA,NA,NA,NA,NA,NA,NA,NA,83.3,NA,NA
RP_1.133_881.71923,RP,1.133,881.71923,WT_drawdown,0.5358576521257971,0.2331376580912916,0.07890784226686554,0.9928074619847286,0.030550547330398976,0.3619749586380606,Exploratory (nominal P < 0.05 only),27,27,NA,NA,unnamed feature,NA,NA,NA,NA,NA,NA,NA,NA,NA,NA,122.2,NA,NA
RP_14.077_192.10517,RP,14.077,192.10517,WT_drawdown,0.5359279473796327,0.20701262461818018,0.13018320312799952,0.9416726916312659,0.01747459954642219,0.3324057158163865,Exploratory (nominal P < 0.05 only),27,27,Trihomomethionine,1,name unique to this feature,Organic compounds,Organic acids and derivatives,Carboxylic acids and derivatives,"Amino acids, peptides, and analogues",Amino acids and derivatives,Alpha amino acids and derivatives,Alpha amino acids,,,L3,90.1,191.09807,NA
RP_13.204_161.05961,RP,13.204,161.05961,WT_drawdown,0.5433917069840042,0.2210812828221708,0.11007239265254942,0.976711021315459,0.021579161703013668,0.3452665872482187,Exploratory (nominal P < 0.05 only),27,27,3-Methoxycinnamic acid,2,name shared with other features,Organic compounds,Phenylpropanoids and polyketides,Cinnamic acids and derivatives,Hydroxycinnamic acids and derivatives,Coumaric acids and derivatives,,,,,L2,202.6,194.05794000000003,Single-ring
RP_1.421_132.10177,RP,1.421,132.10177,WT_drawdown,0.5466130327647613,0.24334071132221635,0.06966523857321721,1.0235608269563052,0.03415748023335857,0.37089390798843475,Exploratory (nominal P < 0.05 only),27,27,NA,NA,unnamed feature,NA,NA,NA,NA,NA,NA,NA,NA,NA,L4,181.6,NA,NA
RP_1.134_487.89406,RP,1.134,487.89406,WT_drawdown,0.549438353427445,0.2253657166115093,0.10772154886888674,0.9911551579860032,0.022547939287432792,0.35046780469706446,Exploratory (nominal P < 0.05 only),27,27,NA,NA,unnamed feature,NA,NA,NA,NA,NA,NA,NA,NA,NA,NA,86.5,NA,NA
RP_16_199.18035,RP,16,199.18035,WT_drawdown,0.5569198909811475,0.25210822005081207,0.0627877796815558,1.051052002280739,0.03906768970346535,0.3808598866918036,Exploratory (nominal P < 0.05 only),27,27,Cycluron,1,name unique to this feature,Organic compounds,Organic acids and derivatives,Organic carbonic acids and derivatives,Ureas,Ureas,,,,,L3,136.5,198.17331,NA
RP_11.475_145.13344,RP,11.475,145.13344,WT_drawdown,0.5582637178875383,0.20884019247912702,0.1489369406284493,0.9675904951466272,0.014600078169142976,0.32182833251810444,Exploratory (nominal P < 0.05 only),27,27,n-(5-Aminopentyl)acetamide,1,name unique to this feature,Organic compounds,Organic acids and derivatives,Carboxylic acids and derivatives,Carboxylic acid derivatives,Carboxylic acid amides,Acetamides,,,,L3,92.2,NA,NA
RP_1.184_147.07629,RP,1.184,147.07629,WT_drawdown,0.5617440392169626,0.23565874662419045,0.09985289583354934,1.0236351826003758,0.028297069221014836,0.3594503396093115,Exploratory (nominal P < 0.05 only),27,27,L-Glutamine,1,name unique to this feature,Organic compounds,Organic acids and derivatives,Carboxylic acids and derivatives,"Amino acids, peptides, and analogues",Amino acids and derivatives,Alpha amino acids and derivatives,Alpha amino acids,L-alpha-amino acids,,L1,162.6,146.06916999999999,NA
RP_15.69_287.05489,RP,15.69,287.05489,WT_drawdown,0.569536260046676,0.2660799585241177,0.048019541339405336,1.0910529787539467,0.04268387755875665,0.38595844215101077,Exploratory (nominal P < 0.05 only),27,27,NA,NA,unnamed feature,NA,NA,NA,NA,NA,NA,NA,NA,NA,L4,744.2,NA,NA
RP_1.461_175.05996,RP,1.461,175.05996,WT_drawdown,0.5752892782236566,0.26658039713090914,0.05279169984707466,1.0977868566002384,0.04114774458068222,0.381470787303942,Exploratory (nominal P < 0.05 only),27,27,(2S)-2-Isopropyl-3-oxosuccinate,2,name shared with other features,Organic compounds,Organic acids and derivatives,Keto acids and derivatives,Short-chain keto acids and derivatives,Short-chain keto acids and derivatives,,,,,L3,173.9,174.05285,NA
RP_1.445_161.09194,RP,1.445,161.09194,WT_drawdown,0.5855706621608102,0.16750429065587955,0.25726225247528633,0.9138790718463341,0.0022672574885263543,0.19247329687721249,Exploratory (nominal P < 0.05 only),27,27,NA,NA,unnamed feature,NA,NA,NA,NA,NA,NA,NA,NA,NA,L4,155.4,NA,NA
RP_1.154_552.7844,RP,1.154,552.7844,WT_drawdown,0.5861237051093302,0.18585592008242444,0.2218461017477783,0.9504013084708821,0.004295841970024213,0.23604531454731714,Exploratory (nominal P < 0.05 only),27,27,NA,NA,unnamed feature,NA,NA,NA,NA,NA,NA,NA,NA,NA,NA,83,NA,NA
RP_1.452_269.08652,RP,1.452,269.08652,WT_drawdown,0.6420242251066235,0.3085716601295331,0.03722377125273868,1.2468246789605084,0.048311752466285066,0.400111530675741,Exploratory (nominal P < 0.05 only),27,27,2(alpha-D-Mannosyl)-D-glycerate,1,name unique to this feature,Organic compounds,Lipids and lipid-like molecules,Fatty Acyls,Fatty acyl glycosides,Fatty acyl glycosides of mono- and disaccharides,,,,,L4,NA,NA,NA
RP_14.635_173.16474,RP,14.635,173.16474,WT_drawdown,0.7242646170085196,0.2853937160979371,0.16489293345656286,1.2836363005604765,0.019541625385693297,0.33989357385424357,Exploratory (nominal P < 0.05 only),27,27,"N,N'-diisobutylurea",1,name unique to this feature,Organic compounds,Organic acids and derivatives,Organic carbonic acids and derivatives,Ureas,Ureas,,,,,L3,117.7,NA,NA
RP_17.991_846.44187,RP,17.991,846.44187,WT_drawdown,0.7278657243638298,0.20964379253455667,0.31696389099609873,1.1387675577315608,0.002510179601188486,0.19533761260157673,Exploratory (nominal P < 0.05 only),27,27,NA,NA,unnamed feature,NA,NA,NA,NA,NA,NA,NA,NA,NA,NA,99.8,NA,NA
RP_8.864_206.0269,RP,8.864,206.0269,WT_drawdown,0.7318759100444833,0.31594183817907723,0.11262990721349186,1.3511219128754748,0.029387280788619356,0.3619749586380606,Exploratory (nominal P < 0.05 only),27,27,Aeruginaldehyde,1,name unique to this feature,Organic compounds,Organoheterocyclic compounds,Azoles,Thiazoles,"2,4-disubstituted thiazoles",,,,,L3,170.3,NA,NA
RP_17.992_483.24877,RP,17.992,483.24877,WT_drawdown,0.7408059742164173,0.3459369437681499,0.06276956443084347,1.418842384001991,0.042597029496099136,0.3858524576577869,Exploratory (nominal P < 0.05 only),27,27,NA,NA,unnamed feature,NA,NA,NA,NA,NA,NA,NA,NA,NA,L4,217.1,NA,NA
RP_1.35_360.11347,RP,1.35,360.11347,WT_drawdown,0.7539379340932487,0.36424775918569635,0.040012326089283845,1.4678635420972137,0.04939372022483973,0.4015365255913905,Exploratory (nominal P < 0.05 only),27,27,NA,NA,unnamed feature,NA,NA,NA,NA,NA,NA,NA,NA,NA,NA,403.2,NA,NA
RP_1.219_214.09191,RP,1.219,214.09191,WT_drawdown,0.7767213198107239,0.34573181972052297,0.09908695315849891,1.4543556864629488,0.03413467509076871,0.37089390798843475,Exploratory (nominal P < 0.05 only),27,27,NA,NA,unnamed feature,NA,NA,NA,NA,NA,NA,NA,NA,NA,L4,250.2,NA,NA
RP_3.388_147.05115,RP,3.388,147.05115,WT_drawdown,0.9076277129085416,0.41217426930935486,0.09976614506220605,1.7154892807548772,0.03751437527185631,0.37958761138607316,Exploratory (nominal P < 0.05 only),27,27,NA,NA,unnamed feature,NA,NA,NA,NA,NA,NA,NA,NA,NA,L4,231.3,NA,NA
RP_1.299_440.10662,RP,1.299,440.10662,WT_drawdown,0.9145537232812689,0.2849452133653675,0.35606110508514865,1.473046341477389,0.003752625512423526,0.2252910778704865,Exploratory (nominal P < 0.05 only),27,27,NA,NA,unnamed feature,NA,NA,NA,NA,NA,NA,NA,NA,NA,NA,150.6,NA,NA
RP_1.761_236.95383,RP,1.761,236.95383,WT_drawdown,0.9218907158271543,0.4098812965985683,0.11852337449396044,1.7252580571603482,0.03394881830488336,0.37019348368127586,Exploratory (nominal P < 0.05 only),27,27,NA,NA,unnamed feature,NA,NA,NA,NA,NA,NA,NA,NA,NA,NA,198.6,NA,NA
RP_1.422_246.06062,RP,1.422,246.06062,WT_drawdown,0.9246836396205547,0.39567506539311337,0.1491605114500525,1.7002067677910568,0.028114619553269573,0.3587558370502424,Exploratory (nominal P < 0.05 only),27,27,Oxazinomycin,1,name unique to this feature,Organic compounds,Organic oxygen compounds,Organooxygen compounds,Carbohydrates and carbohydrate conjugates,Glycosyl compounds,C-glycosyl compounds,,,,L3,214.9,NA,NA
RP_3.392_130.0246,RP,3.392,130.0246,WT_drawdown,0.9558219630556504,0.4278168684000962,0.11730090099146184,1.794343025119839,0.03504761633975552,0.37427185832659854,Exploratory (nominal P < 0.05 only),27,27,Cyanuric acid,1,name unique to this feature,Organic compounds,Organoheterocyclic compounds,Triazines,"1,3,5-triazines","1,3,5-triazines",,,,,L3,231,129.01743,NA
RP_14.986_440.24888,RP,14.986,440.24888,WT_drawdown,0.9871983173765061,0.4480982343781082,0.10892577799541403,1.8654708567575982,0.03743245158977091,0.37919737941827103,Exploratory (nominal P < 0.05 only),27,27,11-trans-LTE4,1,name unique to this feature,Organic compounds,Lipids and lipid-like molecules,Fatty Acyls,Eicosanoids,Leukotrienes,,,,,L3,328.5,NA,NA
RP_1.385_702.26587,RP,1.385,702.26587,WT_drawdown,1.0704451382127822,0.3572491707410939,0.37023676356023816,1.7706535128653262,0.006259712316908473,0.2582971683559236,Exploratory (nominal P < 0.05 only),27,27,Citbismine C,1,name unique to this feature,Organic compounds,Organoheterocyclic compounds,Quinolines and derivatives,Benzoquinolines,Acridines,Acridones,,,,L3,166.6,NA,NA
RP_10.233_344.17023,RP,10.233,344.17023,WT_drawdown,1.1093860256889043,0.5205897986271746,0.08903002037964214,2.1297420309981665,0.04353183922414162,0.3885306529630598,Exploratory (nominal P < 0.05 only),27,27,Raspberry ketone glucoside,1,name unique to this feature,Organic compounds,Organic oxygen compounds,Organooxygen compounds,Carbohydrates and carbohydrate conjugates,Glycosyl compounds,Phenolic glycosides,,,,L1,286.7,NA,NA
RP_6.921_430.15536,RP,6.921,430.15536,WT_drawdown,1.4964590055802092,0.3778577956983312,0.7558577260114799,2.2370602851489383,7.685179800818456e-4,0.13809684481411327,Exploratory (nominal P < 0.05 only),27,27,NA,NA,unnamed feature,NA,NA,NA,NA,NA,NA,NA,NA,NA,L4,447.4,NA,NA
RP_8.233_353.08417,RP,8.233,353.08417,WT_drawdown,1.5324118275759508,0.7381633365174647,0.08561168800172014,2.9792119671501816,0.04877601775622041,0.4010218579548411,Exploratory (nominal P < 0.05 only),27,27,NA,NA,unnamed feature,NA,NA,NA,NA,NA,NA,NA,NA,NA,NA,258.7,NA,NA
RP_2.752_430.15525,RP,2.752,430.15525,WT_drawdown,1.7700126675869887,0.48857252131382867,0.8124105258118846,2.727614809362093,0.0017132035472417328,0.17598026837267078,Exploratory (nominal P < 0.05 only),27,27,NA,NA,unnamed feature,NA,NA,NA,NA,NA,NA,NA,NA,NA,L4,296,NA,NA
RP_16.396_331.09971,RP,16.396,331.09971,WT_drawdown,3.3278483883902874,0.4564782441981519,2.43315102976191,4.222545747018665,1.5689404525512212e-7,0.0016116156328606144,Confirmatory (FDR < 0.05),27,27,"4,4'-Sulfonylbis[2-(prop-2-en-1-yl)phenol]",1,name unique to this feature,Organic compounds,Benzenoids,Benzene and substituted derivatives,Benzenesulfonyl compounds,Benzenesulfonyl compounds,,,,,L2,375.7,NA,Single-ring
