feature,Acquisition_mode,RT_min,precursor_mz,metadata,coef,stderr,CI_lower,CI_upper,pval,qval,evidence,N,N.not.zero,Final_name,Name_n_features,Name_status,Kingdom,Superclass,Class,Subclass,Parent.Level.1,Parent.Level.2,Parent.Level.3,Parent.Level.4,Parent.Level.5,Annotation_Confidence,Area_CV_percent,MW,Ring_class
RP_1.092_356.15498,RP,1.092,356.15498,Temp_avg_top,-1.859048218856469,0.5170023393264995,-2.872372803936408,-0.8457236337765299,0.008888036007026728,0.27671437054958253,Exploratory (nominal P < 0.05 only),27,27,NA,NA,unnamed feature,NA,NA,NA,NA,NA,NA,NA,NA,NA,L4,1056.9,NA,NA
RP_5.483_257.113,RP,5.483,257.113,Temp_avg_top,-1.5841739179024328,0.6161865600776725,-2.7918995756546705,-0.37644826015019484,0.026370138040689557,0.35785245174915226,Exploratory (nominal P < 0.05 only),27,27,"1-(beta-D-Ribofuranosyl)-1,4-dihydronicotinamide",3,name shared with other features,Organic compounds,Organic oxygen compounds,Organooxygen compounds,Carbohydrates and carbohydrate conjugates,Glycosyl compounds,Glycosylamines,,,,L3,544.1,256.10597,NA
RP_7.709_194.0811,RP,7.709,194.0811,Temp_avg_top,-1.5588093409284658,0.5842432851754584,-2.703926179872364,-0.4136925019845672,0.024479779510575776,0.35785245174915226,Exploratory (nominal P < 0.05 only),27,27,NA,NA,unnamed feature,NA,NA,NA,NA,NA,NA,NA,NA,NA,L4,542.7,NA,NA
RP_3.622_684.25549,RP,3.622,684.25549,Temp_avg_top,-1.4569865526422543,0.473692311320085,-2.385423482829621,-0.5285496224548877,0.01111205179364976,0.29647531434901386,Exploratory (nominal P < 0.05 only),27,27,NA,NA,unnamed feature,NA,NA,NA,NA,NA,NA,NA,NA,NA,L4,321.1,NA,NA
RP_20.582_377.23544,RP,20.582,377.23544,Temp_avg_top,-1.3162417799580255,0.37997117908910366,-2.0609852909726687,-0.5714982689433823,0.002013475270560536,0.18489349315368306,Exploratory (nominal P < 0.05 only),27,27,20-hydroxy-E4-neuroprostane,1,name unique to this feature,Organic compounds,Lipids and lipid-like molecules,Fatty Acyls,Fatty acids and conjugates,Long-chain fatty acids,,,,,L3,205.5,NA,NA
RP_9.44_205.04937,RP,9.44,205.04937,Temp_avg_top,-1.2761916874909847,0.4337345030034193,-2.1263113133776868,-0.4260720616042828,0.007114055887519247,0.26447125596668825,Exploratory (nominal P < 0.05 only),27,27,"3,5-Dihydroxy-2-naphthoic acid",1,name unique to this feature,Organic compounds,Benzenoids,Naphthalenes,Naphthalenecarboxylic acids and derivatives,Naphthalenecarboxylic acids,,,,,L2,224.6,NA,Multi-ring
RP_1.422_246.06062,RP,1.422,246.06062,Temp_avg_top,-1.2351753604445506,0.39567506539311353,-2.010698488615053,-0.45965223227404806,0.004639405467608322,0.24190849219935373,Exploratory (nominal P < 0.05 only),27,27,Oxazinomycin,1,name unique to this feature,Organic compounds,Organic oxygen compounds,Organooxygen compounds,Carbohydrates and carbohydrate conjugates,Glycosyl compounds,C-glycosyl compounds,,,,L3,214.9,NA,NA
RP_5.713_257.11303,RP,5.713,257.11303,Temp_avg_top,-1.212784710135481,0.4849436248736118,-2.16327421488776,-0.26229520538320183,0.019615808254475377,0.33989357385424357,Exploratory (nominal P < 0.05 only),27,27,"1-(beta-D-Ribofuranosyl)-1,4-dihydronicotinamide",3,name shared with other features,Organic compounds,Organic oxygen compounds,Organooxygen compounds,Carbohydrates and carbohydrate conjugates,Glycosyl compounds,Glycosylamines,,,,L3,444.6,256.10597,NA
RP_5.589_846.30797,RP,5.589,846.30797,Temp_avg_top,-1.195506869200652,0.507636112625148,-2.1904736499459423,-0.2005400884553621,0.03893391168750013,0.3808598866918036,Exploratory (nominal P < 0.05 only),27,27,"(4S,6S)-6-formyl-4-[[(2R)-5-hydroxy-2-[[(2S)-2-[[(2S)-5-hydroxy-2-[[(2S)-4-hydroxy-2-[(4-hydroxy-4-oxobutanoyl)amino]-4-oxobutanoyl]amino]-5-oxopentanoyl]amino]-3-(2-methylphenyl)propanoyl]amino]-5-oxopentanoyl]amino]-5-oxonon-8-ynoic acid",2,name shared with other features,NA,NA,NA,NA,NA,NA,NA,NA,NA,L3,355.6,NA,NA
RP_11.846_366.17698,RP,11.846,366.17698,Temp_avg_top,-1.1437508177899398,0.4932916607899278,-2.110602472938198,-0.17689916264168137,0.029253169362338956,0.3619749586380606,Exploratory (nominal P < 0.05 only),27,27,NA,NA,unnamed feature,NA,NA,NA,NA,NA,NA,NA,NA,NA,NA,232.9,NA,NA
RP_8.864_206.0269,RP,8.864,206.0269,Temp_avg_top,-1.1162531469373718,0.3159418381790773,-1.7354991497683634,-0.49700714410638025,0.0016974049334469588,0.17598026837267078,Exploratory (nominal P < 0.05 only),27,27,Aeruginaldehyde,1,name unique to this feature,Organic compounds,Organoheterocyclic compounds,Azoles,Thiazoles,"2,4-disubstituted thiazoles",,,,,L3,170.3,NA,NA
RP_18.614_348.2743,RP,18.614,348.2743,Temp_avg_top,-1.0713761895926341,0.41666441107973673,-1.8880384353089181,-0.25471394387635016,0.0302427597574779,0.3619749586380606,Exploratory (nominal P < 0.05 only),27,27,NA,NA,unnamed feature,NA,NA,NA,NA,NA,NA,NA,NA,NA,L4,330.1,NA,NA
RP_9.67_193.04945,RP,9.67,193.04945,Temp_avg_top,-1.0686472198273673,0.4460776756464347,-1.9429594640943793,-0.1943349755603554,0.02474418532834957,0.35785245174915226,Exploratory (nominal P < 0.05 only),27,27,NA,NA,unnamed feature,NA,NA,NA,NA,NA,NA,NA,NA,NA,L4,373.1,NA,NA
RP_18.2_346.25865,RP,18.2,346.25865,Temp_avg_top,-1.067047673857891,0.44065839442176047,-1.9307381269245414,-0.2033572207912404,0.023381675477146847,0.3564147602860695,Exploratory (nominal P < 0.05 only),27,27,NA,NA,unnamed feature,NA,NA,NA,NA,NA,NA,NA,NA,NA,L4,460.7,NA,NA
RP_18.701_333.2634,RP,18.701,333.2634,Temp_avg_top,-1.0457703331228387,0.2657217547468521,-1.5665849724266687,-0.5249556938190086,6.199543910082294e-4,0.1323544602923567,Exploratory (nominal P < 0.05 only),27,27,"9,10,13-Trihydroxystearic acid",2,name shared with other features,Organic compounds,Lipids and lipid-like molecules,Fatty Acyls,Fatty acids and conjugates,Long-chain fatty acids,,,,,L3,263.5,NA,NA
RP_1.468_286.09191,RP,1.468,286.09191,Temp_avg_top,-1.0267799065222443,0.4898579176302336,-1.9869014250775021,-0.06665838796698642,0.04679895453993561,0.397382716301534,Exploratory (nominal P < 0.05 only),27,27,Buchananine,1,name unique to this feature,Organic compounds,Organoheterocyclic compounds,Pyridines and derivatives,Pyridinecarboxylic acids and derivatives,Pyridinecarboxylic acids,,,,,L3,246.5,285.08489,NA
RP_8.423_369.11543,RP,8.423,369.11543,Temp_avg_top,-1.0194961097400936,0.4789954413415516,-1.9583271747695348,-0.0806650447106525,0.04376889175230952,0.3898587743340871,Exploratory (nominal P < 0.05 only),27,27,NA,NA,unnamed feature,NA,NA,NA,NA,NA,NA,NA,NA,NA,NA,297.8,NA,NA
RP_6.893_273.15558,RP,6.893,273.15558,Temp_avg_top,-1.003384958876802,0.45767746490645955,-1.9004327900934626,-0.10633712766014136,0.03828983880762465,0.3808598866918036,Exploratory (nominal P < 0.05 only),27,27,NA,NA,unnamed feature,NA,NA,NA,NA,NA,NA,NA,NA,NA,L4,NA,NA,NA
RP_1.28_197.06541,RP,1.28,197.06541000000001,Temp_avg_top,-0.9476581287323544,0.36494586587526295,-1.6629520258478698,-0.23236423161683906,0.015821668302406583,0.3233631855252037,Exploratory (nominal P < 0.05 only),27,27,NA,NA,unnamed feature,NA,NA,NA,NA,NA,NA,NA,NA,NA,L4,216.1,NA,NA
RP_18.71_311.25791,RP,18.71,311.25791,Temp_avg_top,-0.9460752861217749,0.28588513688739853,-1.5064101544210762,-0.3857404178224738,0.002944401422673738,0.212992193054258,Exploratory (nominal P < 0.05 only),27,27,NA,NA,unnamed feature,NA,NA,NA,NA,NA,NA,NA,NA,NA,L4,403.4,NA,NA
RP_1.194_98.98406,RP,1.194,98.98406,Temp_avg_top,-0.9443957262219062,0.23128297632486372,-1.3977103598186391,-0.49108109262517324,4.2681194804349313e-4,0.12178367584174336,Exploratory (nominal P < 0.05 only),27,27,Phosphoric Acid,1,name unique to this feature,Inorganic compounds,Homogeneous non-metal compounds,Non-metal oxoanionic compounds,Non-metal phosphates,Non-metal phosphates,,,,,L3,252.2,97.97689,NA
RP_5.574_404.1548,RP,5.574,404.1548,Temp_avg_top,-0.9402670039109128,0.4332996293353979,-1.7895342774082925,-0.09099973041353293,0.040128412691759506,0.3808598866918036,Exploratory (nominal P < 0.05 only),27,27,NA,NA,unnamed feature,NA,NA,NA,NA,NA,NA,NA,NA,NA,L4,463.4,NA,NA
RP_1.362_179.05488,RP,1.362,179.05488,Temp_avg_top,-0.9337370219593362,0.40318145031429575,-1.723972664575356,-0.14350137934331653,0.029423226424709004,0.3619749586380606,Exploratory (nominal P < 0.05 only),27,27,NA,NA,unnamed feature,NA,NA,NA,NA,NA,NA,NA,NA,NA,L4,198.9,NA,NA
RP_5.588_851.26341,RP,5.588,851.26341,Temp_avg_top,-0.9300342527285547,0.3314613406724837,-1.5796984804466225,-0.2803700250104867,0.019102640313073876,0.33989357385424357,Exploratory (nominal P < 0.05 only),27,27,NA,NA,unnamed feature,NA,NA,NA,NA,NA,NA,NA,NA,NA,NA,383.8,NA,NA
RP_17.86_331.24776,RP,17.86,331.24776,Temp_avg_top,-0.9187404755306082,0.43743013378076223,-1.7761035377409022,-0.06137741332031421,0.046391443496384785,0.39638855291509933,Exploratory (nominal P < 0.05 only),27,27,"5,8,12-Trihydroxy-9-octadecenoic acid",1,name unique to this feature,Organic compounds,Lipids and lipid-like molecules,Fatty Acyls,Fatty acids and conjugates,Long-chain fatty acids,,,,,L3,164.8,NA,NA
RP_1.219_248.08748,RP,1.219,248.08748,Temp_avg_top,-0.9160123028486479,0.3706794026360744,-1.6425439320153536,-0.1894806736819421,0.02095369892030342,0.34356604341616587,Exploratory (nominal P < 0.05 only),27,27,NA,NA,unnamed feature,NA,NA,NA,NA,NA,NA,NA,NA,NA,L4,460.8,NA,NA
RP_12.53_319.0447,RP,12.53,319.0447,Temp_avg_top,-0.891865337655143,0.3700704391886711,-1.6172033984649383,-0.16652727684534763,0.023979301507540567,0.35729344828780824,Exploratory (nominal P < 0.05 only),27,27,NA,NA,unnamed feature,NA,NA,NA,NA,NA,NA,NA,NA,NA,L4,358.9,NA,NA
RP_11.005_538.15541,RP,11.005,538.15541,Temp_avg_top,-0.876399479261356,0.35304220636212896,-1.568362203731129,-0.18443675479158317,0.02043738485296636,0.34005146047338436,Exploratory (nominal P < 0.05 only),27,27,NA,NA,unnamed feature,NA,NA,NA,NA,NA,NA,NA,NA,NA,L4,233.1,NA,NA
RP_9.753_849.20238,RP,9.753,849.20238,Temp_avg_top,-0.8667604458506706,0.4038528377967096,-1.6583120079322216,-0.07520888376911972,0.0421746493953375,0.38425797911550424,Exploratory (nominal P < 0.05 only),27,27,NA,NA,unnamed feature,NA,NA,NA,NA,NA,NA,NA,NA,NA,L4,379.1,NA,NA
RP_1.281_179.05489,RP,1.281,179.05489,Temp_avg_top,-0.8630270224027329,0.33453918046277376,-1.5187238161097696,-0.20733022869569628,0.01643892471392565,0.32540136360759814,Exploratory (nominal P < 0.05 only),27,27,L-Gulonic acid gamma-lactone,1,name unique to this feature,Organic compounds,Organoheterocyclic compounds,Lactones,Gamma butyrolactones,Gamma butyrolactones,,,,,L1,207.9,178.04775999999998,NA
RP_1.211_102.05484,RP,1.211,102.05484,Temp_avg_top,-0.849303475323804,0.35186784043672353,-1.5389644425797822,-0.15964250806782587,0.03402146285335842,0.37059222314920226,Exploratory (nominal P < 0.05 only),27,27,1-Aminocyclopropanecarboxylic acid,2,name shared with other features,Organic compounds,Organic acids and derivatives,Carboxylic acids and derivatives,"Amino acids, peptides, and analogues",Amino acids and derivatives,Alpha amino acids and derivatives,Alpha amino acids,,,L1,282,NA,NA
RP_1.903_211.08108,RP,1.903,211.08108,Temp_avg_top,-0.8385884864132522,0.37900238986974527,-1.581433170557953,-0.0957438022685515,0.03668604359053746,0.37724509919752675,Exploratory (nominal P < 0.05 only),27,27,NA,NA,unnamed feature,NA,NA,NA,NA,NA,NA,NA,NA,NA,L4,217.4,NA,NA
RP_1.421_132.10177,RP,1.421,132.10177,Temp_avg_top,-0.8264496281898904,0.24334071132221644,-1.3033974223814346,-0.3495018339983462,0.0023793319677935937,0.19266560615873032,Exploratory (nominal P < 0.05 only),27,27,NA,NA,unnamed feature,NA,NA,NA,NA,NA,NA,NA,NA,NA,L4,181.6,NA,NA
RP_2.668_522.20279,RP,2.668,522.20279,Temp_avg_top,-0.8255100923012317,0.3178154262586363,-1.4484283277681589,-0.20259185683430458,0.01579514516040106,0.3233631855252037,Exploratory (nominal P < 0.05 only),27,27,NA,NA,unnamed feature,NA,NA,NA,NA,NA,NA,NA,NA,NA,L4,284.7,NA,NA
RP_12.755_465.10255,RP,12.755,465.10255,Temp_avg_top,-0.7821690267545254,0.3608806095874975,-1.4894950215460205,-0.07484303196303022,0.04034980466590067,0.3808598866918036,Exploratory (nominal P < 0.05 only),27,27,NA,NA,unnamed feature,NA,NA,NA,NA,NA,NA,NA,NA,NA,L4,NA,NA,NA
RP_1.473_330.13925,RP,1.473,330.13925,Temp_avg_top,-0.7791518854136237,0.32606851866635633,-1.418246181999682,-0.14005758882756525,0.025077439736607865,0.35785245174915226,Exploratory (nominal P < 0.05 only),27,27,NA,NA,unnamed feature,NA,NA,NA,NA,NA,NA,NA,NA,NA,L4,169.1,NA,NA
RP_13.331_619.19961,RP,13.331,619.19961,Temp_avg_top,-0.7774171316198063,0.32083015091627,-1.4062442274156954,-0.14859003582391717,0.03282285663259196,0.36926339873281705,Exploratory (nominal P < 0.05 only),27,27,"3,4,5-Trihydroxy-6-[2-(3-methylbut-2-enoyloxy)-2-[9-(3-methylbut-2-enoyloxy)-2-oxo-8,9-dihydrouro[2,3-h]chromen-8-yl]propoxy]oxane-2-carboxylic acid",1,name unique to this feature,Organic compounds,Phenylpropanoids and polyketides,Coumarins and derivatives,Furanocoumarins,Angular furanocoumarins,,,,,L3,219.8,NA,Multi-ring
RP_10.609_252.08647,RP,10.609,252.08647,Temp_avg_top,-0.7689162012629428,0.3476920960453476,-1.450392709511824,-0.08743969301406151,0.036774138689106936,0.37724509919752675,Exploratory (nominal P < 0.05 only),27,27,NA,NA,unnamed feature,NA,NA,NA,NA,NA,NA,NA,NA,NA,L4,452.8,NA,NA
RP_1.35_360.11347,RP,1.35,360.11347,Temp_avg_top,-0.7624161884130711,0.36424775918569646,-1.4763417964170362,-0.04849058040910603,0.04708476074055191,0.3983020511299518,Exploratory (nominal P < 0.05 only),27,27,NA,NA,unnamed feature,NA,NA,NA,NA,NA,NA,NA,NA,NA,NA,403.2,NA,NA
RP_1.445_161.09194,RP,1.445,161.09194,Temp_avg_top,-0.7561918011029378,0.2641111369745968,-1.2738496295731476,-0.23853397263272802,0.014445533018500541,0.32177250850644373,Exploratory (nominal P < 0.05 only),27,27,NA,NA,unnamed feature,NA,NA,NA,NA,NA,NA,NA,NA,NA,L4,155.4,NA,NA
RP_2.09_210.09704,RP,2.09,210.09704,Temp_avg_top,-0.705523521874641,0.28841474329321404,-1.2708164187293405,-0.14023062501994144,0.022142625105272297,0.3490598454327278,Exploratory (nominal P < 0.05 only),27,27,Epivaliolamine,3,name shared with other features,Organic compounds,Organic oxygen compounds,Organooxygen compounds,Alcohols and polyols,Cyclic alcohols and derivatives,Cyclitols and derivatives,Aminocyclitols and derivatives,Aminocyclitols,,L3,273.7,NA,NA
RP_1.305_253.08506,RP,1.305,253.08506,Temp_avg_top,-0.7019409507600701,0.2650929178440432,-1.2215230697343948,-0.1823588317857454,0.014087299251014112,0.3194055060030475,Exploratory (nominal P < 0.05 only),27,27,NA,NA,unnamed feature,NA,NA,NA,NA,NA,NA,NA,NA,NA,NA,222.4,NA,NA
RP_5.894_144.0654,RP,5.894,144.0654,Temp_avg_top,-0.7005107577561991,0.29038344065345467,-1.2696623014369703,-0.13135921407542794,0.033264415289904224,0.36926339873281705,Exploratory (nominal P < 0.05 only),27,27,NA,NA,unnamed feature,NA,NA,NA,NA,NA,NA,NA,NA,NA,L4,218.7,NA,NA
RP_1.473_295.10208,RP,1.473,295.10208,Temp_avg_top,-0.686489010779021,0.31802353726234966,-1.3098151438132264,-0.06316287774481566,0.0410980663775129,0.381470787303942,Exploratory (nominal P < 0.05 only),27,27,NA,NA,unnamed feature,NA,NA,NA,NA,NA,NA,NA,NA,NA,NA,185.4,NA,NA
RP_7.812_375.12976,RP,7.812,375.12976,Temp_avg_top,-0.683727373785508,0.32372269146547367,-1.3182238490578362,-0.04923089851317963,0.04527652569413143,0.3915833763770195,Exploratory (nominal P < 0.05 only),27,27,NA,NA,unnamed feature,NA,NA,NA,NA,NA,NA,NA,NA,NA,NA,180.5,NA,NA
RP_1.377_376.14465,RP,1.377,376.14465,Temp_avg_top,-0.6772482809086804,0.2567224026998968,-1.1804241902004782,-0.1740723716168826,0.014406439585056954,0.3217366601132604,Exploratory (nominal P < 0.05 only),27,27,NA,NA,unnamed feature,NA,NA,NA,NA,NA,NA,NA,NA,NA,NA,153,NA,NA
RP_18.339_328.24807,RP,18.339,328.24807,Temp_avg_top,-0.6749397438336916,0.23347365778413848,-1.132548113090603,-0.2173313745767802,0.008030763108525324,0.27343307460659627,Exploratory (nominal P < 0.05 only),27,27,nitro-9E-octadecenoic acid,3,name shared with other features,Organic compounds,Lipids and lipid-like molecules,Fatty Acyls,Fatty acids and conjugates,Long-chain fatty acids,,,,,L3,169,NA,NA
RP_2.4_128.07048,RP,2.4,128.07048,Temp_avg_top,-0.6720131343429452,0.21724543062384646,-1.0978141783656843,-0.24621209032020613,0.0049662769256358106,0.24269072933644575,Exploratory (nominal P < 0.05 only),27,27,NA,NA,unnamed feature,NA,NA,NA,NA,NA,NA,NA,NA,NA,L4,182.2,NA,NA
RP_1.192_229.92736,RP,1.192,229.92736,Temp_avg_top,-0.6593628760381117,0.2020039253322648,-1.0552905696893506,-0.26343518238687275,0.0032872042688605455,0.22076969241454145,Exploratory (nominal P < 0.05 only),27,27,NA,NA,unnamed feature,NA,NA,NA,NA,NA,NA,NA,NA,NA,NA,145.2,NA,NA
RP_17.831_293.21096,RP,17.831,293.21096,Temp_avg_top,-0.6271881198800555,0.22579274950380512,-1.0697419089075135,-0.1846343308525975,0.010455872693936441,0.28949521377928605,Exploratory (nominal P < 0.05 only),27,27,"9S,13R-12-Oxophytodienoic acid",5,name shared with other features,Organic compounds,Lipids and lipid-like molecules,Fatty Acyls,Eicosanoids,Prostaglandins and related compounds,,,,,L2,120.2,NA,NA
RP_3.486_170.08106,RP,3.486,170.08106,Temp_avg_top,-0.6203221401791839,0.21687441467726676,-1.0453959929466268,-0.195248287411741,0.0164348622451037,0.32540136360759814,Exploratory (nominal P < 0.05 only),27,27,Pyridoxine,1,name unique to this feature,Organic compounds,Organoheterocyclic compounds,Pyridines and derivatives,Pyridoxines,Pyridoxines,,,,,L1,162.5,169.07393,NA
RP_7.296_100.0756,RP,7.296,100.0756,Temp_avg_top,-0.6163516082691034,0.1779534810370822,-0.9651404311017845,-0.2675627854364223,0.0020159726667847064,0.18489349315368306,Exploratory (nominal P < 0.05 only),27,27,delta-Valerolactam,2,name shared with other features,Organic compounds,Organoheterocyclic compounds,Piperidines,Piperidinones,Piperidinones,,,,,L2,95.4,NA,NA
RP_18.714_337.23478,RP,18.714,337.23478,Temp_avg_top,-0.61408152376916,0.284025311384586,-1.1707711340829485,-0.057391913455371535,0.04080207527223727,0.3808598866918036,Exploratory (nominal P < 0.05 only),27,27,NA,NA,unnamed feature,NA,NA,NA,NA,NA,NA,NA,NA,NA,NA,390.8,NA,NA
RP_12.968_476.21246,RP,12.968,476.21246,Temp_avg_top,-0.588424227928796,0.24855342282066098,-1.0755889366572915,-0.10125951920030052,0.02631805231424653,0.35785245174915226,Exploratory (nominal P < 0.05 only),27,27,NA,NA,unnamed feature,NA,NA,NA,NA,NA,NA,NA,NA,NA,L4,231.1,NA,NA
RP_1.276_166.05311,RP,1.276,166.05311,Temp_avg_top,-0.5819463168123722,0.2655773524928419,-1.1024779276983423,-0.06141470592640208,0.03837788623705043,0.3808598866918036,Exploratory (nominal P < 0.05 only),27,27,Methionine sulfoxide,2,name shared with other features,NA,NA,NA,NA,NA,NA,NA,NA,NA,L2,175.3,NA,NA
RP_1.277_166.0531,RP,1.277,166.0531,Temp_avg_top,-0.5819463168123722,0.2655773524928419,-1.1024779276983423,-0.06141470592640208,0.03837788623705043,0.3808598866918036,Exploratory (nominal P < 0.05 only),27,27,Methionine sulfoxide,2,name shared with other features,NA,NA,NA,NA,NA,NA,NA,NA,NA,L2,175.3,NA,NA
RP_1.36_245.07662,RP,1.36,245.07662,Temp_avg_top,-0.5807565308888328,0.18725282505484916,-0.9477720679963372,-0.2137409937813285,0.004870468707545138,0.24269072933644575,Exploratory (nominal P < 0.05 only),27,27,NA,NA,unnamed feature,NA,NA,NA,NA,NA,NA,NA,NA,NA,NA,176,NA,NA
RP_18.814_245.17455,RP,18.814,245.17455,Temp_avg_top,-0.5610464188737605,0.2406885657002172,-1.0327960076461862,-0.08929683010133477,0.028480249062001844,0.3594503396093115,Exploratory (nominal P < 0.05 only),27,27,Brassylic acid,1,name unique to this feature,Organic compounds,Lipids and lipid-like molecules,Fatty Acyls,Fatty acids and conjugates,Long-chain fatty acids,,,,,L3,176.7,NA,NA
RP_5.58_882.19277,RP,5.58,882.19277,Temp_avg_top,-0.5471875761703553,0.1971469234823084,-0.9335955461956797,-0.16077960614503084,0.010508891118431474,0.28994588135945154,Exploratory (nominal P < 0.05 only),27,27,3(S)-Hydroxy-4-methyl-pentanoyl-CoA,1,name unique to this feature,Organic compounds,Lipids and lipid-like molecules,Fatty Acyls,Fatty acyl thioesters,Acyl CoAs,3-hydroxyacyl CoAs,(S)-3-hydroxyacyl CoAs,,,L3,289.5,NA,NA
RP_1.422_236.14906,RP,1.422,236.14906,Temp_avg_top,-0.5316374838273733,0.24896532721463277,-1.0196095251680535,-0.043665442486693073,0.043137960234585236,0.3873366499385136,Exploratory (nominal P < 0.05 only),27,27,NA,NA,unnamed feature,NA,NA,NA,NA,NA,NA,NA,NA,NA,L4,194.9,NA,NA
RP_1.369_262.10317,RP,1.369,262.10317,Temp_avg_top,-0.5310101207455282,0.2023424252368617,-0.9276012742097771,-0.13441896728127933,0.014863099904408284,0.32209654476388583,Exploratory (nominal P < 0.05 only),27,27,Aspartylglutamine,2,name shared with other features,Organic compounds,Organic acids and derivatives,Carboxylic acids and derivatives,"Amino acids, peptides, and analogues",Peptides,Dipeptides,,,,L3,232.1,NA,NA
RP_1.342_263.08721,RP,1.342,263.08721,Temp_avg_top,-0.5306986373430719,0.19014393239031877,-0.9033807448280966,-0.1580165298580471,0.010137947821900892,0.2876712707916187,Exploratory (nominal P < 0.05 only),27,27,Asp-glu,1,name unique to this feature,NA,NA,NA,NA,NA,NA,NA,NA,NA,L3,172.9,NA,NA
RP_1.277_262.10316,RP,1.277,262.10316,Temp_avg_top,-0.5103117586819998,0.17796929693312372,-0.8591315806709223,-0.16149193669307738,0.008484613905770657,0.2755984554302607,Exploratory (nominal P < 0.05 only),27,27,Aspartylglutamine,2,name shared with other features,Organic compounds,Organic acids and derivatives,Carboxylic acids and derivatives,"Amino acids, peptides, and analogues",Peptides,Dipeptides,,,,L3,194.7,NA,NA
RP_18.731_277.08575,RP,18.731,277.08575,Temp_avg_top,-0.5045024865356807,0.20468228798685972,-0.9056797709899258,-0.1033252020814357,0.021251076867523408,0.3449203318961806,Exploratory (nominal P < 0.05 only),27,27,Clenbuterol,1,name unique to this feature,Organic compounds,Benzenoids,Benzene and substituted derivatives,Halobenzenes,Chlorobenzenes,Dichlorobenzenes,,,,L3,205.6,NA,Single-ring
RP_2.123_130.08614,RP,2.123,130.08614,Temp_avg_top,-0.4944878711777997,0.22978863842823216,-0.9448736024971347,-0.04410213985846467,0.0416762631534895,0.3829146467912738,Exploratory (nominal P < 0.05 only),27,27,NA,NA,unnamed feature,NA,NA,NA,NA,NA,NA,NA,NA,NA,L4,253,NA,NA
RP_1.484_277.10281,RP,1.484,277.10281,Temp_avg_top,-0.49133425332814606,0.20863092077207218,-0.9002508580414075,-0.0824176486148846,0.02703466633973885,0.35785245174915226,Exploratory (nominal P < 0.05 only),27,27,Benzo[ghi]perylene,1,name unique to this feature,Organic compounds,Benzenoids,Pyrenes,Benzopyrenes,Benzopyrenes,,,,,L3,160.6,276.09396,NA
RP_1.463_263.08719,RP,1.463,263.08719,Temp_avg_top,-0.4879772970499734,0.2055427693411368,-0.8908411249586015,-0.08511346914134527,0.02593700552327888,0.35785245174915226,Exploratory (nominal P < 0.05 only),27,27,NA,NA,unnamed feature,NA,NA,NA,NA,NA,NA,NA,NA,NA,NA,182.1,NA,NA
RP_1.341_276.11885,RP,1.341,276.11885,Temp_avg_top,-0.4692552893233001,0.19983044212928658,-0.8609229558967018,-0.07758762274989839,0.027435078772207296,0.35785245174915226,Exploratory (nominal P < 0.05 only),27,27,gamma-Glu-gln,1,name unique to this feature,Organic compounds,Organic acids and derivatives,Carboxylic acids and derivatives,"Amino acids, peptides, and analogues",Peptides,Dipeptides,,,,L3,165.7,NA,NA
RP_19.195_295.22658,RP,19.195,295.22658,Temp_avg_top,-0.45441593468384056,0.21039290868922114,-0.8667860357147139,-0.04204583365296716,0.040992173237316805,0.38140543794720855,Exploratory (nominal P < 0.05 only),27,27,13(S)-HOTrE,10,name shared with other features,Organic compounds,Lipids and lipid-like molecules,Fatty Acyls,Lineolic acids and derivatives,Lineolic acids and derivatives,,,,,L2,117.4,294.21963,NA
RP_1.845_261.14907,RP,1.845,261.14907,Temp_avg_top,-0.4505080192615608,0.17843050071006322,-0.8002318006532847,-0.10078423786983692,0.018594966258071922,0.33989357385424357,Exploratory (nominal P < 0.05 only),27,27,NA,NA,unnamed feature,NA,NA,NA,NA,NA,NA,NA,NA,NA,NA,99.6,NA,NA
RP_1.845_262.14548,RP,1.845,262.14548,Temp_avg_top,-0.439616056691981,0.16747794551132308,-0.7678728298941743,-0.11135928348978774,0.014842720962089878,0.32209654476388583,Exploratory (nominal P < 0.05 only),27,27,NA,NA,unnamed feature,NA,NA,NA,NA,NA,NA,NA,NA,NA,NA,100.5,NA,NA
RP_1.297_235.09226,RP,1.297,235.09226,Temp_avg_top,-0.4384757252762729,0.19698373872904737,-0.8245638531852058,-0.052387597367340055,0.035665380551048814,0.37525360726606166,Exploratory (nominal P < 0.05 only),27,27,Serinyl-Glutamate,2,name shared with other features,Organic compounds,Organic acids and derivatives,Carboxylic acids and derivatives,"Amino acids, peptides, and analogues",Peptides,Dipeptides,,,,L3,189.4,NA,NA
RP_1.435_417.16009,RP,1.435,417.16009,Temp_avg_top,-0.4287792435035153,0.18265574011206118,-0.7867844941231552,-0.07077399288387543,0.02748244646425658,0.35785245174915226,Exploratory (nominal P < 0.05 only),27,27,NA,NA,unnamed feature,NA,NA,NA,NA,NA,NA,NA,NA,NA,L4,128.2,NA,NA
RP_1.847_236.14906,RP,1.847,236.14906,Temp_avg_top,-0.3901311981665725,0.15605689661970806,-0.6960027155412003,-0.08425968079194468,0.01965727140688601,0.33989357385424357,Exploratory (nominal P < 0.05 only),27,27,NA,NA,unnamed feature,NA,NA,NA,NA,NA,NA,NA,NA,NA,L4,101.1,NA,NA
RP_5.711_320.14507,RP,5.711,320.14507,Temp_avg_top,-0.3768467656931514,0.17274907172588505,-0.7154349462758861,-0.03825858511041669,0.039175449433551134,0.3808598866918036,Exploratory (nominal P < 0.05 only),27,27,NA,NA,unnamed feature,NA,NA,NA,NA,NA,NA,NA,NA,NA,NA,167.4,NA,NA
RP_1.169_134.04463,RP,1.169,134.04463,Temp_avg_top,-0.37237233650734647,0.12149719797838887,-0.6105068445449886,-0.13423782846970428,0.00531670587044252,0.24380894063029268,Exploratory (nominal P < 0.05 only),27,27,D-Aspartic acid,1,name unique to this feature,Organic compounds,Organic acids and derivatives,Carboxylic acids and derivatives,"Amino acids, peptides, and analogues",Amino acids and derivatives,Alpha amino acids and derivatives,Aspartic acid and derivatives,,,L1,134.5,133.03752,NA
RP_1.457_110.05991,RP,1.457,110.05991,Temp_avg_top,-0.36270417261761745,0.15512652416772102,-0.6667521599863506,-0.058656185248884274,0.02804524529228048,0.3587558370502424,Exploratory (nominal P < 0.05 only),27,27,NA,NA,unnamed feature,NA,NA,NA,NA,NA,NA,NA,NA,NA,NA,212.5,NA,NA
RP_1.461_110.0599,RP,1.461,110.0599,Temp_avg_top,-0.35048602323312456,0.15662146202854788,-0.6574640888090784,-0.04350795765717075,0.034780230760610195,0.37304865803149845,Exploratory (nominal P < 0.05 only),27,27,Nicotinyl alcohol,2,name shared with other features,Organic compounds,Organoheterocyclic compounds,Pyridines and derivatives,,Pyridines and derivatives,,,,,L2,213.6,NA,NA
RP_1.486_238.15612,RP,1.486,238.15612,Temp_avg_top,-0.3472338589605939,0.13211342932159367,-0.6061761804309175,-0.0882915374902703,0.014729245562389722,0.32195644898059395,Exploratory (nominal P < 0.05 only),27,27,NA,NA,unnamed feature,NA,NA,NA,NA,NA,NA,NA,NA,NA,NA,80.9,NA,NA
RP_17.891_293.21095,RP,17.891,293.21095,Temp_avg_top,-0.3378652996177941,0.15172784483174473,-0.6352518754880138,-0.04047872374757444,0.03560220961900008,0.37525360726606166,Exploratory (nominal P < 0.05 only),27,27,NA,NA,unnamed feature,NA,NA,NA,NA,NA,NA,NA,NA,NA,L4,98.4,NA,NA
RP_1.459_110.0599,RP,1.459,110.0599,Temp_avg_top,-0.32117998969307643,0.15425489249865232,-0.623519578990435,-0.018840400395717882,0.04816237950519712,0.3992929477622153,Exploratory (nominal P < 0.05 only),27,27,Nicotinyl alcohol,2,name shared with other features,Organic compounds,Organoheterocyclic compounds,Pyridines and derivatives,,Pyridines and derivatives,,,,,L2,NA,NA,NA
RP_1.485_236.14902,RP,1.485,236.14902,Temp_avg_top,-0.30002099655617703,0.1286987379697187,-0.5522705229768257,-0.047771470135528404,0.02846900254321448,0.3594503396093115,Exploratory (nominal P < 0.05 only),27,27,NA,NA,unnamed feature,NA,NA,NA,NA,NA,NA,NA,NA,NA,L4,77.4,NA,NA
RP_1.14_106.04974,RP,1.14,106.04974,Temp_avg_top,-0.2529318137426758,0.11076505603161149,-0.47003132356463434,-0.03583230392071729,0.03154767543601911,0.3652755967663922,Exploratory (nominal P < 0.05 only),27,27,L-Serine,1,name unique to this feature,Organic compounds,Organic acids and derivatives,Carboxylic acids and derivatives,"Amino acids, peptides, and analogues",Amino acids and derivatives,Alpha amino acids and derivatives,Serine and derivatives,,,L1,114.2,105.04261,NA
RP_8.675_223.03481,RP,8.675,223.03481,Temp_avg_top,0.11776981654670034,0.05690353902758588,0.006238880052632012,0.22930075304076866,0.04941496585581537,0.4015365255913905,Exploratory (nominal P < 0.05 only),27,27,NA,NA,unnamed feature,NA,NA,NA,NA,NA,NA,NA,NA,NA,NA,174.4,NA,NA
RP_12.533_454.19715,RP,12.533,454.19715,Temp_avg_top,0.12679240062288655,0.05983778531059594,0.009510341414118509,0.2440744598316546,0.044637686503775614,0.3908735213658182,Exploratory (nominal P < 0.05 only),27,27,NA,NA,unnamed feature,NA,NA,NA,NA,NA,NA,NA,NA,NA,L4,160.4,NA,NA
RP_12.086_549.32826,RP,12.086,549.32826,Temp_avg_top,0.12850053139702114,0.05591580644840665,0.01890555075814411,0.23809551203589818,0.030573727745019322,0.3619749586380606,Exploratory (nominal P < 0.05 only),27,27,NA,NA,unnamed feature,NA,NA,NA,NA,NA,NA,NA,NA,NA,L4,118.4,NA,NA
RP_12.086_529.22921,RP,12.086,529.22921,Temp_avg_top,0.12975269987408908,0.055650781564015234,0.020677168008619226,0.23882823173955892,0.028446610362724757,0.3594503396093115,Exploratory (nominal P < 0.05 only),27,27,"6,12-Dihydroxy-11-methyl-16-oxo-6-[[3,4,5-trihydroxy-6-(hydroxymethyl)oxan-2-yl]oxymethyl]-15-oxapentacyclo[9.3.2.15,8.01,10.02,8]heptadecane-9-carboxylic acid",1,name unique to this feature,NA,NA,NA,NA,NA,NA,NA,NA,NA,L3,198.6,NA,NA
RP_12.092_256.14433,RP,12.092,256.14433,Temp_avg_top,0.13334144609858709,0.05527842433976582,0.024995734392646088,0.2416871578045281,0.02386434581865687,0.35729344828780824,Exploratory (nominal P < 0.05 only),27,27,NA,NA,unnamed feature,NA,NA,NA,NA,NA,NA,NA,NA,NA,NA,138.6,NA,NA
RP_13.036_228.10177,RP,13.036,228.10177,Temp_avg_top,0.13566349287930274,0.06342588445138667,0.011348759354584875,0.2599782264040206,0.042821082397840896,0.3861792435387372,Exploratory (nominal P < 0.05 only),27,27,NA,NA,unnamed feature,NA,NA,NA,NA,NA,NA,NA,NA,NA,L4,173.2,NA,NA
RP_13.972_307.14398,RP,13.972,307.14398,Temp_avg_top,0.13621000438953174,0.059565345141378095,0.019461927912430677,0.2529580808666328,0.03132965990151909,0.3652755967663922,Exploratory (nominal P < 0.05 only),27,27,NA,NA,unnamed feature,NA,NA,NA,NA,NA,NA,NA,NA,NA,L4,192,NA,NA
RP_14.232_343.07123,RP,14.232,343.07123,Temp_avg_top,0.13816764847655452,0.0655612303981933,0.009667636896095677,0.26666766005701337,0.045711279787693015,0.39226922805278414,Exploratory (nominal P < 0.05 only),27,27,NA,NA,unnamed feature,NA,NA,NA,NA,NA,NA,NA,NA,NA,NA,157.2,NA,NA
RP_13.041_695.19108,RP,13.041,695.19108,Temp_avg_top,0.13860392954900938,0.06276896042033914,0.015576767125144678,0.2616310919728741,0.037033464726022605,0.3788197611086473,Exploratory (nominal P < 0.05 only),27,27,Ganbajunin B,1,name unique to this feature,Organic compounds,Organoheterocyclic compounds,Benzofurans,Phenylbenzofurans,Phenylbenzofurans,,,,,L3,164.9,NA,Multi-ring
RP_13.047_337.15459,RP,13.047,337.15459,Temp_avg_top,0.1395600531549247,0.06219304700443997,0.017661681026222356,0.26145842528362706,0.034325436312064674,0.3713088637481804,Exploratory (nominal P < 0.05 only),27,27,NA,NA,unnamed feature,NA,NA,NA,NA,NA,NA,NA,NA,NA,NA,192.6,NA,NA
RP_12.736_281.12832,RP,12.736,281.12832,Temp_avg_top,0.1402313645843967,0.06766153792740691,0.007614750246679153,0.2728479789221142,0.04912154785319519,0.4015365255913905,Exploratory (nominal P < 0.05 only),27,27,Cyclopeptine,3,name shared with other features,NA,NA,NA,NA,NA,NA,NA,NA,NA,L3,239,280.12124,NA
RP_14.202_453.13312,RP,14.202,453.13312,Temp_avg_top,0.14026270778924257,0.06655060087678218,0.009823530070749514,0.27070188550773566,0.04569707280687357,0.39226922805278414,Exploratory (nominal P < 0.05 only),27,27,NA,NA,unnamed feature,NA,NA,NA,NA,NA,NA,NA,NA,NA,NA,297.2,NA,NA
RP_15.452_553.40707,RP,15.452,553.40707,Temp_avg_top,0.1403437078070541,0.06600234050320263,0.01097912042077695,0.2697082951933313,0.04395661204383211,0.3902526524755777,Exploratory (nominal P < 0.05 only),27,27,NA,NA,unnamed feature,NA,NA,NA,NA,NA,NA,NA,NA,NA,L4,204.1,NA,NA
RP_10.021_230.08104,RP,10.021,230.08104,Temp_avg_top,0.1404129939422624,0.06177771384644507,0.019328674803230056,0.26149731308129476,0.03227359747872934,0.36794050310933163,Exploratory (nominal P < 0.05 only),27,27,Carbonarone B,2,name shared with other features,Organic compounds,Organoheterocyclic compounds,Pyridines and derivatives,Pyridine carboxaldehydes,Pyridine carboxaldehydes,,,,,L3,161.4,NA,NA
RP_14.471_919.2385,RP,14.471,919.2385,Temp_avg_top,0.1406345738843488,0.06574784765010332,0.011768792490146313,0.2695003552785513,0.0428148907540034,0.3861792435387372,Exploratory (nominal P < 0.05 only),27,27,NA,NA,unnamed feature,NA,NA,NA,NA,NA,NA,NA,NA,NA,NA,245.7,NA,NA
RP_14.03_419.1124,RP,14.03,419.1124,Temp_avg_top,0.14086648173057828,0.06496840906956625,0.013528399954228443,0.2682045635069281,0.04027882280908203,0.3808598866918036,Exploratory (nominal P < 0.05 only),27,27,NA,NA,unnamed feature,NA,NA,NA,NA,NA,NA,NA,NA,NA,NA,143.5,NA,NA
RP_15.13_343.10763,RP,15.13,343.10763,Temp_avg_top,0.14284157635166883,0.06911475561441506,0.0073766553474153285,0.27830649735592233,0.04971064191859191,0.40208733366281413,Exploratory (nominal P < 0.05 only),27,27,Pityriazole,1,name unique to this feature,Organic compounds,Organoheterocyclic compounds,Indoles and derivatives,Carbazoles,Carbazoles,,,,,L3,170.7,NA,NA
RP_8.867_266.09227,RP,8.867,266.09227,Temp_avg_top,0.14315400473089032,0.06489088459877441,0.01596787091729246,0.2703401385444882,0.03719710426528577,0.3788197611086473,Exploratory (nominal P < 0.05 only),27,27,"2-amino-7,9-dimethyl-5-oxo-5H-chromeno[2,3-b]pyridine-3-carbonitrile",1,name unique to this feature,NA,NA,NA,NA,NA,NA,NA,NA,NA,L2,178.1,NA,NA
RP_13.141_484.1391,RP,13.141,484.1391,Temp_avg_top,0.1440739611410904,0.06472469328695185,0.017213562298664775,0.270934359983516,0.035665257882288,0.37525360726606166,Exploratory (nominal P < 0.05 only),27,27,NA,NA,unnamed feature,NA,NA,NA,NA,NA,NA,NA,NA,NA,NA,127.2,NA,NA
RP_12.197_557.36563,RP,12.197,557.36563,Temp_avg_top,0.14475634739559873,0.05877647655666685,0.029554453344531703,0.25995824144666574,0.02134439013309014,0.3449203318961806,Exploratory (nominal P < 0.05 only),27,27,NA,NA,unnamed feature,NA,NA,NA,NA,NA,NA,NA,NA,NA,NA,132.3,NA,NA
RP_13.177_659.19113,RP,13.177,659.19113,Temp_avg_top,0.14943953046283243,0.06267472512769888,0.026597069212542623,0.27228199171312223,0.02536210457705788,0.35785245174915226,Exploratory (nominal P < 0.05 only),27,27,NA,NA,unnamed feature,NA,NA,NA,NA,NA,NA,NA,NA,NA,L4,149,NA,NA
RP_9.914_298.22364,RP,9.914,298.22364,Temp_avg_top,0.15014456626926903,0.06882017269792097,0.01525702778134394,0.2850321047571941,0.03915693485083735,0.3808598866918036,Exploratory (nominal P < 0.05 only),27,27,NA,NA,unnamed feature,NA,NA,NA,NA,NA,NA,NA,NA,NA,NA,168.4,NA,NA
RP_14.674_451.11745,RP,14.674,451.11745,Temp_avg_top,0.15195211613396947,0.0667769122510287,0.021069368121953203,0.28283486414598574,0.03209150994571952,0.36697764182586057,Exploratory (nominal P < 0.05 only),27,27,NA,NA,unnamed feature,NA,NA,NA,NA,NA,NA,NA,NA,NA,NA,166.7,NA,NA
RP_13.942_681.21177,RP,13.942,681.21177,Temp_avg_top,0.15215636325880783,0.06336955134345706,0.027952042625631987,0.27636068389198365,0.02445115558448755,0.35785245174915226,Exploratory (nominal P < 0.05 only),27,27,Copalliferol B,2,name shared with other features,Organic compounds,Phenylpropanoids and polyketides,Diarylheptanoids,Linear diarylheptanoids,Linear diarylheptanoids,,,,,L3,441.5,680.20475,Multi-ring
RP_12.834_284.09159,RP,12.834,284.09159,Temp_avg_top,0.1529028691227063,0.06266734156611642,0.030074879653118114,0.27573085859229446,0.022452353636893997,0.35046780469706446,Exploratory (nominal P < 0.05 only),27,27,NA,NA,unnamed feature,NA,NA,NA,NA,NA,NA,NA,NA,NA,L4,154.3,NA,NA
RP_14.804_677.1806,RP,14.804,677.1806,Temp_avg_top,0.15337328133939082,0.0724289932349597,0.011412454598869803,0.29533410807991184,0.044764460185295854,0.3908735213658182,Exploratory (nominal P < 0.05 only),27,27,NA,NA,unnamed feature,NA,NA,NA,NA,NA,NA,NA,NA,NA,NA,158.3,NA,NA
RP_13.42_467.11236,RP,13.42,467.11236,Temp_avg_top,0.15558554736851066,0.06564012067865466,0.026930910838347533,0.2842401838986738,0.026153198972895447,0.35785245174915226,Exploratory (nominal P < 0.05 only),27,27,NA,NA,unnamed feature,NA,NA,NA,NA,NA,NA,NA,NA,NA,NA,174.3,NA,NA
RP_13.337_300.12288,RP,13.337,300.12288,Temp_avg_top,0.15661190043398715,0.061208571840278884,0.03664309962704054,0.27658070124093376,0.017237813731882837,0.3315858102132968,Exploratory (nominal P < 0.05 only),27,27,NA,NA,unnamed feature,NA,NA,NA,NA,NA,NA,NA,NA,NA,NA,163.4,NA,NA
RP_13.415_457.09164,RP,13.415,457.09164,Temp_avg_top,0.15664115702085477,0.06497905193188983,0.029282215234350706,0.2840000988073588,0.02394499464110626,0.35729344828780824,Exploratory (nominal P < 0.05 only),27,27,NA,NA,unnamed feature,NA,NA,NA,NA,NA,NA,NA,NA,NA,NA,143.7,NA,NA
RP_12.857_905.25922,RP,12.857,905.25922,Temp_avg_top,0.1572761853416368,0.06548831238100081,0.028919093074875196,0.2856332776083984,0.024424619316939112,0.35785245174915226,Exploratory (nominal P < 0.05 only),27,27,Vitisifuran A,2,name shared with other features,Organic compounds,Phenylpropanoids and polyketides,2-arylbenzofuran flavonoids,,2-arylbenzofuran flavonoids,,,,,L3,155.3,NA,Multi-ring
RP_13.903_452.12534,RP,13.903,452.12534,Temp_avg_top,0.15748322236158022,0.07202152424532866,0.01632103484073605,0.2986454098824244,0.03875412183759554,0.3808598866918036,Exploratory (nominal P < 0.05 only),27,27,NA,NA,unnamed feature,NA,NA,NA,NA,NA,NA,NA,NA,NA,L4,163.5,NA,NA
RP_11.651_185.07084,RP,11.651,185.07084,Temp_avg_top,0.1589192131738311,0.06361107025086837,0.03424151548212909,0.28359691086553307,0.019728906424985846,0.33989357385424357,Exploratory (nominal P < 0.05 only),27,27,Fuberidazole,2,name shared with other features,Organic compounds,Organoheterocyclic compounds,Benzimidazoles,,Benzimidazoles,,,,,L3,166.1,184.06368999999998,NA
RP_9.355_258.12357,RP,9.355,258.12357,Temp_avg_top,0.16343505863014213,0.07016365260152166,0.025914299531159674,0.3009558177291246,0.028582961380515276,0.35980904326060403,Exploratory (nominal P < 0.05 only),27,27,NA,NA,unnamed feature,NA,NA,NA,NA,NA,NA,NA,NA,NA,L4,180.7,NA,NA
RP_13.918_304.12911,RP,13.918,304.12911,Temp_avg_top,0.1638139338063009,0.07385053076943843,0.019066893498201593,0.3085609741144002,0.03625696569041348,0.37724509919752675,Exploratory (nominal P < 0.05 only),27,27,NA,NA,unnamed feature,NA,NA,NA,NA,NA,NA,NA,NA,NA,L4,148.4,NA,NA
RP_9.858_258.11233,RP,9.858,258.11233,Temp_avg_top,0.1657801994168375,0.07646597878998534,0.015906880988466238,0.3156535178452088,0.040296112629531304,0.3808598866918036,Exploratory (nominal P < 0.05 only),27,27,NA,NA,unnamed feature,NA,NA,NA,NA,NA,NA,NA,NA,NA,L4,180.8,NA,NA
RP_7.377_234.12356,RP,7.377,234.12356,Temp_avg_top,0.16948748296913355,0.07816310224721942,0.01628780256458348,0.32268716337368364,0.04026601305220028,0.3808598866918036,Exploratory (nominal P < 0.05 only),27,27,Pardoprunox,1,name unique to this feature,Organic compounds,Organoheterocyclic compounds,Diazinanes,Piperazines,N-arylpiperazines,,,,,L3,154.5,NA,NA
RP_16.284_184.16948,RP,16.284,184.16948,Temp_avg_top,0.17014229302346445,0.08224513747208269,0.008941823578182378,0.3313427624687465,0.04950809913924981,0.4015365255913905,Exploratory (nominal P < 0.05 only),27,27,Tecostanine,3,name shared with other features,Organic compounds,Organoheterocyclic compounds,Piperidines,,Piperidines,,,,,L3,NA,183.16241000000002,NA
RP_13.344_216.10178,RP,13.344,216.10178,Temp_avg_top,0.17327367517721168,0.06412511009511244,0.04758845939079129,0.29895889096363204,0.012446062848251997,0.30738541591100343,Exploratory (nominal P < 0.05 only),27,27,NA,NA,unnamed feature,NA,NA,NA,NA,NA,NA,NA,NA,NA,L4,158.6,NA,NA
RP_7.231_289.13927,RP,7.231,289.13927,Temp_avg_top,0.17331691157232973,0.0839219028778677,0.00882998193170903,0.33780384121295043,0.0498651373331843,0.40211803903805443,Exploratory (nominal P < 0.05 only),27,27,NA,NA,unnamed feature,NA,NA,NA,NA,NA,NA,NA,NA,NA,L4,NA,NA,NA
RP_12.124_309.12325,RP,12.124,309.12325,Temp_avg_top,0.17369137055659783,0.06480844590835917,0.046666816576213854,0.3007159245369818,0.013090510273957847,0.3117847972007533,Exploratory (nominal P < 0.05 only),27,27,NA,NA,unnamed feature,NA,NA,NA,NA,NA,NA,NA,NA,NA,L4,202,NA,NA
RP_11.427_455.14852,RP,11.427,455.14852,Temp_avg_top,0.1743382698807363,0.06580336602075608,0.04536367248005441,0.3033128672814182,0.014040015499302444,0.3194055060030475,Exploratory (nominal P < 0.05 only),27,27,"(2S,3R)-trans-epsilon-viniferin",1,name unique to this feature,Organic compounds,Phenylpropanoids and polyketides,2-arylbenzofuran flavonoids,,2-arylbenzofuran flavonoids,,,,,L2,718.6,NA,Multi-ring
RP_12.704_467.11244,RP,12.704,467.11244,Temp_avg_top,0.17465281719159345,0.06412030431949284,0.04897702072538748,0.3003286136577994,0.01184067016811779,0.30188531030500015,Exploratory (nominal P < 0.05 only),27,27,NA,NA,unnamed feature,NA,NA,NA,NA,NA,NA,NA,NA,NA,NA,212.1,NA,NA
RP_14.175_389.10185,RP,14.175,389.10185,Temp_avg_top,0.17682503988619416,0.07814617945134619,0.023658528161555642,0.3299915516108327,0.032979741153367874,0.36926339873281705,Exploratory (nominal P < 0.05 only),27,27,NA,NA,unnamed feature,NA,NA,NA,NA,NA,NA,NA,NA,NA,NA,156.3,NA,NA
RP_16.875_211.16913,RP,16.875,211.16913,Temp_avg_top,0.17846808864123692,0.08427808159770765,0.013283048709729933,0.3436531285727439,0.04476053722803243,0.3908735213658182,Exploratory (nominal P < 0.05 only),27,27,NA,NA,unnamed feature,NA,NA,NA,NA,NA,NA,NA,NA,NA,L4,35,NA,NA
RP_14.607_333.08691,RP,14.607,333.08691,Temp_avg_top,0.181184740450684,0.07909568842842765,0.026157191130965818,0.3362122897704022,0.03106386867291309,0.3648151318543803,Exploratory (nominal P < 0.05 only),27,27,NA,NA,unnamed feature,NA,NA,NA,NA,NA,NA,NA,NA,NA,NA,135.1,NA,NA
RP_9.414_179.04502,RP,9.414,179.04502,Temp_avg_top,0.18252226998634397,0.07308034122882172,0.03928480117785341,0.32575973879483455,0.01976135841248278,0.33989357385424357,Exploratory (nominal P < 0.05 only),27,27,NA,NA,unnamed feature,NA,NA,NA,NA,NA,NA,NA,NA,NA,L4,118.9,NA,NA
RP_18.671_265.17974,RP,18.671,265.17974,Temp_avg_top,0.1879481379858604,0.09081847528922371,0.009943926418981952,0.36595234955273886,0.049429894595157446,0.4015365255913905,Exploratory (nominal P < 0.05 only),27,27,NA,NA,unnamed feature,NA,NA,NA,NA,NA,NA,NA,NA,NA,NA,62.4,NA,NA
RP_14.728_416.17024,RP,14.728,416.17024,Temp_avg_top,0.1926434046101832,0.08348279030632344,0.029017135609789274,0.35626967361057715,0.029956828000214014,0.3619749586380606,Exploratory (nominal P < 0.05 only),27,27,NA,NA,unnamed feature,NA,NA,NA,NA,NA,NA,NA,NA,NA,L4,139.1,NA,NA
RP_20.42_247.20546,RP,20.42,247.20546,Temp_avg_top,0.1960899505445378,0.08937829899376636,0.020908484516755727,0.3712714165723199,0.03816170725611091,0.3808598866918036,Exploratory (nominal P < 0.05 only),27,27,Isoavocadienofuran,1,name unique to this feature,Organic compounds,Organoheterocyclic compounds,Heteroaromatic compounds,,Heteroaromatic compounds,,,,,L3,51,NA,NA
RP_14.502_175.07525,RP,14.502,175.07525,Temp_avg_top,0.19858752814600533,0.08755975179196734,0.02697041463374933,0.37020464165826134,0.03261014146905718,0.36832456057447244,Exploratory (nominal P < 0.05 only),27,27,NA,NA,unnamed feature,NA,NA,NA,NA,NA,NA,NA,NA,NA,NA,36.8,NA,NA
RP_7.037_209.12827,RP,7.037,209.12827,Temp_avg_top,0.19929213159376566,0.07529709498780039,0.05170982541767688,0.34687443776985444,0.014124585538959683,0.3194055060030475,Exploratory (nominal P < 0.05 only),27,27,Pilocarpine,2,name shared with other features,Organic compounds,Alkaloids and derivatives,,,Alkaloids and derivatives,,,,,L3,179.7,208.12124,NA
RP_13.833_165.09091,RP,13.833,165.09091,Temp_avg_top,0.20208421176535205,0.0932298923816942,0.019353622697231426,0.38481480083347264,0.04033287654518579,0.3808598866918036,Exploratory (nominal P < 0.05 only),27,27,NA,NA,unnamed feature,NA,NA,NA,NA,NA,NA,NA,NA,NA,L4,57.9,NA,NA
RP_17.059_227.16405,RP,17.059,227.16405,Temp_avg_top,0.21054908019827473,0.0798136174987774,0.05411438990067102,0.36698377049587844,0.01440798906270442,0.3217366601132604,Exploratory (nominal P < 0.05 only),27,27,NA,NA,unnamed feature,NA,NA,NA,NA,NA,NA,NA,NA,NA,L4,44.2,NA,NA
RP_16.297_270.20624,RP,16.297,270.20624,Temp_avg_top,0.2199614832601169,0.10308866816502979,0.017907693656658535,0.4220152728635753,0.043288648323144385,0.38767707330407575,Exploratory (nominal P < 0.05 only),27,27,Ethyl n-[[5-methyl-2-(isopropyl)cyclohexyl]carbonyl]glycinate,1,name unique to this feature,Organic compounds,Organic acids and derivatives,Carboxylic acids and derivatives,"Amino acids, peptides, and analogues",Amino acids and derivatives,Alpha amino acids and derivatives,N-acyl-alpha amino acids and derivatives,,,L3,53.8,NA,NA
RP_7.543_258.11232,RP,7.543,258.11232,Temp_avg_top,0.22049217253686434,0.08848297721873043,0.047065537188152706,0.393918807885576,0.029861506105742723,0.3619749586380606,Exploratory (nominal P < 0.05 only),27,27,NA,NA,unnamed feature,NA,NA,NA,NA,NA,NA,NA,NA,NA,L4,165.6,NA,NA
RP_14.636_286.15494,RP,14.636,286.15494,Temp_avg_top,0.22255932368979314,0.08631646025145319,0.05337906159694489,0.3917395857826414,0.01648854966448195,0.3255619801509218,Exploratory (nominal P < 0.05 only),27,27,Cynometrine,1,name unique to this feature,Organic compounds,Organoheterocyclic compounds,Azoles,Imidazoles,Substituted imidazoles,N-substituted imidazoles,,,,L3,146.1,285.1478,NA
RP_20.062_165.12727,RP,20.062,165.12727,Temp_avg_top,0.22273995882185946,0.09930329723206872,0.028105496247004758,0.41737442139671416,0.03439522022297354,0.3714386445563334,Exploratory (nominal P < 0.05 only),27,27,NA,NA,unnamed feature,NA,NA,NA,NA,NA,NA,NA,NA,NA,L4,40.7,NA,NA
RP_16.389_163.07525,RP,16.389,163.07525,Temp_avg_top,0.22659929377280102,0.10664783996571514,0.017569527439999344,0.4356290601056027,0.04410299038121067,0.3904231120071049,Exploratory (nominal P < 0.05 only),27,27,4-Methoxycinnamaldehyde,11,name shared with other features,Organic compounds,Phenylpropanoids and polyketides,Cinnamaldehydes,,Cinnamaldehydes,,,,,L2,36.1,162.06812000000002,Single-ring
RP_7.462_143.07018,RP,7.462,143.07018,Temp_avg_top,0.23710223333809102,0.07352089671935914,0.0930012757681471,0.38120319090803495,0.003615220601915264,0.2252910778704865,Exploratory (nominal P < 0.05 only),27,27,NA,NA,unnamed feature,NA,NA,NA,NA,NA,NA,NA,NA,NA,L4,52,NA,NA
RP_20.43_299.2579,RP,20.43,299.2579,Temp_avg_top,0.24194124481341733,0.1085970450859123,0.02909103644502925,0.4547914531818054,0.03551960737420257,0.3749819187541715,Exploratory (nominal P < 0.05 only),27,27,NA,NA,unnamed feature,NA,NA,NA,NA,NA,NA,NA,NA,NA,L4,55.5,NA,NA
RP_14.423_185.11712,RP,14.423,185.11712,Temp_avg_top,0.24464853545589657,0.09781595431960201,0.05292926498947664,0.4363678059223165,0.01960563384802819,0.33989357385424357,Exploratory (nominal P < 0.05 only),27,27,NA,NA,unnamed feature,NA,NA,NA,NA,NA,NA,NA,NA,NA,NA,79.4,NA,NA
RP_6.88_135.06505,RP,6.88,135.06505,Temp_avg_top,0.24615510203002863,0.10887370562781536,0.03276263899951054,0.4595475650605467,0.044786756288682915,0.3908735213658182,Exploratory (nominal P < 0.05 only),27,27,"2,3-Dihydroxy-2-methylbutanoic acid",1,name unique to this feature,Organic compounds,Lipids and lipid-like molecules,Fatty Acyls,Fatty acids and conjugates,Hydroxy fatty acids,,,,,L3,26.4,NA,NA
RP_8.247_196.10794,RP,8.247,196.10794,Temp_avg_top,0.2492483320434907,0.108412245486191,0.03676033089055636,0.46173633319642504,0.03050993192658115,0.3619749586380606,Exploratory (nominal P < 0.05 only),27,27,alpha-[3-(Nitrosoamino)propyl]-3-pyridinemethanol,2,name shared with other features,Organic compounds,Organoheterocyclic compounds,Pyridines and derivatives,,Pyridines and derivatives,,,,,L3,150.7,195.10082,NA
RP_15.745_223.16912,RP,15.745,223.16912,Temp_avg_top,0.2516415813915401,0.1145030105468967,0.027215680719622548,0.4760674820634576,0.037861136643564844,0.3805279633864707,Exploratory (nominal P < 0.05 only),27,27,6-nonyl-2H-pyran-2-one,2,name shared with other features,,,,,,,,,,L3,50.6,NA,NA
RP_19.051_361.20084,RP,19.051,361.20084,Temp_avg_top,0.2642879139065439,0.10875297749448526,0.05113207801735278,0.477443749795735,0.033722313037119096,0.36960900449646994,Exploratory (nominal P < 0.05 only),27,27,NA,NA,unnamed feature,NA,NA,NA,NA,NA,NA,NA,NA,NA,L4,62.6,NA,NA
RP_13.191_331.11756,RP,13.191,331.11756,Temp_avg_top,0.26575095362919476,0.11262010986965426,0.04501553828467242,0.4864863689737171,0.02676166263170962,0.35785245174915226,Exploratory (nominal P < 0.05 only),27,27,NA,NA,unnamed feature,NA,NA,NA,NA,NA,NA,NA,NA,NA,L4,78.4,NA,NA
RP_11.051_195.06507,RP,11.051,195.06507,Temp_avg_top,0.2710534874555335,0.10266343586513503,0.06983315315986882,0.47227382175119814,0.014335946763345174,0.3216108126552648,Exploratory (nominal P < 0.05 only),27,27,NA,NA,unnamed feature,NA,NA,NA,NA,NA,NA,NA,NA,NA,NA,76.9,NA,NA
RP_12.822_367.0811,RP,12.822,367.0811,Temp_avg_top,0.2724640052354068,0.10368444484445415,0.06924249334027668,0.47568551713053697,0.014745352270108815,0.32195644898059395,Exploratory (nominal P < 0.05 only),27,27,Daphnoretin methyl ether,1,name unique to this feature,Organic compounds,Phenylpropanoids and polyketides,Coumarins and derivatives,,Coumarins and derivatives,,,,,L3,170,NA,Multi-ring
RP_10.004_194.0447,RP,10.004,194.0447,Temp_avg_top,0.28022038808633865,0.1075873315275209,0.06934921829239768,0.4910915578802796,0.015542428242314747,0.3233631855252037,Exploratory (nominal P < 0.05 only),27,27,NA,NA,unnamed feature,NA,NA,NA,NA,NA,NA,NA,NA,NA,L4,132.3,NA,NA
RP_10.112_156.10181,RP,10.112,156.10181,Temp_avg_top,0.28071856954165814,0.13032068111025719,0.025290034565554065,0.5361471045177622,0.041490818484571174,0.3825796117356509,Exploratory (nominal P < 0.05 only),27,27,NA,NA,unnamed feature,NA,NA,NA,NA,NA,NA,NA,NA,NA,L4,109.4,NA,NA
RP_9.839_167.07017,RP,9.839,167.07017,Temp_avg_top,0.28364631495922377,0.13473428685017655,0.019567112732877756,0.5477255171855697,0.045922781088021745,0.3934268618316592,Exploratory (nominal P < 0.05 only),27,27,Apocynin,3,name shared with other features,Organic compounds,Organic oxygen compounds,Organooxygen compounds,Carbonyl compounds,Ketones,Aryl ketones,Phenylketones,Alkyl-phenylketones,,L2,57.7,166.06303,NA
RP_12.007_227.08135,RP,12.007,227.08135,Temp_avg_top,0.286797600147409,0.10545343566340527,0.08010886624713467,0.4934863340476834,0.011954725459076802,0.30188531030500015,Exploratory (nominal P < 0.05 only),27,27,2-methylamino-3H-phenoxazin-3-one,1,name unique to this feature,Organic compounds,Organoheterocyclic compounds,Benzoxazines,Phenoxazines,Phenoxazines,,,,,L3,156.7,NA,NA
RP_20.96_223.06346,RP,20.96,223.06346,Temp_avg_top,0.2947553814443763,0.1236896851812242,0.052323598489176865,0.5371871643995757,0.03739294046949715,0.3791710607134005,Exploratory (nominal P < 0.05 only),27,27,2-(3-Methylthiopropyl)malic acid,1,name unique to this feature,Organic compounds,Organic acids and derivatives,Hydroxy acids and derivatives,Medium-chain hydroxy acids and derivatives,Medium-chain hydroxy acids and derivatives,,,,,L3,46.4,NA,NA
RP_7.722_175.08649,RP,7.722,175.08649,Temp_avg_top,0.2994512454349491,0.10510217589699404,0.0934509806768408,0.5054515101930575,0.00885507067873608,0.27671437054958253,Exploratory (nominal P < 0.05 only),27,27,NA,NA,unnamed feature,NA,NA,NA,NA,NA,NA,NA,NA,NA,L4,53.1,NA,NA
RP_18.097_253.17965,RP,18.097,253.17965,Temp_avg_top,0.305628999530029,0.0900698560306559,0.1290920817099434,0.48216591735011455,0.0023970608526529633,0.19266560615873032,Exploratory (nominal P < 0.05 only),27,27,"6-(7-methyloctyl)-1H,3H,4H,6H-furo[3,4-c]furan-1-one",1,name unique to this feature,Organic compounds,Organoheterocyclic compounds,Furofurans,,Furofurans,,,,,L2,39.9,NA,NA
RP_7.722_176.09163,RP,7.722,176.09163,Temp_avg_top,0.305653330315133,0.12245730232064102,0.06563701776667658,0.5456696428635894,0.01982993984472056,0.33989357385424357,Exploratory (nominal P < 0.05 only),27,27,Spermidic acid,1,name unique to this feature,Organic compounds,Organic acids and derivatives,Carboxylic acids and derivatives,"Amino acids, peptides, and analogues",Amino acids and derivatives,Gamma amino acids and derivatives,,,,L3,51.2,NA,NA
RP_10.372_160.13312,RP,10.372,160.13312,Temp_avg_top,0.30905299652166385,0.11559987436674521,0.08247724276284324,0.5356287502804844,0.013289501868553526,0.3117847972007533,Exploratory (nominal P < 0.05 only),27,27,Pregabalin,1,name unique to this feature,Organic compounds,Organic acids and derivatives,Carboxylic acids and derivatives,"Amino acids, peptides, and analogues",Amino acids and derivatives,Gamma amino acids and derivatives,,,,L2,83.8,NA,NA
RP_18.387_310.23752,RP,18.387,310.23752,Temp_avg_top,0.30946668400931115,0.13952453506595258,0.03599859528004412,0.5829347727385782,0.03627025491756916,0.37724509919752675,Exploratory (nominal P < 0.05 only),27,27,N-(7Z-tetradecenoyl)-homoserine lactone,6,name shared with other features,Organic compounds,Organic acids and derivatives,Carboxylic acids and derivatives,"Amino acids, peptides, and analogues",Amino acids and derivatives,Alpha amino acids and derivatives,N-acyl-alpha amino acids and derivatives,,,L3,143.9,NA,NA
RP_7.904_173.04433,RP,7.904,173.04433,Temp_avg_top,0.3101420602175438,0.1384646588566552,0.038751328858499634,0.581532791576588,0.03462727856458714,0.37284214404134075,Exploratory (nominal P < 0.05 only),27,27,NA,NA,unnamed feature,NA,NA,NA,NA,NA,NA,NA,NA,NA,L4,86.9,NA,NA
RP_8.409_191.03381,RP,8.409,191.03381,Temp_avg_top,0.31275319584014866,0.14186473285240142,0.03469831944944185,0.5908080722308555,0.03731392184507816,0.3788197611086473,Exploratory (nominal P < 0.05 only),27,27,NA,NA,unnamed feature,NA,NA,NA,NA,NA,NA,NA,NA,NA,L4,118.1,NA,NA
RP_18.355_221.18985,RP,18.355,221.18985,Temp_avg_top,0.3166314090732335,0.14520141174388562,0.03203664205521767,0.6012261760912494,0.039244082449755455,0.3808598866918036,Exploratory (nominal P < 0.05 only),27,27,(-)-Caryophyllene oxide,2,name shared with other features,Organic compounds,Lipids and lipid-like molecules,Prenol lipids,Sesquiterpenoids,Sesquiterpenoids,,,,,L2,87,NA,NA
RP_13.804_181.12219,RP,13.804,181.12219,Temp_avg_top,0.32634606949224243,0.1443633210570209,0.043393960220481476,0.6092981787640034,0.04478759098983334,0.3908735213658182,Exploratory (nominal P < 0.05 only),27,27,"7E,10-undecadien-4-olide",1,name unique to this feature,Organic compounds,Organoheterocyclic compounds,Lactones,Gamma butyrolactones,Gamma butyrolactones,,,,,L3,70.8,NA,NA
RP_0.933_143.00147,RP,0.933,143.00147,Temp_avg_top,0.33131740355393313,0.11736436446254324,0.10128324920734838,0.5613515579005179,0.009412373612242751,0.2851523638098641,Exploratory (nominal P < 0.05 only),27,27,Sulfuric acid 2-hydroxyethyl ester,1,name unique to this feature,Organic compounds,Organic acids and derivatives,Organic sulfuric acids and derivatives,Sulfuric acid esters,Sulfuric acid monoesters,,,,,L3,60.1,NA,NA
RP_8.75_143.07019,RP,8.75,143.07019,Temp_avg_top,0.33593547603991286,0.1371343785454583,0.06715209409081463,0.604718857989011,0.02197371841531523,0.34832412895388587,Exploratory (nominal P < 0.05 only),27,27,NA,NA,unnamed feature,NA,NA,NA,NA,NA,NA,NA,NA,NA,L4,60.8,NA,NA
RP_7.675_157.04945,RP,7.675,157.04945,Temp_avg_top,0.3368309074483635,0.11648321290727513,0.10852381015010426,0.5651380047466228,0.008015527633709123,0.27343307460659627,Exploratory (nominal P < 0.05 only),27,27,NA,NA,unnamed feature,NA,NA,NA,NA,NA,NA,NA,NA,NA,L4,38.6,NA,NA
RP_5.958_227.10246,RP,5.958,227.10246,Temp_avg_top,0.33796957536631966,0.1369596799351708,0.0695286026933849,0.6064105480392544,0.021117425807820483,0.34388981111579087,Exploratory (nominal P < 0.05 only),27,27,Porphobilinogen,1,name unique to this feature,Organic compounds,Organic nitrogen compounds,Organonitrogen compounds,Amines,Aralkylamines,,,,,L3,140.3,226.09539999999998,NA
RP_3.055_403.96176,RP,3.055,403.96176,Temp_avg_top,0.3380023581590249,0.15679593164070543,0.030682332143242286,0.6453223841748075,0.04135034085169168,0.3823138624919684,Exploratory (nominal P < 0.05 only),27,27,NA,NA,unnamed feature,NA,NA,NA,NA,NA,NA,NA,NA,NA,NA,79.6,NA,NA
RP_15.508_241.08579,RP,15.508,241.08579,Temp_avg_top,0.34426238161272754,0.15832910699263436,0.03393733190716419,0.6545874313182909,0.03976562305592534,0.3808598866918036,Exploratory (nominal P < 0.05 only),27,27,Chrysophanol-9-anthrone,1,name unique to this feature,Organic compounds,Benzenoids,Anthracenes,,Anthracenes,,,,,L3,117.4,NA,Multi-ring
RP_8.705_179.04503,RP,8.705,179.04503,Temp_avg_top,0.3451397791704906,0.15260134025883196,0.04604115226317995,0.6442384060778013,0.033052932157418176,0.36926339873281705,Exploratory (nominal P < 0.05 only),27,27,NA,NA,unnamed feature,NA,NA,NA,NA,NA,NA,NA,NA,NA,L4,176.6,NA,NA
RP_12.761_267.15897,RP,12.761,267.15897,Temp_avg_top,0.35128704713619796,0.1304728366251946,0.09556028735081656,0.6070138069215794,0.01272595805021535,0.3105012852537104,Exploratory (nominal P < 0.05 only),27,27,"(3aR,4aS,5R,6S,8S,9aR)-5,6-dihydroxy-4a,8-dimethyl-3-methylidene-dodecahydroazuleno[6,5-b]furan-2-one",3,name shared with other features,NA,NA,NA,NA,NA,NA,NA,NA,NA,L2,63.1,NA,NA
RP_10.582_181.04944,RP,10.582,181.04944,Temp_avg_top,0.35166155739361227,0.1335668062471322,0.08987061714923311,0.6134524976379914,0.014577843964684548,0.32182833251810444,Exploratory (nominal P < 0.05 only),27,27,NA,NA,unnamed feature,NA,NA,NA,NA,NA,NA,NA,NA,NA,L4,49.8,NA,NA
RP_12.332_264.10177,RP,12.332,264.10177,Temp_avg_top,0.35297617312617496,0.12641723784460734,0.10519838695074457,0.6007539593016054,0.01587850353220107,0.3233631855252037,Exploratory (nominal P < 0.05 only),27,27,Methionylasparagine,1,name unique to this feature,Organic compounds,Organic acids and derivatives,Carboxylic acids and derivatives,"Amino acids, peptides, and analogues",Peptides,Dipeptides,,,,L3,200.3,NA,NA
RP_3.344_204.0865,RP,3.344,204.0865,Temp_avg_top,0.35342318301459774,0.15773789625543988,0.04425690635393559,0.66258945967526,0.04656645340469355,0.39662571258127044,Exploratory (nominal P < 0.05 only),27,27,NA,NA,unnamed feature,NA,NA,NA,NA,NA,NA,NA,NA,NA,L4,49.9,NA,NA
RP_11.995_285.08684,RP,11.995,285.08684,Temp_avg_top,0.3549504198260168,0.15457944517819133,0.051974707276761845,0.6579261323752719,0.030697139531718983,0.3619749586380606,Exploratory (nominal P < 0.05 only),27,27,NA,NA,unnamed feature,NA,NA,NA,NA,NA,NA,NA,NA,NA,L4,202.6,NA,NA
RP_17.069_242.2113,RP,17.069,242.2113,Temp_avg_top,0.3559792885312024,0.1274001317753658,0.10627503025148546,0.6056835468109194,0.010064192292767952,0.28674662481914204,Exploratory (nominal P < 0.05 only),27,27,"(4E,6E,d14:2) sphingosine",4,name shared with other features,Organic compounds,Organic nitrogen compounds,Organonitrogen compounds,Amines,Alkanolamines,"1,2-aminoalcohols",,,,L3,46.4,NA,NA
RP_13.656_151.11165,RP,13.656,151.11165,Temp_avg_top,0.3570481725354038,0.09543214881857488,0.170001160850997,0.5440951842198105,0.0010101092099393588,0.14178786892538545,Exploratory (nominal P < 0.05 only),27,27,NA,NA,unnamed feature,NA,NA,NA,NA,NA,NA,NA,NA,NA,L4,30.8,NA,NA
RP_19.156_261.22112,RP,19.156,261.22112,Temp_avg_top,0.3584133031346647,0.1719743508070921,0.02134357555276417,0.6954830307165651,0.04796746170938069,0.3992929477622153,Exploratory (nominal P < 0.05 only),27,27,NA,NA,unnamed feature,NA,NA,NA,NA,NA,NA,NA,NA,NA,NA,50.5,NA,NA
RP_0.929_239.96641,RP,0.929,239.96641,Temp_avg_top,0.3592223887907978,0.14527200384851657,0.07448926124770533,0.6439555163338904,0.03178877441981351,0.3652755967663922,Exploratory (nominal P < 0.05 only),27,27,NA,NA,unnamed feature,NA,NA,NA,NA,NA,NA,NA,NA,NA,L4,101.5,NA,NA
RP_9.38_111.08032,RP,9.38,111.08032,Temp_avg_top,0.36241014242673997,0.11103360514894803,0.14478427633480184,0.5800360085186781,0.0032883336194922935,0.22076969241454145,Exploratory (nominal P < 0.05 only),27,27,"trans,trans-2,4-Heptadienal",1,name unique to this feature,Organic compounds,Organic oxygen compounds,Organooxygen compounds,Carbonyl compounds,Aldehydes,Medium-chain aldehydes,,,,L2,58,NA,NA
RP_20.617_373.0978,RP,20.617,373.0978,Temp_avg_top,0.3647515300179953,0.13879793797195533,0.09270757159296289,0.6367954884430278,0.014741590451015165,0.32195644898059395,Exploratory (nominal P < 0.05 only),27,27,Banksialactone E,1,name unique to this feature,Organic compounds,Organoheterocyclic compounds,Benzopyrans,2-benzopyrans,2-benzopyrans,,,,,L3,49.2,NA,Multi-ring
RP_8.188_270.19234,RP,8.188,270.19234,Temp_avg_top,0.3655877476201355,0.16655857793405127,0.039132934869395064,0.692042560370876,0.04862538302895304,0.4008667210862004,Exploratory (nominal P < 0.05 only),27,27,NA,NA,unnamed feature,NA,NA,NA,NA,NA,NA,NA,NA,NA,L4,99.9,NA,NA
RP_11.354_255.12264,RP,11.354,255.12264,Temp_avg_top,0.3658832223128921,0.1761592611941727,0.020611070372313633,0.7111553742534706,0.04867359378959492,0.40094238605189975,Exploratory (nominal P < 0.05 only),27,27,NA,NA,unnamed feature,NA,NA,NA,NA,NA,NA,NA,NA,NA,L4,73.1,NA,NA
RP_13.801_198.14873,RP,13.801,198.14873,Temp_avg_top,0.36689802622832174,0.14325210004235145,0.0861239101453129,0.6476721423113305,0.017139495951471687,0.3315572550160399,Exploratory (nominal P < 0.05 only),27,27,Asenjonamide B,2,name shared with other features,NA,NA,NA,NA,NA,NA,NA,NA,NA,L3,225.8,NA,NA
RP_15.254_171.13785,RP,15.254,171.13785,Temp_avg_top,0.36936102122089315,0.13036396555679416,0.11384764872957659,0.6248743937122097,0.009188580216727412,0.28174655518275815,Exploratory (nominal P < 0.05 only),27,27,NA,NA,unnamed feature,NA,NA,NA,NA,NA,NA,NA,NA,NA,L4,108.7,NA,NA
RP_9.534_275.05489,RP,9.534,275.05489,Temp_avg_top,0.37098637115898575,0.14553643186329973,0.08573496470691827,0.6562377776110533,0.025016708625913632,0.35785245174915226,Exploratory (nominal P < 0.05 only),27,27,NA,NA,unnamed feature,NA,NA,NA,NA,NA,NA,NA,NA,NA,L4,227.7,NA,NA
RP_12.479_213.0657,RP,12.479,213.0657,Temp_avg_top,0.37957258385172116,0.16105736735576748,0.06390014383441689,0.6952450238690254,0.03634851346467849,0.37724509919752675,Exploratory (nominal P < 0.05 only),27,27,Isophenoxazine,2,name shared with other features,Organic compounds,Organoheterocyclic compounds,Benzoxazines,Phenoxazines,Phenoxazines,,,,,L3,135.5,212.05859999999998,NA
RP_19.696_219.17418,RP,19.696,219.17418,Temp_avg_top,0.3827104232300573,0.1522431578622438,0.08431383382005941,0.6811070126400551,0.019058503440163178,0.33989357385424357,Exploratory (nominal P < 0.05 only),27,27,NA,NA,unnamed feature,NA,NA,NA,NA,NA,NA,NA,NA,NA,NA,63.2,NA,NA
RP_5.922_463.92842,RP,5.922,463.92842,Temp_avg_top,0.3844009712690223,0.12788681330079685,0.13374281719946046,0.6350591253385841,0.011772415279321524,0.30188531030500015,Exploratory (nominal P < 0.05 only),27,27,NA,NA,unnamed feature,NA,NA,NA,NA,NA,NA,NA,NA,NA,NA,75.9,NA,NA
RP_10.532_179.03376,RP,10.532,179.03376,Temp_avg_top,0.3846199950114398,0.14885628368250764,0.09286167899372483,0.6763783110291548,0.01628820227096905,0.3248784732570759,Exploratory (nominal P < 0.05 only),27,27,NA,NA,unnamed feature,NA,NA,NA,NA,NA,NA,NA,NA,NA,L4,55.6,NA,NA
RP_9.553_183.06509,RP,9.553,183.06509,Temp_avg_top,0.38581926059128857,0.11621499106613883,0.15803787810165645,0.6136006430809207,0.0028691976551887483,0.21051713081499157,Exploratory (nominal P < 0.05 only),27,27,NA,NA,unnamed feature,NA,NA,NA,NA,NA,NA,NA,NA,NA,L4,41.6,NA,NA
RP_10.921_218.08106,RP,10.921,218.08106,Temp_avg_top,0.3876339587958854,0.1794069026187542,0.035996429663127216,0.7392714879286436,0.040923897734919265,0.38130354575096054,Exploratory (nominal P < 0.05 only),27,27,(S)-beta-Methylindolepyruvate,2,name shared with other features,Organic compounds,Organoheterocyclic compounds,Indoles and derivatives,Indoles,3-alkylindoles,,,,,L3,113.9,NA,NA
RP_15.876_216.19568,RP,15.876,216.19568,Temp_avg_top,0.38803774969167115,0.15234997002072423,0.08943180845105164,0.6866436909322906,0.017694271741261265,0.3341094840555804,Exploratory (nominal P < 0.05 only),27,27,12-Aminododecanoic acid,1,name unique to this feature,Organic compounds,Lipids and lipid-like molecules,Fatty Acyls,Fatty acids and conjugates,Medium-chain fatty acids,,,,,L2,46.7,NA,NA
RP_17.173_215.10651,RP,17.173,215.10651,Temp_avg_top,0.39145918755906867,0.16754832608212922,0.06306446843809543,0.7198539066800419,0.028150039394713333,0.3587558370502424,Exploratory (nominal P < 0.05 only),27,27,Ethyl 1-naphthaleneacetate,1,name unique to this feature,Organic compounds,Benzenoids,Naphthalenes,,Naphthalenes,,,,,L3,122.5,NA,Multi-ring
RP_10.449_155.07015,RP,10.449,155.07015,Temp_avg_top,0.3937716673571372,0.13847588571337768,0.12235893135891696,0.6651844033553574,0.015144706284471425,0.3233631855252037,Exploratory (nominal P < 0.05 only),27,27,NA,NA,unnamed feature,NA,NA,NA,NA,NA,NA,NA,NA,NA,L4,77.3,NA,NA
RP_18.798_219.17419,RP,18.798,219.17419,Temp_avg_top,0.39998395598748226,0.16034789209935854,0.08570208747273955,0.714265824502225,0.019897244477690184,0.33989357385424357,Exploratory (nominal P < 0.05 only),27,27,NA,NA,unnamed feature,NA,NA,NA,NA,NA,NA,NA,NA,NA,NA,181.6,NA,NA
RP_8.836_155.03379,RP,8.836,155.03379,Temp_avg_top,0.4115460567378874,0.19031712538010045,0.038524490992890514,0.7845676224828844,0.04077165399137425,0.3808598866918036,Exploratory (nominal P < 0.05 only),27,27,Dihydroxybenzoic acid,2,name shared with other features,Organic compounds,Benzenoids,Benzene and substituted derivatives,Benzoic acids and derivatives,Hydroxybenzoic acid derivatives,Salicylic acid and derivatives,Salicylic acids,,,L3,106.6,154.02662,Single-ring
RP_5.315_325.98442,RP,5.315,325.98442,Temp_avg_top,0.41324668999459885,0.1015452273687091,0.214218044351929,0.6122753356372687,0.001617356116741454,0.1748787582228233,Exploratory (nominal P < 0.05 only),27,27,NA,NA,unnamed feature,NA,NA,NA,NA,NA,NA,NA,NA,NA,NA,72.7,NA,NA
RP_13.663_202.14364,RP,13.663,202.14364,Temp_avg_top,0.4206856969761908,0.18452417456474146,0.059018314829297536,0.782353079123084,0.031795911240575986,0.3652755967663922,Exploratory (nominal P < 0.05 only),27,27,NA,NA,unnamed feature,NA,NA,NA,NA,NA,NA,NA,NA,NA,L4,111.7,NA,NA
RP_18.483_263.23678,RP,18.483,263.23678,Temp_avg_top,0.4258604599653463,0.19699079043847562,0.039758510705934114,0.8119624092247586,0.04082230678034227,0.3808598866918036,Exploratory (nominal P < 0.05 only),27,27,"(5E,9Z)-6,10,14-trimethylpentadeca-5,9,13-trien-2-one",1,name unique to this feature,Organic compounds,Lipids and lipid-like molecules,Prenol lipids,Diterpenoids,Acyclic diterpenoids,,,,,L3,63.1,NA,NA
RP_13.079_347.0913,RP,13.079,347.0913,Temp_avg_top,0.4270985738270327,0.1702946800510962,0.09332100092688417,0.7608761467271812,0.019307165688822608,0.33989357385424357,Exploratory (nominal P < 0.05 only),27,27,NA,NA,unnamed feature,NA,NA,NA,NA,NA,NA,NA,NA,NA,NA,145.7,NA,NA
RP_11.622_267.15896,RP,11.622,267.15896,Temp_avg_top,0.43579379715960714,0.14050528817611144,0.16040343233442872,0.7111841619847856,0.009599874851786134,0.2851523638098641,Exploratory (nominal P < 0.05 only),27,27,"(3aR,4aS,5R,6S,8S,9aR)-5,6-dihydroxy-4a,8-dimethyl-3-methylidene-dodecahydroazuleno[6,5-b]furan-2-one",3,name shared with other features,NA,NA,NA,NA,NA,NA,NA,NA,NA,L2,96.8,NA,NA
RP_13.943_189.0909,RP,13.943,189.0909,Temp_avg_top,0.4365866425531621,0.19578824183221483,0.05284168856202104,0.8203315965443032,0.035368388113433534,0.37469200168117417,Exploratory (nominal P < 0.05 only),27,27,"5-Phenylcyclohexane-1,3-dione",1,name unique to this feature,Organic compounds,Organic oxygen compounds,Organooxygen compounds,Carbonyl compounds,"1,3-dicarbonyl compounds",Beta-diketones,,,,L2,73.7,NA,NA
RP_18.64_301.1181,RP,18.64,301.1181,Temp_avg_top,0.4378803069577474,0.19261407321813834,0.06035672345019627,0.8154038904652985,0.03224039252750722,0.36794050310933163,Exploratory (nominal P < 0.05 only),27,27,NA,NA,unnamed feature,NA,NA,NA,NA,NA,NA,NA,NA,NA,L4,141.1,NA,NA
RP_10.178_158.11746,RP,10.178,158.11746,Temp_avg_top,0.43869689033876075,0.1717497181536271,0.10206744275765162,0.7753263379198698,0.017408191594927066,0.3323963582390792,Exploratory (nominal P < 0.05 only),27,27,Tranexamic acid,1,name unique to this feature,Organic compounds,Organic acids and derivatives,Carboxylic acids and derivatives,"Amino acids, peptides, and analogues",Amino acids and derivatives,Amino acids,,,,L2,83.9,157.11034,NA
RP_18.283_310.23754,RP,18.283,310.23754,Temp_avg_top,0.43924986754172296,0.16952026248020408,0.10699015308052295,0.771509582002923,0.016022098128252376,0.3233631855252037,Exploratory (nominal P < 0.05 only),27,27,NA,NA,unnamed feature,NA,NA,NA,NA,NA,NA,NA,NA,NA,L4,56.6,NA,NA
RP_14.91_175.07525,RP,14.91,175.07525,Temp_avg_top,0.4398547027018751,0.14094079367205825,0.1636107471046409,0.7160986582991093,0.009263489045000524,0.2831980936614446,Exploratory (nominal P < 0.05 only),27,27,4-oxo-5-phenylpentanoic acid,1,name unique to this feature,Organic compounds,Organic acids and derivatives,Keto acids and derivatives,Medium-chain keto acids and derivatives,Medium-chain keto acids and derivatives,,,,,L2,50.4,NA,NA
RP_17.516_242.21129,RP,17.516,242.21129,Temp_avg_top,0.44214907794844055,0.19525520975194469,0.059448866834628966,0.8248492890622521,0.032858801115789114,0.36926339873281705,Exploratory (nominal P < 0.05 only),27,27,NA,NA,unnamed feature,NA,NA,NA,NA,NA,NA,NA,NA,NA,NA,45.9,NA,NA
RP_13.375_373.12805,RP,13.375,373.12805,Temp_avg_top,0.44244946375231203,0.15421868504475406,0.1401808410645941,0.74471808644003,0.008453677727103644,0.2755984554302607,Exploratory (nominal P < 0.05 only),27,27,NA,NA,unnamed feature,NA,NA,NA,NA,NA,NA,NA,NA,NA,L4,87.4,NA,NA
RP_7.967_156.10182,RP,7.967,156.10182,Temp_avg_top,0.4442607604181327,0.1852598524386914,0.08115144963829762,0.8073700711979679,0.024615205959338127,0.35785245174915226,Exploratory (nominal P < 0.05 only),27,27,NA,NA,unnamed feature,NA,NA,NA,NA,NA,NA,NA,NA,NA,L4,45.5,NA,NA
RP_7.55_127.07521,RP,7.55,127.07521,Temp_avg_top,0.4461786845352133,0.16946962280153563,0.11401822384420346,0.7783391452262232,0.025986829921593686,0.35785245174915226,Exploratory (nominal P < 0.05 only),27,27,NA,NA,unnamed feature,NA,NA,NA,NA,NA,NA,NA,NA,NA,L4,62.9,NA,NA
RP_11.733_165.05452,RP,11.733,165.05452,Temp_avg_top,0.4464659792738903,0.18510687652193725,0.0836565012908933,0.8092754572568873,0.023877052325687233,0.35729344828780824,Exploratory (nominal P < 0.05 only),27,27,NA,NA,unnamed feature,NA,NA,NA,NA,NA,NA,NA,NA,NA,L4,89.6,NA,NA
RP_6.096_88.11201,RP,6.096,88.11201,Temp_avg_top,0.4472405136017743,0.14117865555670187,0.17053034871063866,0.72395067849291,0.004150565020083999,0.2330392829506756,Exploratory (nominal P < 0.05 only),27,27,Isoamylamine,1,name unique to this feature,Organic compounds,Organic nitrogen compounds,Organonitrogen compounds,Amines,Primary amines,Monoalkylamines,,,,L2,147.9,87.10485999999999,NA
RP_10.297_233.04435,RP,10.297,233.04435,Temp_avg_top,0.45057306052927754,0.19872619799171035,0.06106971246552528,0.8400764085930298,0.032660160267599235,0.36832456057447244,Exploratory (nominal P < 0.05 only),27,27,NA,NA,unnamed feature,NA,NA,NA,NA,NA,NA,NA,NA,NA,NA,110.1,NA,NA
RP_12.073_250.10722,RP,12.073,250.10722,Temp_avg_top,0.4583210470313887,0.19211036500055148,0.0817847316303078,0.8348573624324696,0.025287412722193942,0.35785245174915226,Exploratory (nominal P < 0.05 only),27,27,NA,NA,unnamed feature,NA,NA,NA,NA,NA,NA,NA,NA,NA,L4,151.3,NA,NA
RP_8.431_583.86215,RP,8.431,583.86215,Temp_avg_top,0.4628764072423259,0.14688806352983025,0.17497580272385865,0.7507770117607933,0.004321051620396519,0.23604531454731714,Exploratory (nominal P < 0.05 only),27,27,NA,NA,unnamed feature,NA,NA,NA,NA,NA,NA,NA,NA,NA,NA,73.6,NA,NA
RP_17.084_239.1065,RP,17.084,239.1065,Temp_avg_top,0.46516238433953366,0.18832828114191338,0.09603895330138346,0.8342858153776839,0.03065929027352387,0.3619749586380606,Exploratory (nominal P < 0.05 only),27,27,Benzyl cinnamate,1,name unique to this feature,Organic compounds,Phenylpropanoids and polyketides,Cinnamic acids and derivatives,Cinnamic acid esters,Cinnamic acid esters,,,,,L2,50.7,NA,Single-ring
RP_8.714_144.08069,RP,8.714,144.08069,Temp_avg_top,0.4683443572107252,0.2170227893857057,0.042979690014742,0.8937090244067084,0.04114694028855999,0.381470787303942,Exploratory (nominal P < 0.05 only),27,27,NA,NA,unnamed feature,NA,NA,NA,NA,NA,NA,NA,NA,NA,L4,128.3,NA,NA
RP_7.261_523.89533,RP,7.261,523.89533,Temp_avg_top,0.46946201003101373,0.1576861948711884,0.16039706808348447,0.7785269519785429,0.012705730213478294,0.3105012852537104,Exploratory (nominal P < 0.05 only),27,27,NA,NA,unnamed feature,NA,NA,NA,NA,NA,NA,NA,NA,NA,NA,76,NA,NA
RP_12.789_347.11243,RP,12.789,347.11243,Temp_avg_top,0.47115674840980837,0.1819654736562951,0.11450442004347,0.8278090767761468,0.016089883758059847,0.32357195255462895,Exploratory (nominal P < 0.05 only),27,27,NA,NA,unnamed feature,NA,NA,NA,NA,NA,NA,NA,NA,NA,L4,103.9,NA,NA
RP_15.806_319.17505,RP,15.806,319.17505,Temp_avg_top,0.47657470386218054,0.1957778995774416,0.092850020690395,0.8602993870339661,0.03173389819841121,0.3652755967663922,Exploratory (nominal P < 0.05 only),27,27,NA,NA,unnamed feature,NA,NA,NA,NA,NA,NA,NA,NA,NA,L4,411.4,NA,NA
RP_16.814_230.21131,RP,16.814,230.21131,Temp_avg_top,0.47688133530709215,0.21566566636321394,0.05417662923519284,0.8995860413789915,0.0367958653310754,0.37724509919752675,Exploratory (nominal P < 0.05 only),27,27,2S-Amino-tridecanoic acid,1,name unique to this feature,Organic compounds,Lipids and lipid-like molecules,Fatty Acyls,Fatty acids and conjugates,Long-chain fatty acids,,,,,L3,155.4,229.20430000000002,NA
RP_8.25_174.09125,RP,8.25,174.09125,Temp_avg_top,0.4772191500072395,0.1884601681934203,0.10783722034813575,0.8466010796663432,0.01829126842483006,0.3392509685989666,Exploratory (nominal P < 0.05 only),27,27,NA,NA,unnamed feature,NA,NA,NA,NA,NA,NA,NA,NA,NA,L4,112.9,NA,NA
RP_17.894_310.23751,RP,17.894,310.23751,Temp_avg_top,0.47886454394332806,0.1630328622381768,0.15932013395650152,0.7984089539301547,0.007200341423826197,0.26447125596668825,Exploratory (nominal P < 0.05 only),27,27,N-(7Z-tetradecenoyl)-homoserine lactone,6,name shared with other features,Organic compounds,Organic acids and derivatives,Carboxylic acids and derivatives,"Amino acids, peptides, and analogues",Amino acids and derivatives,Alpha amino acids and derivatives,N-acyl-alpha amino acids and derivatives,,,L3,141,NA,NA
RP_20.74_517.30707,RP,20.74,517.30707,Temp_avg_top,0.48031823032494486,0.10708888072337665,0.2704240241071266,0.6902124365427631,1.5378045111136298e-4,0.07322925886416555,Suggestive (FDR < 0.10),27,27,NA,NA,unnamed feature,NA,NA,NA,NA,NA,NA,NA,NA,NA,NA,49.3,NA,NA
RP_15.507_214.08613,RP,15.507,214.08613,Temp_avg_top,0.4815232302722371,0.2151176150983727,0.05989270467942659,0.9031537558650475,0.034733858205692345,0.37304865803149845,Exploratory (nominal P < 0.05 only),27,27,Benzyl nicotinate,1,name unique to this feature,Organic compounds,Benzenoids,Benzene and substituted derivatives,Benzyloxycarbonyls,Benzyloxycarbonyls,,,,,L3,109.5,213.07902,Single-ring
RP_9.156_135.10145,RP,9.156,135.10145,Temp_avg_top,0.4844217747444274,0.2075659326095283,0.07759254682975192,0.8912510026591028,0.03966183313353275,0.3808598866918036,Exploratory (nominal P < 0.05 only),27,27,NA,NA,unnamed feature,NA,NA,NA,NA,NA,NA,NA,NA,NA,L4,81.7,NA,NA
RP_20.975_411.32553,RP,20.975,411.32553,Temp_avg_top,0.4959052990409299,0.21005061069711187,0.08420610207459062,0.9076044960072691,0.02669347618624509,0.35785245174915226,Exploratory (nominal P < 0.05 only),27,27,NA,NA,unnamed feature,NA,NA,NA,NA,NA,NA,NA,NA,NA,NA,100.1,NA,NA
RP_1.043_916.78115,RP,1.043,916.78115,Temp_avg_top,0.4983869538048093,0.2032862389263013,0.09994592550925879,0.8968279821003597,0.021878324390861657,0.34734798785615295,Exploratory (nominal P < 0.05 only),27,27,[1-[2-(dimethylamino)ethoxy-hydroxyphosphoryl]oxy-3-docosanoyloxypropan-2-yl] tetracosanoate,1,name unique to this feature,Organic compounds,Lipids and lipid-like molecules,Glycerophospholipids,Glycerophosphoethanolamines,Phosphatidylethanolamines,Dimethylphosphatidylethanolamines,,,,L3,88.7,NA,NA
RP_11.844_151.07526,RP,11.844,151.07526,Temp_avg_top,0.503040172060893,0.22561320380772407,0.06083829259775386,0.9452420515240322,0.035385990361162516,0.37469200168117417,Exploratory (nominal P < 0.05 only),27,27,NA,NA,unnamed feature,NA,NA,NA,NA,NA,NA,NA,NA,NA,NA,63.4,NA,NA
RP_12.77_259.11749,RP,12.77,259.11749,Temp_avg_top,0.507608428570507,0.2225198155604782,0.07146959007196979,0.9437472670690443,0.04508980394448116,0.3915833763770195,Exploratory (nominal P < 0.05 only),27,27,Tensyuic acid B,1,name unique to this feature,Organic compounds,Organic acids and derivatives,Carboxylic acids and derivatives,Tricarboxylic acids and derivatives,Tricarboxylic acids and derivatives,,,,,L3,144.2,NA,NA
RP_12.774_259.11748,RP,12.774,259.11748,Temp_avg_top,0.507608428570507,0.2225198155604782,0.07146959007196979,0.9437472670690443,0.04508980394448116,0.3915833763770195,Exploratory (nominal P < 0.05 only),27,27,NA,NA,unnamed feature,NA,NA,NA,NA,NA,NA,NA,NA,NA,L4,143.6,NA,NA
RP_11.124_472.16009,RP,11.124,472.16009,Temp_avg_top,0.5095581434917356,0.2429380508606958,0.03339956380477177,0.9857167231786994,0.046663474707138754,0.39712279386224464,Exploratory (nominal P < 0.05 only),27,27,NA,NA,unnamed feature,NA,NA,NA,NA,NA,NA,NA,NA,NA,NA,133.5,NA,NA
RP_12.117_233.08071,RP,12.117,233.08071,Temp_avg_top,0.5136998416637413,0.2067390956569061,0.10849121417620533,0.9189084691512772,0.020330927451159678,0.34005146047338436,Exploratory (nominal P < 0.05 only),27,27,NA,NA,unnamed feature,NA,NA,NA,NA,NA,NA,NA,NA,NA,L4,88.2,NA,NA
RP_0.934_231.89327,RP,0.934,231.89327,Temp_avg_top,0.5152939752135057,0.13886353143461772,0.243121453601655,0.7874664968253564,0.0010904718729181568,0.14500847011928786,Exploratory (nominal P < 0.05 only),27,27,NA,NA,unnamed feature,NA,NA,NA,NA,NA,NA,NA,NA,NA,NA,58.6,NA,NA
RP_13.331_411.14367,RP,13.331,411.14367,Temp_avg_top,0.5197069937981997,0.14959826543819452,0.22649439353933848,0.812919594057061,0.0019645632526207875,0.18489349315368306,Exploratory (nominal P < 0.05 only),27,27,NP-004022,1,name unique to this feature,Organic compounds,Phenylpropanoids and polyketides,Isoflavonoids,Rotenoids,Rotenones,,,,,L2,64.3,NA,Multi-ring
RP_13.173_231.10142,RP,13.173,231.10142,Temp_avg_top,0.5202687847568879,0.2351157681908599,0.05944187910280252,0.9810956904109732,0.03667060850526977,0.37724509919752675,Exploratory (nominal P < 0.05 only),27,27,NA,NA,unnamed feature,NA,NA,NA,NA,NA,NA,NA,NA,NA,L4,469.1,NA,NA
RP_6.015_181.01302,RP,6.015,181.01302,Temp_avg_top,0.5225010205325911,0.1731732403694324,0.18308146940850356,0.8619205716566786,0.0059568034694662975,0.2561302415617493,Exploratory (nominal P < 0.05 only),27,27,NA,NA,unnamed feature,NA,NA,NA,NA,NA,NA,NA,NA,NA,L4,133.2,NA,NA
RP_12.233_205.08578,RP,12.233,205.08578,Temp_avg_top,0.5248247775194869,0.20820694150862426,0.11673917216258334,0.9329103828763904,0.018768142706287377,0.33989357385424357,Exploratory (nominal P < 0.05 only),27,27,NA,NA,unnamed feature,NA,NA,NA,NA,NA,NA,NA,NA,NA,NA,64.9,NA,NA
RP_12.774_294.1546,RP,12.774,294.1546,Temp_avg_top,0.5263992958222821,0.22019262311771662,0.0948217545115575,0.9579768371330066,0.035447248430073255,0.37469200168117417,Exploratory (nominal P < 0.05 only),27,27,NA,NA,unnamed feature,NA,NA,NA,NA,NA,NA,NA,NA,NA,L4,161.2,NA,NA
RP_18.892_613.37082,RP,18.892,613.37082,Temp_avg_top,0.5287472692682642,0.23584148296328816,0.0664979626602194,0.9909965758763091,0.04554187536373324,0.3921258539281373,Exploratory (nominal P < 0.05 only),27,27,Mancinellin,1,name unique to this feature,Organic compounds,Lipids and lipid-like molecules,Prenol lipids,Monoterpenoids,Bicyclic monoterpenoids,,,,,L3,170.7,612.36644,NA
RP_18.043_292.22693,RP,18.043,292.22693,Temp_avg_top,0.5290167001440841,0.1592871959940045,0.21681379599583522,0.841219604292333,0.002860270172072884,0.21051713081499157,Exploratory (nominal P < 0.05 only),27,27,NA,NA,unnamed feature,NA,NA,NA,NA,NA,NA,NA,NA,NA,NA,87.8,NA,NA
RP_18.039_292.22692,RP,18.039,292.22692,Temp_avg_top,0.5290167001440841,0.1592871959940045,0.21681379599583522,0.841219604292333,0.002860270172072884,0.21051713081499157,Exploratory (nominal P < 0.05 only),27,27,NA,NA,unnamed feature,NA,NA,NA,NA,NA,NA,NA,NA,NA,L4,87.9,NA,NA
RP_3.792_403.96175,RP,3.792,403.96175,Temp_avg_top,0.530217691761558,0.16835707412878476,0.20023782646913985,0.8601975570539762,0.004340413823234383,0.23604531454731714,Exploratory (nominal P < 0.05 only),27,27,NA,NA,unnamed feature,NA,NA,NA,NA,NA,NA,NA,NA,NA,NA,88.9,NA,NA
RP_16.362_318.11234,RP,16.362,318.11234,Temp_avg_top,0.5303833974394666,0.23465211473212363,0.07046525256450431,0.9903015423144289,0.033152695754597374,0.36926339873281705,Exploratory (nominal P < 0.05 only),27,27,NA,NA,unnamed feature,NA,NA,NA,NA,NA,NA,NA,NA,NA,L4,236.2,NA,NA
RP_10.437_212.11807,RP,10.437,212.11807,Temp_avg_top,0.5307040998933035,0.20201110877695225,0.13476232669047705,0.9266458730961299,0.014769331442691774,0.32195644898059395,Exploratory (nominal P < 0.05 only),27,27,"N,N'-Diphenylguanidine",1,name unique to this feature,Organic compounds,Benzenoids,Benzene and substituted derivatives,,Benzene and substituted derivatives,,,,,L2,67.7,NA,Single-ring
RP_18.191_503.33653,RP,18.191,503.33653,Temp_avg_top,0.5314110327332137,0.19375517578616352,0.15165088819233313,0.9111711772740942,0.02139888058741644,0.3449203318961806,Exploratory (nominal P < 0.05 only),27,27,NA,NA,unnamed feature,NA,NA,NA,NA,NA,NA,NA,NA,NA,NA,106.9,NA,NA
RP_1.23_418.01954,RP,1.23,418.01954,Temp_avg_top,0.5330075520722222,0.23253222576593927,0.07724438957098123,0.9887707145734631,0.04850245187567383,0.40081833118819116,Exploratory (nominal P < 0.05 only),27,27,NA,NA,unnamed feature,NA,NA,NA,NA,NA,NA,NA,NA,NA,L4,121.6,NA,NA
RP_10.774_218.08106,RP,10.774,218.08106,Temp_avg_top,0.5334559647870859,0.2451586989907129,0.05294491476528862,1.013967014808883,0.03963109875945666,0.3808598866918036,Exploratory (nominal P < 0.05 only),27,27,(S)-beta-Methylindolepyruvate,2,name shared with other features,Organic compounds,Organoheterocyclic compounds,Indoles and derivatives,Indoles,3-alkylindoles,,,,,L3,105.1,NA,NA
RP_12.944_203.07015,RP,12.944,203.07015,Temp_avg_top,0.5336730550086728,0.2576859622531597,0.028608568992479766,1.0387375410248658,0.049275101238266755,0.4015365255913905,Exploratory (nominal P < 0.05 only),27,27,NA,NA,unnamed feature,NA,NA,NA,NA,NA,NA,NA,NA,NA,L4,170,NA,NA
RP_13.506_198.14873,RP,13.506,198.14873,Temp_avg_top,0.5346133879957434,0.18204490732577047,0.1778053696372333,0.8914214063542536,0.007209107444574836,0.26447125596668825,Exploratory (nominal P < 0.05 only),27,27,NA,NA,unnamed feature,NA,NA,NA,NA,NA,NA,NA,NA,NA,L4,57.5,NA,NA
RP_19.428_281.24735,RP,19.428,281.24735,Temp_avg_top,0.5383531094651707,0.21224576079193816,0.12235141831297192,0.9543548006173694,0.018117723080697437,0.33898952911643726,Exploratory (nominal P < 0.05 only),27,27,NA,NA,unnamed feature,NA,NA,NA,NA,NA,NA,NA,NA,NA,NA,65.4,NA,NA
RP_17.361_309.14838,RP,17.361,309.14838,Temp_avg_top,0.5387026728804684,0.22983298789083104,0.08823001661443952,0.9891753291464972,0.02769688716072132,0.35785245174915226,Exploratory (nominal P < 0.05 only),27,27,Nigerapyrone H,1,name unique to this feature,Organic compounds,Organoheterocyclic compounds,Pyrans,Pyranones and derivatives,Pyranones and derivatives,,,,,L3,96,NA,NA
RP_15.288_325.14336,RP,15.288,325.14336,Temp_avg_top,0.5458942759676931,0.17735248353080216,0.19828340824732094,0.8935051436880653,0.005151943695497567,0.24269072933644575,Exploratory (nominal P < 0.05 only),27,27,Flemistrictin E,2,name shared with other features,Organic compounds,Phenylpropanoids and polyketides,Cinnamic acids and derivatives,,Cinnamic acids and derivatives,,,,,L3,79.6,NA,Single-ring
RP_9.926_276.12293,RP,9.926,276.12293,Temp_avg_top,0.5462901557683276,0.22513466913162908,0.10502620427033466,0.9875541072663205,0.023125116072776317,0.3550690467855879,Exploratory (nominal P < 0.05 only),27,27,NA,NA,unnamed feature,NA,NA,NA,NA,NA,NA,NA,NA,NA,NA,174.3,NA,NA
RP_10.535_165.01814,RP,10.535,165.01814,Temp_avg_top,0.5480623925952273,0.21463836933946873,0.12737118868986858,0.968753596500586,0.01744174815915729,0.3323963582390792,Exploratory (nominal P < 0.05 only),27,27,Terephthalate,1,name unique to this feature,Organic compounds,Benzenoids,Benzene and substituted derivatives,Benzoic acids and derivatives,Phthalic acid and derivatives,P-phthalic acid and derivatives,,,,L3,63.8,200.0321,Single-ring
RP_12.774_191.0913,RP,12.774,191.0913,Temp_avg_top,0.5494468638391483,0.2259788931595437,0.10652823324644267,0.992365494431854,0.03261991108821397,0.36832456057447244,Exploratory (nominal P < 0.05 only),27,27,3-hydroxy-suberic acid,1,name unique to this feature,Organic compounds,Organic acids and derivatives,Hydroxy acids and derivatives,Medium-chain hydroxy acids and derivatives,Medium-chain hydroxy acids and derivatives,,,,,L3,172.8,NA,NA
RP_15.132_275.10251,RP,15.132,275.10251,Temp_avg_top,0.5494510533271856,0.18657428099160128,0.18376546258364707,0.915136644070724,0.007070312275232762,0.26447125596668825,Exploratory (nominal P < 0.05 only),27,27,NA,NA,unnamed feature,NA,NA,NA,NA,NA,NA,NA,NA,NA,L4,122.6,NA,NA
RP_12.851_129.09089,RP,12.851,129.09089,Temp_avg_top,0.5633536058080276,0.2653531070507005,0.043261515988654686,1.0834456956274006,0.044259782339392234,0.3908735213658182,Exploratory (nominal P < 0.05 only),27,27,Cyclohexanecarboxylic acid,1,name unique to this feature,Organic compounds,Organic acids and derivatives,Carboxylic acids and derivatives,Carboxylic acids,Carboxylic acids,,,,,L2,112.6,128.08378,NA
RP_13.771_240.15927,RP,13.771,240.15927,Temp_avg_top,0.5648245638216527,0.22583329634400143,0.12219130298740988,1.0074578246558956,0.019607474561172386,0.33989357385424357,Exploratory (nominal P < 0.05 only),27,27,NA,NA,unnamed feature,NA,NA,NA,NA,NA,NA,NA,NA,NA,L4,72.4,NA,NA
RP_12.284_189.0545,RP,12.284,189.0545,Temp_avg_top,0.5654376498128143,0.24534601204133993,0.08455946621178806,1.0463158334138405,0.04384674116293415,0.3899512772516533,Exploratory (nominal P < 0.05 only),27,27,NA,NA,unnamed feature,NA,NA,NA,NA,NA,NA,NA,NA,NA,NA,69.1,NA,NA
RP_14.727_347.24271,RP,14.727,347.24271,Temp_avg_top,0.5732933182212231,0.2556912029425047,0.07213856045391387,1.0744480759885322,0.034460769885337396,0.3714386445563334,Exploratory (nominal P < 0.05 only),27,27,NA,NA,unnamed feature,NA,NA,NA,NA,NA,NA,NA,NA,NA,NA,154.4,NA,NA
RP_17.152_269.17461,RP,17.152,269.17461,Temp_avg_top,0.5740110205387642,0.14645448155233493,0.28696023669618775,0.8610618043813406,6.45806978339289e-4,0.1323544602923567,Exploratory (nominal P < 0.05 only),27,27,NA,NA,unnamed feature,NA,NA,NA,NA,NA,NA,NA,NA,NA,L4,92.1,NA,NA
RP_6.639_189.06575,RP,6.639,189.06575,Temp_avg_top,0.5741552578766917,0.21659225021543016,0.14963444745444865,0.9986760682989348,0.013992923869070124,0.3194055060030475,Exploratory (nominal P < 0.05 only),27,27,NA,NA,unnamed feature,NA,NA,NA,NA,NA,NA,NA,NA,NA,L4,102.4,NA,NA
RP_13.146_361.12811,RP,13.146,361.12811,Temp_avg_top,0.5757787416578166,0.21628306148091844,0.15186394115521645,0.9996935421604167,0.013637302069973937,0.3147918356466793,Exploratory (nominal P < 0.05 only),27,27,NA,NA,unnamed feature,NA,NA,NA,NA,NA,NA,NA,NA,NA,L4,95.9,NA,NA
RP_18.773_459.34664,RP,18.773,459.34664,Temp_avg_top,0.5800984668949661,0.23463255703236174,0.12021865511153712,1.039978278678395,0.020898120997814174,0.34346479822327547,Exploratory (nominal P < 0.05 only),27,27,"2-(Methoxycarbonyl)-5-methyl-2,4-bis(3-methyl-2-butenyl)-6-(2-methyl-1-oxopropyl)-5-(4-methyl-3-pentenyl)cyclohexanone",2,name shared with other features,Organic compounds,Lipids and lipid-like molecules,Prenol lipids,Monoterpenoids,Monocyclic monoterpenoids,,,,,L3,139.5,NA,NA
RP_18.039_310.23749,RP,18.039,310.23749,Temp_avg_top,0.5837607435080286,0.17534136496000388,0.24009166818642103,0.9274298188296363,0.002803967911287639,0.21051713081499157,Exploratory (nominal P < 0.05 only),27,27,N-(7Z-tetradecenoyl)-homoserine lactone,6,name shared with other features,Organic compounds,Organic acids and derivatives,Carboxylic acids and derivatives,"Amino acids, peptides, and analogues",Amino acids and derivatives,Alpha amino acids and derivatives,N-acyl-alpha amino acids and derivatives,,,L3,96.5,NA,NA
RP_0.933_229.8929,RP,0.933,229.8929,Temp_avg_top,0.5838007245469813,0.22527285067944786,0.14226593721526348,1.025335511878699,0.024507991754393707,0.35785245174915226,Exploratory (nominal P < 0.05 only),27,27,NA,NA,unnamed feature,NA,NA,NA,NA,NA,NA,NA,NA,NA,NA,111.1,NA,NA
RP_0.934_228.89442,RP,0.934,228.89442,Temp_avg_top,0.5841528493064398,0.22521493621427818,0.1427315743264546,1.0255741242864251,0.024407188504661104,0.35785245174915226,Exploratory (nominal P < 0.05 only),27,27,NA,NA,unnamed feature,NA,NA,NA,NA,NA,NA,NA,NA,NA,NA,107.3,NA,NA
RP_13.771_222.14873,RP,13.771,222.14873,Temp_avg_top,0.5863979108338859,0.2042598748098315,0.1860485562066162,0.9867472654611557,0.008416771212038774,0.2755984554302607,Exploratory (nominal P < 0.05 only),27,27,NA,NA,unnamed feature,NA,NA,NA,NA,NA,NA,NA,NA,NA,L4,60.5,NA,NA
RP_17.704_310.23752,RP,17.704,310.23752,Temp_avg_top,0.588215955742326,0.19111750460310128,0.21362564672024748,0.9628062647644045,0.005154998547725748,0.24269072933644575,Exploratory (nominal P < 0.05 only),27,27,N-(7Z-tetradecenoyl)-homoserine lactone,6,name shared with other features,Organic compounds,Organic acids and derivatives,Carboxylic acids and derivatives,"Amino acids, peptides, and analogues",Amino acids and derivatives,Alpha amino acids and derivatives,N-acyl-alpha amino acids and derivatives,,,L3,114.1,NA,NA
RP_18.226_448.23277,RP,18.226,448.23277,Temp_avg_top,0.588860279927883,0.22003424519928647,0.15759315933728157,1.0201274005184846,0.013206283059551559,0.3117847972007533,Exploratory (nominal P < 0.05 only),27,27,NA,NA,unnamed feature,NA,NA,NA,NA,NA,NA,NA,NA,NA,NA,27.4,NA,NA
RP_13.121_377.123,RP,13.121,377.123,Temp_avg_top,0.5998826609851612,0.1696282342287437,0.26741132189682354,0.9323540000734989,0.0016833342546167026,0.17598026837267078,Exploratory (nominal P < 0.05 only),27,27,NA,NA,unnamed feature,NA,NA,NA,NA,NA,NA,NA,NA,NA,NA,75.7,NA,NA
RP_15.642_186.09124,RP,15.642,186.09124,Temp_avg_top,0.6003652662742808,0.28022760000649743,0.05111917026154578,1.1496113622870157,0.042510824103535946,0.38541146089278133,Exploratory (nominal P < 0.05 only),27,27,Naphthaleneacetamide,1,name unique to this feature,Organic compounds,Benzenoids,Naphthalenes,,Naphthalenes,,,,,L2,145.8,185.08411,Multi-ring
RP_13.511_179.07017,RP,13.511,179.07017,Temp_avg_top,0.6011421132116778,0.262855802397746,0.08594474051209566,1.1163394859112599,0.031314009112270856,0.3652755967663922,Exploratory (nominal P < 0.05 only),27,27,NA,NA,unnamed feature,NA,NA,NA,NA,NA,NA,NA,NA,NA,NA,172.3,NA,NA
RP_1.229_346.99808,RP,1.229,346.99808,Temp_avg_top,0.6042456117922911,0.235809416813946,0.14205915483695697,1.0664320687476252,0.017092298887909894,0.3312681022200197,Exploratory (nominal P < 0.05 only),27,27,NA,NA,unnamed feature,NA,NA,NA,NA,NA,NA,NA,NA,NA,NA,171.2,NA,NA
RP_14.139_363.0862,RP,14.139,363.0862,Temp_avg_top,0.6160845804855785,0.2982768966603145,0.031461863031362114,1.2007072979397948,0.04983836324536433,0.40211803903805443,Exploratory (nominal P < 0.05 only),27,27,NA,NA,unnamed feature,NA,NA,NA,NA,NA,NA,NA,NA,NA,NA,124.5,NA,NA
RP_8.656_195.02868,RP,8.656,195.02868,Temp_avg_top,0.619404601538818,0.2283249978631429,0.17188760572705797,1.0669215973505781,0.012144125305716631,0.3023196155737448,Exploratory (nominal P < 0.05 only),27,27,"4,6,7-Trihydroxycoumarin",1,name unique to this feature,Organic compounds,Phenylpropanoids and polyketides,Coumarins and derivatives,Hydroxycoumarins,7-hydroxycoumarins,,,,,L3,113.8,NA,Multi-ring
RP_19.163_597.37601,RP,19.163,597.37601,Temp_avg_top,0.6282180315288785,0.2637271877527455,0.1113127435334973,1.1451233195242596,0.025489281444829568,0.35785245174915226,Exploratory (nominal P < 0.05 only),27,27,NA,NA,unnamed feature,NA,NA,NA,NA,NA,NA,NA,NA,NA,NA,156.5,NA,NA
RP_12.019_233.08069,RP,12.019,233.08069,Temp_avg_top,0.641737923057007,0.25663294694892524,0.1387373470371136,1.1447384990769005,0.01962767228385541,0.33989357385424357,Exploratory (nominal P < 0.05 only),27,27,NA,NA,unnamed feature,NA,NA,NA,NA,NA,NA,NA,NA,NA,L4,94.3,NA,NA
RP_0.927_273.94936,RP,0.927,273.94936,Temp_avg_top,0.6481655495058402,0.20353552320870605,0.2492359240167763,1.047095174994904,0.009929910823392245,0.28571440890163907,Exploratory (nominal P < 0.05 only),27,27,NA,NA,unnamed feature,NA,NA,NA,NA,NA,NA,NA,NA,NA,NA,65.1,NA,NA
RP_1.465_161.9609,RP,1.465,161.9609,Temp_avg_top,0.6502385960569549,0.25095076651987147,0.15837509367800684,1.142102098435903,0.016023350996137917,0.3233631855252037,Exploratory (nominal P < 0.05 only),27,27,NA,NA,unnamed feature,NA,NA,NA,NA,NA,NA,NA,NA,NA,NA,33.3,NA,NA
RP_13.468_203.07014,RP,13.468,203.07014,Temp_avg_top,0.6520911415324965,0.26748135091609676,0.1278276937369468,1.1763545893280463,0.022552494052254634,0.35046780469706446,Exploratory (nominal P < 0.05 only),27,27,NA,NA,unnamed feature,NA,NA,NA,NA,NA,NA,NA,NA,NA,L4,89.2,NA,NA
RP_6.99_156.10182,RP,6.99,156.10182,Temp_avg_top,0.6544932422488103,0.1969645373791554,0.2684427489856658,1.040543735511955,0.002848069968972391,0.21051713081499157,Exploratory (nominal P < 0.05 only),27,27,Arecoline,1,name unique to this feature,Organic compounds,Alkaloids and derivatives,,,Alkaloids and derivatives,,,,,L2,71.2,155.09467999999998,NA
RP_14.86_278.13857,RP,14.86,278.13857,Temp_avg_top,0.6627299221061091,0.2264113733341898,0.21896363037109712,1.1064962138411212,0.013537669423685096,0.3131958115317417,Exploratory (nominal P < 0.05 only),27,27,NA,NA,unnamed feature,NA,NA,NA,NA,NA,NA,NA,NA,NA,L4,116,NA,NA
RP_11.435_241.03766,RP,11.435,241.03766,Temp_avg_top,0.6638640120868664,0.14595717420662926,0.37778795064187304,0.9499400735318597,1.3096549873094996e-4,0.07322925886416555,Suggestive (FDR < 0.10),27,27,NA,NA,unnamed feature,NA,NA,NA,NA,NA,NA,NA,NA,NA,NA,83.6,NA,NA
RP_12.191_333.09685,RP,12.191,333.09685,Temp_avg_top,0.668329276790075,0.2537686266528035,0.17094276855058022,1.1657157850295699,0.014552527874615022,0.32182833251810444,Exploratory (nominal P < 0.05 only),27,27,Sulochrin,1,name unique to this feature,Organic compounds,Benzenoids,Benzene and substituted derivatives,Benzophenones,Benzophenones,,,,,L3,84.3,332.08965,Single-ring
RP_13.134_257.08073,RP,13.134,257.08073,Temp_avg_top,0.6722728453442869,0.3181374462769944,0.04872345064137784,1.295822240047196,0.04517586502340634,0.3915833763770195,Exploratory (nominal P < 0.05 only),27,27,NA,NA,unnamed feature,NA,NA,NA,NA,NA,NA,NA,NA,NA,NA,110,NA,NA
RP_17.858_359.25789,RP,17.858,359.25789,Temp_avg_top,0.672880004303987,0.2644770788714842,0.15450492971587793,1.191255078892096,0.027450545270514996,0.35785245174915226,Exploratory (nominal P < 0.05 only),27,27,NA,NA,unnamed feature,NA,NA,NA,NA,NA,NA,NA,NA,NA,L4,86.9,NA,NA
RP_14.255_299.09127,RP,14.255,299.09127,Temp_avg_top,0.6739409016230185,0.2850301378955173,0.11528183134780456,1.2325999718982323,0.03773873000563592,0.3805279633864707,Exploratory (nominal P < 0.05 only),27,27,NA,NA,unnamed feature,NA,NA,NA,NA,NA,NA,NA,NA,NA,NA,129.1,NA,NA
RP_10.291_291.08624,RP,10.291,291.08624,Temp_avg_top,0.6835421940521743,0.3035594246471764,0.08856572174370858,1.27851866636064,0.033761880284838064,0.36960900449646994,Exploratory (nominal P < 0.05 only),27,27,(-)-Epicatechin,3,name shared with other features,Organic compounds,Phenylpropanoids and polyketides,Flavonoids,Flavans,Flavan-3-ols,Catechins,,,,L1,102.7,290.07908,Multi-ring
RP_9.263_201.00285,RP,9.263,201.00285,Temp_avg_top,0.7029008877995673,0.26058540761481236,0.1921534888745351,1.2136482867245995,0.023198143821077804,0.3556587064628525,Exploratory (nominal P < 0.05 only),27,27,Meconic acid,1,name unique to this feature,Organic compounds,Organoheterocyclic compounds,Pyrans,Pyranones and derivatives,Pyranones and derivatives,,,,,L3,156.4,199.99569,NA
RP_13.294_301.10695,RP,13.294,301.10695,Temp_avg_top,0.70611999069231,0.19858766636870523,0.31688816460964775,1.0953518167749723,0.0016048367424880345,0.1748787582228233,Exploratory (nominal P < 0.05 only),27,27,NA,NA,unnamed feature,NA,NA,NA,NA,NA,NA,NA,NA,NA,NA,98.1,NA,NA
RP_17.797_503.33653,RP,17.797,503.33653,Temp_avg_top,0.7069166448709855,0.31604302935385203,0.0874723073374355,1.3263609824045355,0.034855468324819956,0.373342409418718,Exploratory (nominal P < 0.05 only),27,27,NA,NA,unnamed feature,NA,NA,NA,NA,NA,NA,NA,NA,NA,NA,129.2,NA,NA
RP_10.552_291.08619,RP,10.552,291.08619,Temp_avg_top,0.7143985276435149,0.34101920274531416,0.04600089026269916,1.3827961650243306,0.04691346986750013,0.3979315957712315,Exploratory (nominal P < 0.05 only),27,27,(-)-Epicatechin,3,name shared with other features,Organic compounds,Phenylpropanoids and polyketides,Flavonoids,Flavans,Flavan-3-ols,Catechins,,,,L1,NA,290.07908,Multi-ring
RP_17.878_519.3315,RP,17.878,519.3315,Temp_avg_top,0.7208813942048593,0.2907160155471145,0.1510780037325149,1.2906847846772038,0.020562299781694923,0.34005146047338436,Exploratory (nominal P < 0.05 only),27,27,Corosin,2,name shared with other features,Organic compounds,Lipids and lipid-like molecules,Prenol lipids,Triterpenoids,Triterpenoids,,,,,L3,123.4,NA,NA
RP_13.886_267.10144,RP,13.886,267.10144,Temp_avg_top,0.7253865522208807,0.3300396265617662,0.07850888415981894,1.3722642202819424,0.037845827930318585,0.3805279633864707,Exploratory (nominal P < 0.05 only),27,27,NA,NA,unnamed feature,NA,NA,NA,NA,NA,NA,NA,NA,NA,L4,111.8,NA,NA
RP_19.521_401.23202,RP,19.521,401.23202,Temp_avg_top,0.7347612669794024,0.3422047596525371,0.06403993806042962,1.4054825958983752,0.042094603505128524,0.38425797911550424,Exploratory (nominal P < 0.05 only),27,27,NA,NA,unnamed feature,NA,NA,NA,NA,NA,NA,NA,NA,NA,L4,301,NA,NA
RP_15.228_299.09127,RP,15.228,299.09127,Temp_avg_top,0.7352134364779235,0.31123962291278867,0.12518377556885774,1.345243097386989,0.026616649215597008,0.35785245174915226,Exploratory (nominal P < 0.05 only),27,27,"7-Hydroxy-5,6-Dimethoxyflavone",1,name unique to this feature,Organic compounds,Phenylpropanoids and polyketides,Flavonoids,O-methylated flavonoids,6-O-methylated flavonoids,,,,,L3,108.8,NA,Multi-ring
RP_6.458_184.1331,RP,6.458,184.1331,Temp_avg_top,0.7369117748358006,0.2709856365437164,0.2057799272101165,1.2680436224614846,0.02057955305375023,0.34005146047338436,Exploratory (nominal P < 0.05 only),27,27,Methyprylon,2,name shared with other features,Organic compounds,Organoheterocyclic compounds,Piperidines,Piperidinones,Piperidinediones,,,,,L3,240.7,NA,NA
RP_11.882_233.04433,RP,11.882,233.04433,Temp_avg_top,0.7396057577144259,0.24935416393244889,0.2508715964068261,1.2283399190220257,0.006725535411370063,0.26272281342324266,Exploratory (nominal P < 0.05 only),27,27,NA,NA,unnamed feature,NA,NA,NA,NA,NA,NA,NA,NA,NA,NA,117.4,NA,NA
RP_12.28_217.04942,RP,12.28,217.04942,Temp_avg_top,0.7422631102092256,0.3397476125116008,0.0763577896864881,1.4081684307319633,0.03890637491375267,0.3808598866918036,Exploratory (nominal P < 0.05 only),27,27,NP-002016,1,name unique to this feature,NA,NA,NA,NA,NA,NA,NA,NA,NA,L2,118.2,NA,NA
RP_13.077_333.09681,RP,13.077,333.09681,Temp_avg_top,0.7525624370069899,0.2759886033320505,0.2116247744761709,1.293500099537809,0.011760371128572138,0.30188531030500015,Exploratory (nominal P < 0.05 only),27,27,NA,NA,unnamed feature,NA,NA,NA,NA,NA,NA,NA,NA,NA,NA,124.9,NA,NA
RP_13.513_301.10691,RP,13.513,301.10691,Temp_avg_top,0.7623784896000895,0.294163706818841,0.18581762423516113,1.3389393549650177,0.016002356541821302,0.3233631855252037,Exploratory (nominal P < 0.05 only),27,27,NA,NA,unnamed feature,NA,NA,NA,NA,NA,NA,NA,NA,NA,NA,171.5,NA,NA
RP_14.495_259.11882,RP,14.495,259.11882,Temp_avg_top,0.7790667402912999,0.3599608145579979,0.07354354375762395,1.4845899368249758,0.04061091649628073,0.3808598866918036,Exploratory (nominal P < 0.05 only),27,27,NA,NA,unnamed feature,NA,NA,NA,NA,NA,NA,NA,NA,NA,NA,214.7,NA,NA
RP_11.423_227.02204,RP,11.423,227.02204,Temp_avg_top,0.7844331124910795,0.18149344683670415,0.42870595669113937,1.1401602682910197,0.0012854168786114503,0.15273771634388064,Exploratory (nominal P < 0.05 only),27,27,NA,NA,unnamed feature,NA,NA,NA,NA,NA,NA,NA,NA,NA,L4,76.9,NA,NA
RP_17.756_359.2579,RP,17.756,359.2579,Temp_avg_top,0.7881789836882789,0.2686523176187826,0.261620441155465,1.3147375262210927,0.013510380922501314,0.3131958115317417,Exploratory (nominal P < 0.05 only),27,27,NA,NA,unnamed feature,NA,NA,NA,NA,NA,NA,NA,NA,NA,NA,111,NA,NA
RP_6.572_218.10216,RP,6.572,218.10216,Temp_avg_top,0.7890021116074165,0.17529571736589947,0.44542250557025354,1.1325817176445794,7.613162766747203e-4,0.13809684481411327,Exploratory (nominal P < 0.05 only),27,27,1-Isothiocyanato-8-(methylthio)octane,1,name unique to this feature,Organic compounds,Organosulfur compounds,Isothiocyanates,,Isothiocyanates,,,,,L3,60.4,NA,NA
RP_14.785_287.12766,RP,14.785,287.12766,Temp_avg_top,0.796508119486742,0.2693916657678496,0.26850045458175675,1.3245157843917275,0.006876708863543625,0.26272281342324266,Exploratory (nominal P < 0.05 only),27,27,NA,NA,unnamed feature,NA,NA,NA,NA,NA,NA,NA,NA,NA,L4,110.9,NA,NA
RP_10.852_213.09091,RP,10.852,213.09091,Temp_avg_top,0.8029713545204388,0.34533207153930146,0.12612049430340788,1.4798222147374696,0.028838948475188173,0.3617016834397227,Exploratory (nominal P < 0.05 only),27,27,NA,NA,unnamed feature,NA,NA,NA,NA,NA,NA,NA,NA,NA,L4,202,NA,NA
RP_13.536_315.08617,RP,13.536,315.08617,Temp_avg_top,0.8169452582451144,0.21911673100754203,0.38747646547033204,1.2464140510198969,0.001043594349814379,0.14293068215057736,Exploratory (nominal P < 0.05 only),27,27,NA,NA,unnamed feature,NA,NA,NA,NA,NA,NA,NA,NA,NA,L4,145.2,NA,NA
RP_8.179_162.05488,RP,8.179,162.05488,Temp_avg_top,0.81965764200611535,0.31898131209877406,0.19445427029251816,1.4448610137197124,0.016818574369757044,0.32719771955709154,Exploratory (nominal P < 0.05 only),27,27,NA,NA,unnamed feature,NA,NA,NA,NA,NA,NA,NA,NA,NA,L4,125.9,NA,NA
RP_14.013_341.13825,RP,14.013,341.13825,Temp_avg_top,0.8198077563912582,0.36199692919856424,0.1102937751620724,1.5293217376204442,0.03284378479719934,0.36926339873281705,Exploratory (nominal P < 0.05 only),27,27,NA,NA,unnamed feature,NA,NA,NA,NA,NA,NA,NA,NA,NA,L4,206.7,NA,NA
RP_10.621_229.10044,RP,10.621,229.10044,Temp_avg_top,0.8443341967608112,0.37022254717621456,0.11869800429543076,1.5699703892261918,0.03174336941027188,0.3652755967663922,Exploratory (nominal P < 0.05 only),27,27,NA,NA,unnamed feature,NA,NA,NA,NA,NA,NA,NA,NA,NA,NA,359.6,NA,NA
RP_14.436_322.02596,RP,14.436,322.02596,Temp_avg_top,0.8472838729554847,0.17917513659078035,0.49610060523755517,1.1984671406734142,8.275629735715206e-5,0.07322925886416555,Suggestive (FDR < 0.10),27,27,NA,NA,unnamed feature,NA,NA,NA,NA,NA,NA,NA,NA,NA,L4,92.3,NA,NA
RP_1.191_122.06328,RP,1.191,122.06328,Temp_avg_top,0.8796707002549307,0.41621692308926334,0.06388553099997452,1.6954558695098867,0.045144181817035715,0.3915833763770195,Exploratory (nominal P < 0.05 only),27,27,NA,NA,unnamed feature,NA,NA,NA,NA,NA,NA,NA,NA,NA,L4,262.9,NA,NA
RP_2.781_89.0419,RP,2.781,89.0419,Temp_avg_top,0.8922213942191494,0.38032847418636356,0.14677758481387682,1.637665203624422,0.038008342137316874,0.3805279633864707,Exploratory (nominal P < 0.05 only),27,27,(Z)-Methyl 1-propenyl sulfide,1,name unique to this feature,Organic compounds,Organosulfur compounds,Thioethers,Thioenol ethers,Thioenol ethers,,,,,L3,382,NA,NA
RP_10.47_289.10694,RP,10.47,289.10694,Temp_avg_top,0.9180889446113634,0.414156726663222,0.10634176035144827,1.7298361288712785,0.03636571913252027,0.37724509919752675,Exploratory (nominal P < 0.05 only),27,27,NA,NA,unnamed feature,NA,NA,NA,NA,NA,NA,NA,NA,NA,L4,122.2,NA,NA
RP_10.87_261.07563,RP,10.87,261.07563,Temp_avg_top,0.9539591359624038,0.43264093974542667,0.10598289406136752,1.80193537786344,0.03728400535682753,0.3788197611086473,Exploratory (nominal P < 0.05 only),27,27,NA,NA,unnamed feature,NA,NA,NA,NA,NA,NA,NA,NA,NA,NA,109.3,NA,NA
RP_8.33_314.12323,RP,8.33,314.12323,Temp_avg_top,0.9730321846968922,0.28260995477573125,0.41911667333645897,1.5269476960573254,0.002120700876505716,0.18942469046492796,Exploratory (nominal P < 0.05 only),27,27,NA,NA,unnamed feature,NA,NA,NA,NA,NA,NA,NA,NA,NA,L4,995.2,NA,NA
RP_19.979_625.40715,RP,19.979,625.40715,Temp_avg_top,0.9869571676949594,0.3972613052604952,0.20832500938438892,1.76558932600553,0.029144639029955708,0.3619749586380606,Exploratory (nominal P < 0.05 only),27,27,NA,NA,unnamed feature,NA,NA,NA,NA,NA,NA,NA,NA,NA,NA,98,NA,NA
RP_19.629_611.39138,RP,19.629,611.39138,Temp_avg_top,1.0451376663104488,0.4210895560487795,0.21980213645484092,1.8704731961660568,0.029656409080726004,0.3619749586380606,Exploratory (nominal P < 0.05 only),27,27,NA,NA,unnamed feature,NA,NA,NA,NA,NA,NA,NA,NA,NA,NA,112,NA,NA
RP_19.241_597.37579,RP,19.241,597.37579,Temp_avg_top,1.0912255277540541,0.46803276112661696,0.17388131594588485,2.0085697395622235,0.037898327045930484,0.3805279633864707,Exploratory (nominal P < 0.05 only),27,27,NA,NA,unnamed feature,NA,NA,NA,NA,NA,NA,NA,NA,NA,NA,143,NA,NA
RP_11.609_273.07563,RP,11.609,273.07563,Temp_avg_top,1.0981707844730357,0.36870645094751353,0.37550614061590926,1.8208354283301622,0.006531507903036527,0.26207675460934066,Exploratory (nominal P < 0.05 only),27,27,Alternariolmethylether,2,name shared with other features,NA,NA,NA,NA,NA,NA,NA,NA,NA,L2,151.6,NA,NA
RP_12.717_257.08074,RP,12.717,257.08074,Temp_avg_top,1.1158562831109953,0.35250169144678445,0.4249529678752978,1.8067595983466926,0.004174379679023005,0.2330392829506756,Exploratory (nominal P < 0.05 only),27,27,NA,NA,unnamed feature,NA,NA,NA,NA,NA,NA,NA,NA,NA,L4,105.2,NA,NA
RP_17.654_475.29123,RP,17.654,475.29123,Temp_avg_top,1.2197929262454963,0.49322031249245823,0.2530811137602782,2.186504738730714,0.020863416179061567,0.34344392787070577,Exploratory (nominal P < 0.05 only),27,27,NA,NA,unnamed feature,NA,NA,NA,NA,NA,NA,NA,NA,NA,NA,220.5,NA,NA
RP_10.706_291.08619,RP,10.706,291.08619,Temp_avg_top,1.3428790401030148,0.39973355830752355,0.5594012658202687,2.126356814385761,0.0026044129554799083,0.20114684119315504,Exploratory (nominal P < 0.05 only),27,27,NA,NA,unnamed feature,NA,NA,NA,NA,NA,NA,NA,NA,NA,L4,162.4,NA,NA
